#
# A fatal error has been detected by the Java Runtime Environment:
#
#  EXCEPTION_ACCESS_VIOLATION (0xc0000005) at pc=0x00007ff8cd3638e7, pid=11156, tid=7824
#
# JRE version: Java(TM) SE Runtime Environment (17.0.12+8) (build 17.0.12+8-LTS-286)
# Java VM: Java HotSpot(TM) 64-Bit Server VM (17.0.12+8-LTS-286, mixed mode, sharing, tiered, compressed oops, compressed class ptrs, g1 gc, windows-amd64)
# Problematic frame:
# V  [jvm.dll+0x2d38e7]
#
# No core dump will be written. Minidumps are not enabled by default on client versions of Windows
#
# If you would like to submit a bug report, please visit:
#   https://bugreport.java.com/bugreport/crash.jsp
#

---------------  S U M M A R Y ------------

Command Line: -XX:MaxMetaspaceSize=2G -XX:+HeapDumpOnOutOfMemoryError --add-opens=java.base/java.util=ALL-UNNAMED --add-opens=java.base/java.lang=ALL-UNNAMED --add-opens=java.base/java.lang.invoke=ALL-UNNAMED --add-opens=java.prefs/java.util.prefs=ALL-UNNAMED --add-opens=java.base/java.nio.charset=ALL-UNNAMED --add-opens=java.base/java.net=ALL-UNNAMED --add-opens=java.base/java.util.concurrent.atomic=ALL-UNNAMED -Xmx4G -Dfile.encoding=windows-1252 -Duser.country=US -Duser.language=en -Duser.variant org.gradle.launcher.daemon.bootstrap.GradleDaemon 7.6.3

Host: Intel(R) Core(TM) i5-7300U CPU @ 2.60GHz, 4 cores, 7G,  Windows 10 , 64 bit Build 19041 (10.0.19041.5072)
Time: Sat Dec  7 23:59:53 2024 Egypt Standard Time elapsed time: 229.701930 seconds (0d 0h 3m 49s)

---------------  T H R E A D  ---------------

Current thread (0x0000028dc7e68870):  ConcurrentGCThread "G1 Conc#0" [stack: 0x0000009ac5700000,0x0000009ac5800000] [id=7824]

Stack: [0x0000009ac5700000,0x0000009ac5800000],  sp=0x0000009ac57ffa20,  free space=1022k
Native frames: (J=compiled Java code, j=interpreted, Vv=VM code, C=native code)
V  [jvm.dll+0x2d38e7]
V  [jvm.dll+0x2d37ad]
V  [jvm.dll+0x2d18ad]
V  [jvm.dll+0x2d14f1]
V  [jvm.dll+0x2e6d34]
V  [jvm.dll+0x2e3461]
V  [jvm.dll+0x2e4e2c]
V  [jvm.dll+0x2e3da0]
V  [jvm.dll+0x2e7946]
V  [jvm.dll+0x80832b]
V  [jvm.dll+0x808376]
V  [jvm.dll+0x78abea]
V  [jvm.dll+0x678f35]
C  [ucrtbase.dll+0x21bb2]
C  [KERNEL32.DLL+0x17374]
C  [ntdll.dll+0x4cc91]


siginfo: EXCEPTION_ACCESS_VIOLATION (0xc0000005), reading address 0x00000000000000c0


Registers:
RAX=0x0000028dc7e0c780, RBX=0x0000028dc7e6abc0, RCX=0x0000028dc7e56e70, RDX=0x0000000000000000
RSP=0x0000009ac57ffa20, RBP=0x0000000000000000, RSI=0x0000028dc7e56e70, RDI=0x0000000628b3f098
R8 =0x0000000000000000, R9 =0x0000000628b3f098, R10=0x0000028dc7e56e70, R11=0x0000000000000003
R12=0x0000000000000000, R13=0xaaaaaaaaaaaaaaab, R14=0x0000028d8014b368, R15=0x0000000728c69190
RIP=0x00007ff8cd3638e7, EFLAGS=0x0000000000010202


Register to memory mapping:

RIP=0x00007ff8cd3638e7 jvm.dll
RAX=0x0000028dc7e0c780 points into unknown readable memory: 0xffffffffffffffff | ff ff ff ff ff ff ff ff
RBX=0x0000028dc7e6abc0 points into unknown readable memory: 0x00007ff8cd98a278 | 78 a2 98 cd f8 7f 00 00
RCX=0x0000028dc7e56e70 points into unknown readable memory: 0x0000028dc7e677b0 | b0 77 e6 c7 8d 02 00 00
RDX=0x0 is NULL
RSP=0x0000009ac57ffa20 points into unknown readable memory: 0x00000000000bebc2 | c2 eb 0b 00 00 00 00 00
RBP=0x0 is NULL
RSI=0x0000028dc7e56e70 points into unknown readable memory: 0x0000028dc7e677b0 | b0 77 e6 c7 8d 02 00 00
RDI=0x0000000628b3f098 is an unknown value
R8 =0x0 is NULL
R9 =0x0000000628b3f098 is an unknown value
R10=0x0000028dc7e56e70 points into unknown readable memory: 0x0000028dc7e677b0 | b0 77 e6 c7 8d 02 00 00
R11=0x0000000000000003 is an unknown value
R12=0x0 is NULL
R13=0xaaaaaaaaaaaaaaab is an unknown value
R14=0x0000028d8014b368 is pointing into metadata
R15=0x0000000728c69190 is an oop: java.util.HashMap$Node 
{0x0000000728c69190} - klass: 'java/util/HashMap$Node'
 - ---- fields (total size 4 words):
 - final 'hash' 'I' @12  1445014335 (56212b3f)
 - final 'key' 'Ljava/lang/Object;' @16  
[error occurred during error reporting (printing register info), id 0xc0000005, EXCEPTION_ACCESS_VIOLATION (0xc0000005) at pc=0x00007ff8cd41eb3e]

Top of Stack: (sp=0x0000009ac57ffa20)
0x0000009ac57ffa20:   00000000000bebc2 000000000213ac66
0x0000009ac57ffa30:   00004588c75bffc0 0000009ac57ffbb0
0x0000009ac57ffa40:   0000000628b3f098 00007ff8cd3637ad
0x0000009ac57ffa50:   0000028dc7e6abc0 0000009ac57ffbf0
0x0000009ac57ffa60:   0000028d8014b360 00007ff8cd70373c
0x0000009ac57ffa70:   0000000728c691ac 00007ff8cd3618ad
0x0000009ac57ffa80:   0000000728c691a0 00007ff8cd37817c
0x0000009ac57ffa90:   0000009ac57ffac0 0000000728c59cc0
0x0000009ac57ffaa0:   0000009ac57ffbb0 0000000000000001
0x0000009ac57ffab0:   0000000728c69190 00007ff8cd3614f1
0x0000009ac57ffac0:   0000028d8014b128 0000000000000004
0x0000009ac57ffad0:   0000009ac57ffbf0 0000000000000000
0x0000009ac57ffae0:   0000028dc7e6abc0 00007ff8cd376d34
0x0000009ac57ffaf0:   0000000728c69190 0000028dc7e56ec0
0x0000009ac57ffb00:   0000009ac57ffbb0 0000028dc7e56ec0
0x0000009ac57ffb10:   0000000728c69190 00007ff8cd373461 

Instructions: (pc=0x00007ff8cd3638e7)
0x00007ff8cd3637e7:   f9 0f 83 ca 00 00 00 80 3d 63 57 83 00 00 74 15
0x00007ff8cd3637f7:   8b 47 08 8b 0d c8 da 7c 00 48 d3 e0 48 03 05 b6
0x00007ff8cd363807:   da 7c 00 eb 04 48 8b 47 08 81 78 08 00 00 00 c0
0x00007ff8cd363817:   72 35 48 8b 83 a8 00 00 00 48 39 83 a0 00 00 00
0x00007ff8cd363827:   73 10 48 8b 83 c0 00 00 00 48 39 83 b8 00 00 00
0x00007ff8cd363837:   72 7f 48 8b cb e8 af 26 01 00 b0 01 48 8b 5c 24
0x00007ff8cd363847:   30 48 83 c4 20 5f c3 48 8b 53 30 44 8b 82 80 00
0x00007ff8cd363857:   00 00 8b 82 00 01 00 00 41 8b c8 2b c8 81 e1 ff
0x00007ff8cd363867:   ff 01 00 81 f9 fe ff 01 00 72 2c 48 8b cb e8 76
0x00007ff8cd363877:   18 01 00 48 8b 53 30 44 8b 82 80 00 00 00 8b 82
0x00007ff8cd363887:   00 01 00 00 41 8b c8 2b c8 81 e1 ff ff 01 00 81
0x00007ff8cd363897:   f9 fe ff 01 00 73 1a 48 8b 82 80 01 00 00 4a 89
0x00007ff8cd3638a7:   3c c0 41 8d 40 01 25 ff ff 01 00 89 82 80 00 00
0x00007ff8cd3638b7:   00 48 8b 5c 24 30 b0 01 48 83 c4 20 5f c3 cc cc
0x00007ff8cd3638c7:   cc cc cc cc cc cc cc cc cc 48 89 6c 24 10 48 89
0x00007ff8cd3638d7:   74 24 18 57 48 83 ec 20 49 8b f9 8b ea 48 8b f1
0x00007ff8cd3638e7:   4d 3b 88 c0 00 00 00 72 12 32 c0 48 8b 6c 24 38
0x00007ff8cd3638f7:   48 8b 74 24 40 48 83 c4 20 5f c3 48 89 5c 24 30
0x00007ff8cd363907:   48 8b d7 48 8b 99 98 00 00 00 48 8b cb 48 8b 03
0x00007ff8cd363917:   ff 10 8b 4b 18 48 8b d7 48 2b 53 08 48 8b 43 20
0x00007ff8cd363927:   48 c1 ea 03 48 d3 ea 48 8b ca 48 c1 e9 06 4c 8d
0x00007ff8cd363937:   04 c8 0f b6 ca 49 8b 00 80 e1 3f ba 01 00 00 00
0x00007ff8cd363947:   48 d3 e2 48 8b c8 48 0b ca 48 3b c8 74 12 f0 49
0x00007ff8cd363957:   0f b1 08 74 25 48 8b c8 48 0b ca 48 3b c8 75 ee
0x00007ff8cd363967:   32 db 48 8b 6c 24 38 0f b6 c3 48 8b 5c 24 30 48
0x00007ff8cd363977:   8b 74 24 40 48 83 c4 20 5f c3 80 3d d0 55 83 00
0x00007ff8cd363987:   00 b3 01 74 15 8b 57 08 8b 0d 33 d9 7c 00 48 d3
0x00007ff8cd363997:   e2 48 03 15 21 d9 7c 00 eb 04 48 8b 57 08 48 8b
0x00007ff8cd3639a7:   cf e8 03 9f ed ff 4c 63 d8 48 8b 86 08 03 00 00
0x00007ff8cd3639b7:   4c 8b 04 e8 49 8b 40 18 8b 88 c0 01 00 00 48 8b
0x00007ff8cd3639c7:   90 b8 01 00 00 48 d3 e2 8b 0d 9b 5e 83 00 48 2b
0x00007ff8cd3639d7:   fa 41 8b 50 60 48 d3 ef 44 8b d7 49 23 d2 48 c1 


Stack slot to memory mapping:
stack at sp + 0 slots: 0x00000000000bebc2 is an unknown value
stack at sp + 1 slots: 0x000000000213ac66 is an unknown value
stack at sp + 2 slots: 0x00004588c75bffc0 is an unknown value
stack at sp + 3 slots: 0x0000009ac57ffbb0 points into unknown readable memory: 0x0000028dc7e56e70 | 70 6e e5 c7 8d 02 00 00
stack at sp + 4 slots: 0x0000000628b3f098 is an unknown value
stack at sp + 5 slots: 0x00007ff8cd3637ad jvm.dll
stack at sp + 6 slots: 0x0000028dc7e6abc0 points into unknown readable memory: 0x00007ff8cd98a278 | 78 a2 98 cd f8 7f 00 00
stack at sp + 7 slots: 0x0000009ac57ffbf0 points into unknown readable memory: 0x00007ff8cd98a298 | 98 a2 98 cd f8 7f 00 00


---------------  P R O C E S S  ---------------

Threads class SMR info:
_java_thread_list=0x0000028dfb0ab620, length=107, elements={
0x0000028dc7dea6d0, 0x0000028dea358710, 0x0000028dea3594a0, 0x0000028dea369fa0,
0x0000028dea36d990, 0x0000028dea36e260, 0x0000028dea36fb40, 0x0000028dea372800,
0x0000028dea3731c0, 0x0000028dea376c20, 0x0000028dea5bdcd0, 0x0000028dea5c5220,
0x0000028df0e22bd0, 0x0000028df0e1f670, 0x0000028defa21cb0, 0x0000028defb9a0e0,
0x0000028df050af90, 0x0000028df050a060, 0x0000028df050c8e0, 0x0000028df050b9b0,
0x0000028df050a570, 0x0000028df050cdf0, 0x0000028df050b4a0, 0x0000028df050bec0,
0x0000028df050c3d0, 0x0000028df0509b50, 0x0000028df050aa80, 0x0000028df0cc1160,
0x0000028df0cbf810, 0x0000028df0cbfd20, 0x0000028df0cc0230, 0x0000028df0cc2ab0,
0x0000028df0cbe8e0, 0x0000028df0cc34d0, 0x0000028df0cc1b80, 0x0000028df0cc0c50,
0x0000028df0cbdec0, 0x0000028df0cc2090, 0x0000028df0cbd9b0, 0x0000028df0cc1670,
0x0000028df0cbedf0, 0x0000028df0cbc060, 0x0000028df0cc25a0, 0x0000028df0cc2fc0,
0x0000028df0cc39e0, 0x0000028df0cbca80, 0x0000028df0cbcf90, 0x0000028df0cbd4a0,
0x0000028df0cbf300, 0x0000028df0f94f30, 0x0000028df0f94510, 0x0000028df0f97cc0,
0x0000028df0f977b0, 0x0000028df0f96880, 0x0000028df0f981d0, 0x0000028df0f94000,
0x0000028df0f96370, 0x0000028df0f94a20, 0x0000028df0f986e0, 0x0000028df0f91c90,
0x0000028df0f91270, 0x0000028df0f95950, 0x0000028df0f96d90, 0x0000028df0f95440,
0x0000028df0f91780, 0x0000028df0f93af0, 0x0000028df0f921a0, 0x0000028df0f95e60,
0x0000028df0f972a0, 0x0000028df0f926b0, 0x0000028df0f92bc0, 0x0000028df0f930d0,
0x0000028df0f935e0, 0x0000028df0704ed0, 0x0000028df0709ac0, 0x0000028df070a4e0,
0x0000028df0708170, 0x0000028df0708680, 0x0000028df07090a0, 0x0000028df07049c0,
0x0000028df07053e0, 0x0000028df0707750, 0x0000028df070c340, 0x0000028df0707c60,
0x0000028df0708b90, 0x0000028df07058f0, 0x0000028df0709fd0, 0x0000028df070a9f0,
0x0000028df301ad90, 0x0000028df5ef2e30, 0x0000028df6e2a180, 0x0000028df6e2aba0,
0x0000028dfc71b640, 0x0000028dfc71a710, 0x0000028df3019440, 0x0000028dfc71ac20,
0x0000028dfc71a200, 0x0000028dfc71b130, 0x0000028df2582490, 0x0000028df25829a0,
0x0000028df2581a70, 0x0000028dfc2ad4b0, 0x0000028df301ef60, 0x0000028df301d610,
0x0000028df62ad930, 0x0000028dfbc0e530, 0x0000028dfebe2f80
}

Java Threads: ( => current thread )
  0x0000028dc7dea6d0 JavaThread "main" [_thread_blocked, id=11580, stack(0x0000009ac5400000,0x0000009ac5500000)]
  0x0000028dea358710 JavaThread "Reference Handler" daemon [_thread_blocked, id=10340, stack(0x0000009ac5b00000,0x0000009ac5c00000)]
  0x0000028dea3594a0 JavaThread "Finalizer" daemon [_thread_blocked, id=4756, stack(0x0000009ac5c00000,0x0000009ac5d00000)]
  0x0000028dea369fa0 JavaThread "Signal Dispatcher" daemon [_thread_blocked, id=11112, stack(0x0000009ac5d00000,0x0000009ac5e00000)]
  0x0000028dea36d990 JavaThread "Attach Listener" daemon [_thread_blocked, id=8524, stack(0x0000009ac5e00000,0x0000009ac5f00000)]
  0x0000028dea36e260 JavaThread "Service Thread" daemon [_thread_blocked, id=9024, stack(0x0000009ac5f00000,0x0000009ac6000000)]
  0x0000028dea36fb40 JavaThread "Monitor Deflation Thread" daemon [_thread_blocked, id=212, stack(0x0000009ac6000000,0x0000009ac6100000)]
  0x0000028dea372800 JavaThread "C2 CompilerThread0" daemon [_thread_blocked, id=736, stack(0x0000009ac6100000,0x0000009ac6200000)]
  0x0000028dea3731c0 JavaThread "C1 CompilerThread0" daemon [_thread_blocked, id=12076, stack(0x0000009ac6200000,0x0000009ac6300000)]
  0x0000028dea376c20 JavaThread "Sweeper thread" daemon [_thread_blocked, id=4912, stack(0x0000009ac6300000,0x0000009ac6400000)]
  0x0000028dea5bdcd0 JavaThread "Common-Cleaner" daemon [_thread_blocked, id=7604, stack(0x0000009ac6400000,0x0000009ac6500000)]
  0x0000028dea5c5220 JavaThread "Notification Thread" daemon [_thread_blocked, id=1700, stack(0x0000009ac6500000,0x0000009ac6600000)]
  0x0000028df0e22bd0 JavaThread "Daemon health stats" [_thread_blocked, id=1656, stack(0x0000009ac6b00000,0x0000009ac6c00000)]
  0x0000028df0e1f670 JavaThread "Incoming local TCP Connector on port 61714" [_thread_in_native, id=2560, stack(0x0000009ac6c00000,0x0000009ac6d00000)]
  0x0000028defa21cb0 JavaThread "Daemon periodic checks" [_thread_blocked, id=11904, stack(0x0000009ac6d00000,0x0000009ac6e00000)]
  0x0000028defb9a0e0 JavaThread "Daemon" [_thread_blocked, id=6632, stack(0x0000009ac6700000,0x0000009ac6800000)]
  0x0000028df050af90 JavaThread "Handler for socket connection from /127.0.0.1:61714 to /127.0.0.1:61715" [_thread_in_native, id=9328, stack(0x0000009ac6e00000,0x0000009ac6f00000)]
  0x0000028df050a060 JavaThread "Cancel handler" [_thread_blocked, id=6332, stack(0x0000009ac6f00000,0x0000009ac7000000)]
  0x0000028df050c8e0 JavaThread "Daemon worker" [_thread_blocked, id=6492, stack(0x0000009ac7000000,0x0000009ac7100000)]
  0x0000028df050b9b0 JavaThread "Asynchronous log dispatcher for DefaultDaemonConnection: socket connection from /127.0.0.1:61714 to /127.0.0.1:61715" [_thread_blocked, id=3024, stack(0x0000009ac7100000,0x0000009ac7200000)]
  0x0000028df050a570 JavaThread "Stdin handler" [_thread_blocked, id=8808, stack(0x0000009ac7200000,0x0000009ac7300000)]
  0x0000028df050cdf0 JavaThread "Daemon client event forwarder" [_thread_blocked, id=1924, stack(0x0000009ac7300000,0x0000009ac7400000)]
  0x0000028df050b4a0 JavaThread "Cache worker for journal cache (C:\Users\Al-Mahdi\.gradle\caches\journal-1)" [_thread_blocked, id=3528, stack(0x0000009ac7400000,0x0000009ac7500000)]
  0x0000028df050bec0 JavaThread "File lock request listener" [_thread_in_native, id=10180, stack(0x0000009ac7500000,0x0000009ac7600000)]
  0x0000028df050c3d0 JavaThread "Cache worker for file hash cache (C:\Users\Al-Mahdi\.gradle\caches\7.6.3\fileHashes)" [_thread_blocked, id=10288, stack(0x0000009ac7600000,0x0000009ac7700000)]
  0x0000028df0509b50 JavaThread "File watcher server" daemon [_thread_in_native, id=5108, stack(0x0000009ac7800000,0x0000009ac7900000)]
  0x0000028df050aa80 JavaThread "File watcher consumer" daemon [_thread_blocked, id=2064, stack(0x0000009ac7900000,0x0000009ac7a00000)]
  0x0000028df0cc1160 JavaThread "Cache worker for checksums cache (E:\anas\rct_app\android\.gradle\7.6.3\checksums)" [_thread_blocked, id=11300, stack(0x0000009ac7a00000,0x0000009ac7b00000)]
  0x0000028df0cbf810 JavaThread "Cache worker for cache directory md-rule (C:\Users\Al-Mahdi\.gradle\caches\7.6.3\md-rule)" [_thread_blocked, id=5560, stack(0x0000009ac7b00000,0x0000009ac7c00000)]
  0x0000028df0cbfd20 JavaThread "Cache worker for file content cache (C:\Users\Al-Mahdi\.gradle\caches\7.6.3\fileContent)" [_thread_blocked, id=3212, stack(0x0000009ac7c00000,0x0000009ac7d00000)]
  0x0000028df0cc0230 JavaThread "Cache worker for file hash cache (E:\anas\rct_app\android\.gradle\7.6.3\fileHashes)" [_thread_blocked, id=4860, stack(0x0000009ac7d00000,0x0000009ac7e00000)]
  0x0000028df0cc2ab0 JavaThread "Cache worker for cache directory md-supplier (C:\Users\Al-Mahdi\.gradle\caches\7.6.3\md-supplier)" [_thread_blocked, id=3300, stack(0x0000009ac7e00000,0x0000009ac7f00000)]
  0x0000028df0cbe8e0 JavaThread "Cache worker for execution history cache (C:\Users\Al-Mahdi\.gradle\caches\7.6.3\executionHistory)" [_thread_blocked, id=4704, stack(0x0000009ac7f00000,0x0000009ac8000000)]
  0x0000028df0cc34d0 JavaThread "jar transforms" [_thread_blocked, id=9520, stack(0x0000009ac8100000,0x0000009ac8200000)]
  0x0000028df0cc1b80 JavaThread "Cache worker for kotlin-dsl (C:\Users\Al-Mahdi\.gradle\caches\7.6.3\kotlin-dsl)" [_thread_blocked, id=10112, stack(0x0000009ac8200000,0x0000009ac8300000)]
  0x0000028df0cc0c50 JavaThread "jar transforms Thread 2" [_thread_blocked, id=11900, stack(0x0000009ac8300000,0x0000009ac8400000)]
  0x0000028df0cbdec0 JavaThread "Cache worker for dependencies-accessors (E:\anas\rct_app\android\.gradle\7.6.3\dependencies-accessors)" [_thread_blocked, id=3028, stack(0x0000009ac8400000,0x0000009ac8500000)]
  0x0000028df0cc2090 JavaThread "Cache worker for Build Output Cleanup Cache (C:\src\flutter\packages\flutter_tools\gradle\.gradle\buildOutputCleanup)" [_thread_blocked, id=372, stack(0x0000009ac8500000,0x0000009ac8600000)]
  0x0000028df0cbd9b0 JavaThread "jar transforms Thread 3" [_thread_blocked, id=2148, stack(0x0000009ac8600000,0x0000009ac8700000)]
  0x0000028df0cc1670 JavaThread "Memory manager" [_thread_blocked, id=8352, stack(0x0000009ac8700000,0x0000009ac8800000)]
  0x0000028df0cbedf0 JavaThread "jar transforms Thread 4" [_thread_blocked, id=5324, stack(0x0000009ac8800000,0x0000009ac8900000)]
  0x0000028df0cbc060 JavaThread "included builds" [_thread_in_vm, id=10384, stack(0x0000009ac8900000,0x0000009ac8a00000)]
  0x0000028df0cc25a0 JavaThread "Execution worker" [_thread_blocked, id=8788, stack(0x0000009ac8a00000,0x0000009ac8b00000)]
  0x0000028df0cc2fc0 JavaThread "Execution worker Thread 2" [_thread_blocked, id=11684, stack(0x0000009ac8b00000,0x0000009ac8c00000)]
  0x0000028df0cc39e0 JavaThread "Execution worker Thread 3" [_thread_in_Java, id=1036, stack(0x0000009ac8c00000,0x0000009ac8d00000)]
  0x0000028df0cbca80 JavaThread "Cache worker for execution history cache (C:\src\flutter\packages\flutter_tools\gradle\.gradle\7.6.3\executionHistory)" [_thread_blocked, id=3304, stack(0x0000009ac8d00000,0x0000009ac8e00000)]
  0x0000028df0cbcf90 JavaThread "Unconstrained build operations" [_thread_blocked, id=3288, stack(0x0000009ac8e00000,0x0000009ac8f00000)]
  0x0000028df0cbd4a0 JavaThread "Unconstrained build operations Thread 2" [_thread_blocked, id=3320, stack(0x0000009ac8f00000,0x0000009ac9000000)]
  0x0000028df0cbf300 JavaThread "Unconstrained build operations Thread 3" [_thread_blocked, id=10324, stack(0x0000009ac9000000,0x0000009ac9100000)]
  0x0000028df0f94f30 JavaThread "Unconstrained build operations Thread 4" [_thread_blocked, id=2372, stack(0x0000009ac9100000,0x0000009ac9200000)]
  0x0000028df0f94510 JavaThread "Unconstrained build operations Thread 5" [_thread_blocked, id=10760, stack(0x0000009ac9200000,0x0000009ac9300000)]
  0x0000028df0f97cc0 JavaThread "Unconstrained build operations Thread 6" [_thread_blocked, id=11960, stack(0x0000009ac9300000,0x0000009ac9400000)]
  0x0000028df0f977b0 JavaThread "Unconstrained build operations Thread 7" [_thread_blocked, id=1836, stack(0x0000009ac9400000,0x0000009ac9500000)]
  0x0000028df0f96880 JavaThread "Unconstrained build operations Thread 8" [_thread_blocked, id=11832, stack(0x0000009ac9500000,0x0000009ac9600000)]
  0x0000028df0f981d0 JavaThread "Unconstrained build operations Thread 9" [_thread_blocked, id=6056, stack(0x0000009ac9600000,0x0000009ac9700000)]
  0x0000028df0f94000 JavaThread "Unconstrained build operations Thread 10" [_thread_blocked, id=7132, stack(0x0000009ac9700000,0x0000009ac9800000)]
  0x0000028df0f96370 JavaThread "Unconstrained build operations Thread 11" [_thread_blocked, id=5848, stack(0x0000009ac9800000,0x0000009ac9900000)]
  0x0000028df0f94a20 JavaThread "Unconstrained build operations Thread 12" [_thread_blocked, id=11784, stack(0x0000009ac9900000,0x0000009ac9a00000)]
  0x0000028df0f986e0 JavaThread "Unconstrained build operations Thread 13" [_thread_blocked, id=5912, stack(0x0000009ac9a00000,0x0000009ac9b00000)]
  0x0000028df0f91c90 JavaThread "Unconstrained build operations Thread 14" [_thread_blocked, id=7208, stack(0x0000009ac9b00000,0x0000009ac9c00000)]
  0x0000028df0f91270 JavaThread "Unconstrained build operations Thread 15" [_thread_blocked, id=9656, stack(0x0000009ac9c00000,0x0000009ac9d00000)]
  0x0000028df0f95950 JavaThread "Unconstrained build operations Thread 16" [_thread_blocked, id=11852, stack(0x0000009ac9d00000,0x0000009ac9e00000)]
  0x0000028df0f96d90 JavaThread "Unconstrained build operations Thread 17" [_thread_blocked, id=12068, stack(0x0000009ac9e00000,0x0000009ac9f00000)]
  0x0000028df0f95440 JavaThread "Unconstrained build operations Thread 18" [_thread_blocked, id=6792, stack(0x0000009ac9f00000,0x0000009aca000000)]
  0x0000028df0f91780 JavaThread "Unconstrained build operations Thread 19" [_thread_blocked, id=8000, stack(0x0000009aca000000,0x0000009aca100000)]
  0x0000028df0f93af0 JavaThread "Unconstrained build operations Thread 20" [_thread_blocked, id=8428, stack(0x0000009aca100000,0x0000009aca200000)]
  0x0000028df0f921a0 JavaThread "Unconstrained build operations Thread 21" [_thread_blocked, id=11296, stack(0x0000009aca200000,0x0000009aca300000)]
  0x0000028df0f95e60 JavaThread "Unconstrained build operations Thread 22" [_thread_blocked, id=7376, stack(0x0000009aca300000,0x0000009aca400000)]
  0x0000028df0f972a0 JavaThread "Unconstrained build operations Thread 23" [_thread_blocked, id=828, stack(0x0000009aca400000,0x0000009aca500000)]
  0x0000028df0f926b0 JavaThread "Unconstrained build operations Thread 24" [_thread_blocked, id=4332, stack(0x0000009aca500000,0x0000009aca600000)]
  0x0000028df0f92bc0 JavaThread "Unconstrained build operations Thread 25" [_thread_blocked, id=11708, stack(0x0000009aca600000,0x0000009aca700000)]
  0x0000028df0f930d0 JavaThread "Unconstrained build operations Thread 26" [_thread_blocked, id=1040, stack(0x0000009aca700000,0x0000009aca800000)]
  0x0000028df0f935e0 JavaThread "Unconstrained build operations Thread 27" [_thread_blocked, id=9908, stack(0x0000009aca800000,0x0000009aca900000)]
  0x0000028df0704ed0 JavaThread "Unconstrained build operations Thread 28" [_thread_blocked, id=11680, stack(0x0000009aca900000,0x0000009acaa00000)]
  0x0000028df0709ac0 JavaThread "Unconstrained build operations Thread 29" [_thread_blocked, id=3044, stack(0x0000009acaa00000,0x0000009acab00000)]
  0x0000028df070a4e0 JavaThread "Unconstrained build operations Thread 30" [_thread_blocked, id=11692, stack(0x0000009acab00000,0x0000009acac00000)]
  0x0000028df0708170 JavaThread "Unconstrained build operations Thread 31" [_thread_blocked, id=2260, stack(0x0000009acac00000,0x0000009acad00000)]
  0x0000028df0708680 JavaThread "Unconstrained build operations Thread 32" [_thread_blocked, id=12164, stack(0x0000009acad00000,0x0000009acae00000)]
  0x0000028df07090a0 JavaThread "Unconstrained build operations Thread 33" [_thread_blocked, id=4640, stack(0x0000009acae00000,0x0000009acaf00000)]
  0x0000028df07049c0 JavaThread "Unconstrained build operations Thread 34" [_thread_blocked, id=1288, stack(0x0000009acaf00000,0x0000009acb000000)]
  0x0000028df07053e0 JavaThread "Unconstrained build operations Thread 35" [_thread_blocked, id=3972, stack(0x0000009acb000000,0x0000009acb100000)]
  0x0000028df0707750 JavaThread "Unconstrained build operations Thread 36" [_thread_blocked, id=1940, stack(0x0000009acb100000,0x0000009acb200000)]
  0x0000028df070c340 JavaThread "Unconstrained build operations Thread 37" [_thread_blocked, id=1448, stack(0x0000009acb200000,0x0000009acb300000)]
  0x0000028df0707c60 JavaThread "Unconstrained build operations Thread 38" [_thread_blocked, id=8472, stack(0x0000009acb300000,0x0000009acb400000)]
  0x0000028df0708b90 JavaThread "Unconstrained build operations Thread 39" [_thread_blocked, id=396, stack(0x0000009acb400000,0x0000009acb500000)]
  0x0000028df07058f0 JavaThread "Unconstrained build operations Thread 40" [_thread_blocked, id=8568, stack(0x0000009acb500000,0x0000009acb600000)]
  0x0000028df0709fd0 JavaThread "Cache worker for Build Output Cleanup Cache (E:\anas\rct_app\android\.gradle\buildOutputCleanup)" [_thread_blocked, id=3916, stack(0x0000009acb600000,0x0000009acb700000)]
  0x0000028df070a9f0 JavaThread "build event listener" [_thread_blocked, id=8280, stack(0x0000009acb700000,0x0000009acb800000)]
  0x0000028df301ad90 JavaThread "Cache worker for execution history cache (E:\anas\rct_app\android\.gradle\7.6.3\executionHistory)" [_thread_blocked, id=6104, stack(0x0000009acbb00000,0x0000009acbc00000)]
  0x0000028df5ef2e30 JavaThread "WorkerExecutor Queue" [_thread_blocked, id=11796, stack(0x0000009ac5200000,0x0000009ac5300000)]
  0x0000028df6e2a180 JavaThread "WorkerExecutor Queue Thread 4" [_thread_blocked, id=12208, stack(0x0000009acbf00000,0x0000009acc000000)]
  0x0000028df6e2aba0 JavaThread "WorkerExecutor Queue Thread 5" [_thread_blocked, id=10084, stack(0x0000009acc000000,0x0000009acc100000)]
  0x0000028dfc71b640 JavaThread "WorkerExecutor Queue Thread 6" [_thread_blocked, id=12116, stack(0x0000009acc200000,0x0000009acc300000)]
  0x0000028dfc71a710 JavaThread "Cache worker for Java compile cache (C:\Users\Al-Mahdi\.gradle\caches\7.6.3\javaCompile)" [_thread_blocked, id=12244, stack(0x0000009acc300000,0x0000009acc400000)]
  0x0000028df3019440 JavaThread "Build operations" [_thread_blocked, id=9180, stack(0x0000009ac7700000,0x0000009ac7800000)]
  0x0000028dfc71ac20 JavaThread "Build operations Thread 2" [_thread_blocked, id=11712, stack(0x0000009acc400000,0x0000009acc500000)]
  0x0000028dfc71a200 JavaThread "Build operations Thread 3" [_thread_blocked, id=11924, stack(0x0000009acc500000,0x0000009acc600000)]
  0x0000028dfc71b130 JavaThread "Build operations Thread 4" [_thread_blocked, id=7328, stack(0x0000009acc600000,0x0000009acc700000)]
  0x0000028df2582490 JavaThread "pool-3-thread-1" [_thread_blocked, id=4396, stack(0x0000009acc700000,0x0000009acc800000)]
  0x0000028df25829a0 JavaThread "stderr" [_thread_in_native, id=9104, stack(0x0000009acc800000,0x0000009acc900000)]
  0x0000028df2581a70 JavaThread "stdout" [_thread_in_native, id=7912, stack(0x0000009acc900000,0x0000009acca00000)]
  0x0000028dfc2ad4b0 JavaThread "ForkJoinPool-1-worker-1" daemon [_thread_blocked, id=2236, stack(0x0000009ac5300000,0x0000009ac5400000)]
  0x0000028df301ef60 JavaThread "ForkJoinPool-1-worker-2" daemon [_thread_in_Java, id=10720, stack(0x0000009acba00000,0x0000009acbb00000)]
  0x0000028df301d610 JavaThread "ForkJoinPool-1-worker-3" daemon [_thread_in_native_trans, id=9052, stack(0x0000009acbc00000,0x0000009acbd00000)]
  0x0000028df62ad930 JavaThread "C2 CompilerThread1" daemon [_thread_blocked, id=2656, stack(0x0000009ac5100000,0x0000009ac5200000)]
  0x0000028dfbc0e530 JavaThread "ForkJoinPool-1-worker-4" daemon [_thread_blocked, id=11312, stack(0x0000009acbd00000,0x0000009acbe00000)]
  0x0000028dfebe2f80 JavaThread "Thread-109" [_thread_in_native, id=6532, stack(0x0000009acb900000,0x0000009acba00000)]

Other Threads:
  0x0000028dea3527f0 VMThread "VM Thread" [stack: 0x0000009ac5a00000,0x0000009ac5b00000] [id=5340]
  0x0000028dc7e70a90 WatcherThread [stack: 0x0000009ac6600000,0x0000009ac6700000] [id=3392]
  0x0000028dc7e56950 GCTaskThread "GC Thread#0" [stack: 0x0000009ac5500000,0x0000009ac5600000] [id=6448]
  0x0000028def482550 GCTaskThread "GC Thread#1" [stack: 0x0000009ac6800000,0x0000009ac6900000] [id=3960]
  0x0000028def482810 GCTaskThread "GC Thread#2" [stack: 0x0000009ac6900000,0x0000009ac6a00000] [id=5068]
  0x0000028def8c7290 GCTaskThread "GC Thread#3" [stack: 0x0000009ac6a00000,0x0000009ac6b00000] [id=11540]
  0x0000028dc7e677b0 ConcurrentGCThread "G1 Main Marker" [stack: 0x0000009ac5600000,0x0000009ac5700000] [id=9204]
=>0x0000028dc7e68870 ConcurrentGCThread "G1 Conc#0" [stack: 0x0000009ac5700000,0x0000009ac5800000] [id=7824]
  0x0000028dc7ea9290 ConcurrentGCThread "G1 Refine#0" [stack: 0x0000009ac5800000,0x0000009ac5900000] [id=3864]
  0x0000028df1ee8d00 ConcurrentGCThread "G1 Refine#1" [stack: 0x0000009ac8000000,0x0000009ac8100000] [id=4836]
  0x0000028dea673cd0 ConcurrentGCThread "G1 Refine#2" [stack: 0x0000009acb800000,0x0000009acb900000] [id=12212]
  0x0000028df62be800 ConcurrentGCThread "G1 Refine#3" [stack: 0x0000009acc100000,0x0000009acc200000] [id=8880]
  0x0000028dc7ea9bd0 ConcurrentGCThread "G1 Service" [stack: 0x0000009ac5900000,0x0000009ac5a00000] [id=8848]

Threads with active compile tasks:
C2 CompilerThread0   229899 38920       4       org.gradle.internal.logging.sink.OutputEventTransformer::onOutput (399 bytes)
C2 CompilerThread1   229899 38806       4       com.android.tools.r8.graph.a0$a$$Lambda$2462/0x0000028d82300220::a (5 bytes)

VM state: not at safepoint (normal execution)

VM Mutex/Monitor currently owned by a thread: None

Heap address: 0x0000000700000000, size: 4096 MB, Compressed Oops mode: Zero based, Oop shift amount: 3

CDS archive(s) mapped at: [0x0000028d80000000-0x0000028d80bd0000-0x0000028d80bd0000), size 12386304, SharedBaseAddress: 0x0000028d80000000, ArchiveRelocationMode: 1.
Compressed class space mapped at: 0x0000028d81000000-0x0000028dc1000000, reserved size: 1073741824
Narrow klass base: 0x0000028d80000000, Narrow klass shift: 0, Narrow klass range: 0x100000000

GC Precious Log:
 CPUs: 4 total, 4 available
 Memory: 8050M
 Large Page Support: Disabled
 NUMA Support: Disabled
 Compressed Oops: Enabled (Zero based)
 Heap Region Size: 2M
 Heap Min Capacity: 8M
 Heap Initial Capacity: 126M
 Heap Max Capacity: 4G
 Pre-touch: Disabled
 Parallel Workers: 4
 Concurrent Workers: 1
 Concurrent Refinement Workers: 4
 Periodic GC: Disabled

Heap:
 garbage-first heap   total 966656K, used 776320K [0x0000000700000000, 0x0000000800000000)
  region size 2048K, 32 young (65536K), 6 survivors (12288K)
 Metaspace       used 146017K, committed 148160K, reserved 1179648K
  class space    used 18874K, committed 19904K, reserved 1048576K

Heap Regions: E=young(eden), S=young(survivor), O=old, HS=humongous(starts), HC=humongous(continues), CS=collection set, F=free, OA=open archive, CA=closed archive, TAMS=top-at-mark-start (previous, next)
|   0|0x0000000700000000, 0x0000000700200000, 0x0000000700200000|100%| O|  |TAMS 0x0000000700200000, 0x0000000700200000| Untracked 
|   1|0x0000000700200000, 0x0000000700400000, 0x0000000700400000|100%|HS|  |TAMS 0x0000000700400000, 0x0000000700400000| Complete 
|   2|0x0000000700400000, 0x0000000700600000, 0x0000000700600000|100%|HC|  |TAMS 0x0000000700600000, 0x0000000700600000| Complete 
|   3|0x0000000700600000, 0x0000000700800000, 0x0000000700800000|100%| O|  |TAMS 0x0000000700800000, 0x0000000700800000| Untracked 
|   4|0x0000000700800000, 0x0000000700a00000, 0x0000000700a00000|100%| O|  |TAMS 0x0000000700a00000, 0x0000000700a00000| Untracked 
|   5|0x0000000700a00000, 0x0000000700c00000, 0x0000000700c00000|100%| O|  |TAMS 0x0000000700c00000, 0x0000000700c00000| Untracked 
|   6|0x0000000700c00000, 0x0000000700e00000, 0x0000000700e00000|100%| O|  |TAMS 0x0000000700e00000, 0x0000000700e00000| Untracked 
|   7|0x0000000700e00000, 0x0000000701000000, 0x0000000701000000|100%| O|  |TAMS 0x0000000701000000, 0x0000000701000000| Untracked 
|   8|0x0000000701000000, 0x0000000701200000, 0x0000000701200000|100%| O|  |TAMS 0x0000000701200000, 0x0000000701200000| Untracked 
|   9|0x0000000701200000, 0x0000000701400000, 0x0000000701400000|100%| O|  |TAMS 0x0000000701400000, 0x0000000701400000| Untracked 
|  10|0x0000000701400000, 0x0000000701600000, 0x0000000701600000|100%| O|  |TAMS 0x0000000701600000, 0x0000000701600000| Untracked 
|  11|0x0000000701600000, 0x0000000701800000, 0x0000000701800000|100%| O|  |TAMS 0x0000000701800000, 0x0000000701800000| Untracked 
|  12|0x0000000701800000, 0x0000000701a00000, 0x0000000701a00000|100%| O|  |TAMS 0x0000000701a00000, 0x0000000701a00000| Untracked 
|  13|0x0000000701a00000, 0x0000000701c00000, 0x0000000701c00000|100%| O|  |TAMS 0x0000000701c00000, 0x0000000701c00000| Untracked 
|  14|0x0000000701c00000, 0x0000000701e00000, 0x0000000701e00000|100%| O|  |TAMS 0x0000000701e00000, 0x0000000701e00000| Untracked 
|  15|0x0000000701e00000, 0x0000000702000000, 0x0000000702000000|100%| O|  |TAMS 0x0000000702000000, 0x0000000702000000| Untracked 
|  16|0x0000000702000000, 0x0000000702200000, 0x0000000702200000|100%| O|  |TAMS 0x0000000702200000, 0x0000000702200000| Untracked 
|  17|0x0000000702200000, 0x0000000702400000, 0x0000000702400000|100%| O|  |TAMS 0x0000000702400000, 0x0000000702400000| Untracked 
|  18|0x0000000702400000, 0x0000000702600000, 0x0000000702600000|100%| O|  |TAMS 0x0000000702600000, 0x0000000702600000| Untracked 
|  19|0x0000000702600000, 0x0000000702800000, 0x0000000702800000|100%| O|  |TAMS 0x0000000702800000, 0x0000000702800000| Untracked 
|  20|0x0000000702800000, 0x0000000702a00000, 0x0000000702a00000|100%| O|  |TAMS 0x0000000702a00000, 0x0000000702a00000| Untracked 
|  21|0x0000000702a00000, 0x0000000702c00000, 0x0000000702c00000|100%|HS|  |TAMS 0x0000000702c00000, 0x0000000702c00000| Complete 
|  22|0x0000000702c00000, 0x0000000702e00000, 0x0000000702e00000|100%|HS|  |TAMS 0x0000000702e00000, 0x0000000702e00000| Complete 
|  23|0x0000000702e00000, 0x0000000703000000, 0x0000000703000000|100%|HC|  |TAMS 0x0000000703000000, 0x0000000703000000| Complete 
|  24|0x0000000703000000, 0x0000000703200000, 0x0000000703200000|100%|HS|  |TAMS 0x0000000703200000, 0x0000000703200000| Complete 
|  25|0x0000000703200000, 0x0000000703400000, 0x0000000703400000|100%| O|  |TAMS 0x0000000703400000, 0x0000000703400000| Untracked 
|  26|0x0000000703400000, 0x0000000703600000, 0x0000000703600000|100%| O|  |TAMS 0x0000000703600000, 0x0000000703600000| Untracked 
|  27|0x0000000703600000, 0x0000000703800000, 0x0000000703800000|100%| O|  |TAMS 0x0000000703800000, 0x0000000703800000| Untracked 
|  28|0x0000000703800000, 0x0000000703a00000, 0x0000000703a00000|100%| O|  |TAMS 0x0000000703a00000, 0x0000000703a00000| Untracked 
|  29|0x0000000703a00000, 0x0000000703c00000, 0x0000000703c00000|100%| O|  |TAMS 0x0000000703c00000, 0x0000000703c00000| Untracked 
|  30|0x0000000703c00000, 0x0000000703e00000, 0x0000000703e00000|100%| O|  |TAMS 0x0000000703e00000, 0x0000000703e00000| Untracked 
|  31|0x0000000703e00000, 0x0000000704000000, 0x0000000704000000|100%| O|  |TAMS 0x0000000704000000, 0x0000000704000000| Untracked 
|  32|0x0000000704000000, 0x0000000704200000, 0x0000000704200000|100%| O|  |TAMS 0x0000000704200000, 0x0000000704200000| Untracked 
|  33|0x0000000704200000, 0x0000000704400000, 0x0000000704400000|100%| O|  |TAMS 0x0000000704400000, 0x0000000704400000| Untracked 
|  34|0x0000000704400000, 0x0000000704600000, 0x0000000704600000|100%| O|  |TAMS 0x0000000704600000, 0x0000000704600000| Untracked 
|  35|0x0000000704600000, 0x0000000704800000, 0x0000000704800000|100%| O|  |TAMS 0x0000000704800000, 0x0000000704800000| Untracked 
|  36|0x0000000704800000, 0x0000000704a00000, 0x0000000704a00000|100%| O|  |TAMS 0x0000000704a00000, 0x0000000704a00000| Untracked 
|  37|0x0000000704a00000, 0x0000000704c00000, 0x0000000704c00000|100%| O|  |TAMS 0x0000000704c00000, 0x0000000704c00000| Untracked 
|  38|0x0000000704c00000, 0x0000000704e00000, 0x0000000704e00000|100%| O|  |TAMS 0x0000000704e00000, 0x0000000704e00000| Untracked 
|  39|0x0000000704e00000, 0x0000000705000000, 0x0000000705000000|100%|HS|  |TAMS 0x0000000705000000, 0x0000000705000000| Complete 
|  40|0x0000000705000000, 0x0000000705200000, 0x0000000705200000|100%|HC|  |TAMS 0x0000000705200000, 0x0000000705200000| Complete 
|  41|0x0000000705200000, 0x0000000705400000, 0x0000000705400000|100%| O|  |TAMS 0x0000000705400000, 0x0000000705400000| Untracked 
|  42|0x0000000705400000, 0x0000000705600000, 0x0000000705600000|100%| O|  |TAMS 0x0000000705600000, 0x0000000705600000| Untracked 
|  43|0x0000000705600000, 0x0000000705800000, 0x0000000705800000|100%| O|  |TAMS 0x0000000705800000, 0x0000000705800000| Untracked 
|  44|0x0000000705800000, 0x0000000705a00000, 0x0000000705a00000|100%| O|  |TAMS 0x0000000705a00000, 0x0000000705a00000| Untracked 
|  45|0x0000000705a00000, 0x0000000705c00000, 0x0000000705c00000|100%| O|  |TAMS 0x0000000705c00000, 0x0000000705c00000| Untracked 
|  46|0x0000000705c00000, 0x0000000705e00000, 0x0000000705e00000|100%| O|  |TAMS 0x0000000705e00000, 0x0000000705e00000| Untracked 
|  47|0x0000000705e00000, 0x0000000706000000, 0x0000000706000000|100%| O|  |TAMS 0x0000000706000000, 0x0000000706000000| Untracked 
|  48|0x0000000706000000, 0x0000000706200000, 0x0000000706200000|100%| O|  |TAMS 0x0000000706200000, 0x0000000706200000| Untracked 
|  49|0x0000000706200000, 0x0000000706400000, 0x0000000706400000|100%| O|  |TAMS 0x0000000706400000, 0x0000000706400000| Untracked 
|  50|0x0000000706400000, 0x0000000706600000, 0x0000000706600000|100%| O|  |TAMS 0x0000000706600000, 0x0000000706600000| Untracked 
|  51|0x0000000706600000, 0x0000000706800000, 0x0000000706800000|100%| O|  |TAMS 0x0000000706800000, 0x0000000706800000| Untracked 
|  52|0x0000000706800000, 0x0000000706a00000, 0x0000000706a00000|100%| O|  |TAMS 0x0000000706a00000, 0x0000000706a00000| Untracked 
|  53|0x0000000706a00000, 0x0000000706c00000, 0x0000000706c00000|100%| O|  |TAMS 0x0000000706c00000, 0x0000000706c00000| Untracked 
|  54|0x0000000706c00000, 0x0000000706e00000, 0x0000000706e00000|100%| O|  |TAMS 0x0000000706e00000, 0x0000000706e00000| Untracked 
|  55|0x0000000706e00000, 0x0000000707000000, 0x0000000707000000|100%| O|  |TAMS 0x0000000707000000, 0x0000000707000000| Untracked 
|  56|0x0000000707000000, 0x0000000707200000, 0x0000000707200000|100%| O|  |TAMS 0x0000000707200000, 0x0000000707200000| Untracked 
|  57|0x0000000707200000, 0x0000000707400000, 0x0000000707400000|100%|HS|  |TAMS 0x0000000707400000, 0x0000000707400000| Complete 
|  58|0x0000000707400000, 0x0000000707600000, 0x0000000707600000|100%|HC|  |TAMS 0x0000000707600000, 0x0000000707600000| Complete 
|  59|0x0000000707600000, 0x0000000707800000, 0x0000000707800000|100%| O|  |TAMS 0x0000000707800000, 0x0000000707800000| Untracked 
|  60|0x0000000707800000, 0x0000000707a00000, 0x0000000707a00000|100%| O|  |TAMS 0x0000000707a00000, 0x0000000707a00000| Untracked 
|  61|0x0000000707a00000, 0x0000000707c00000, 0x0000000707c00000|100%| O|  |TAMS 0x0000000707c00000, 0x0000000707c00000| Untracked 
|  62|0x0000000707c00000, 0x0000000707e00000, 0x0000000707e00000|100%| O|  |TAMS 0x0000000707e00000, 0x0000000707e00000| Untracked 
|  63|0x0000000707e00000, 0x0000000708000000, 0x0000000708000000|100%| O|  |TAMS 0x0000000708000000, 0x0000000708000000| Untracked 
|  64|0x0000000708000000, 0x0000000708200000, 0x0000000708200000|100%| O|  |TAMS 0x0000000708200000, 0x0000000708200000| Untracked 
|  65|0x0000000708200000, 0x0000000708400000, 0x0000000708400000|100%| O|  |TAMS 0x0000000708400000, 0x0000000708400000| Untracked 
|  66|0x0000000708400000, 0x0000000708600000, 0x0000000708600000|100%| O|  |TAMS 0x0000000708600000, 0x0000000708600000| Untracked 
|  67|0x0000000708600000, 0x0000000708800000, 0x0000000708800000|100%| O|  |TAMS 0x0000000708800000, 0x0000000708800000| Untracked 
|  68|0x0000000708800000, 0x0000000708a00000, 0x0000000708a00000|100%| O|  |TAMS 0x0000000708a00000, 0x0000000708a00000| Untracked 
|  69|0x0000000708a00000, 0x0000000708c00000, 0x0000000708c00000|100%| O|  |TAMS 0x0000000708c00000, 0x0000000708c00000| Untracked 
|  70|0x0000000708c00000, 0x0000000708e00000, 0x0000000708e00000|100%| O|  |TAMS 0x0000000708e00000, 0x0000000708e00000| Untracked 
|  71|0x0000000708e00000, 0x0000000709000000, 0x0000000709000000|100%| O|  |TAMS 0x0000000709000000, 0x0000000709000000| Untracked 
|  72|0x0000000709000000, 0x0000000709200000, 0x0000000709200000|100%| O|  |TAMS 0x0000000709200000, 0x0000000709200000| Untracked 
|  73|0x0000000709200000, 0x0000000709400000, 0x0000000709400000|100%| O|  |TAMS 0x0000000709400000, 0x0000000709400000| Untracked 
|  74|0x0000000709400000, 0x0000000709600000, 0x0000000709600000|100%| O|  |TAMS 0x0000000709600000, 0x0000000709600000| Untracked 
|  75|0x0000000709600000, 0x0000000709800000, 0x0000000709800000|100%| O|  |TAMS 0x0000000709800000, 0x0000000709800000| Untracked 
|  76|0x0000000709800000, 0x0000000709a00000, 0x0000000709a00000|100%| O|  |TAMS 0x0000000709a00000, 0x0000000709a00000| Untracked 
|  77|0x0000000709a00000, 0x0000000709c00000, 0x0000000709c00000|100%| O|  |TAMS 0x0000000709c00000, 0x0000000709c00000| Untracked 
|  78|0x0000000709c00000, 0x0000000709e00000, 0x0000000709e00000|100%| O|  |TAMS 0x0000000709e00000, 0x0000000709e00000| Untracked 
|  79|0x0000000709e00000, 0x000000070a000000, 0x000000070a000000|100%| O|  |TAMS 0x000000070a000000, 0x000000070a000000| Untracked 
|  80|0x000000070a000000, 0x000000070a200000, 0x000000070a200000|100%| O|  |TAMS 0x000000070a200000, 0x000000070a200000| Untracked 
|  81|0x000000070a200000, 0x000000070a400000, 0x000000070a400000|100%| O|  |TAMS 0x000000070a400000, 0x000000070a400000| Untracked 
|  82|0x000000070a400000, 0x000000070a600000, 0x000000070a600000|100%| O|  |TAMS 0x000000070a600000, 0x000000070a600000| Untracked 
|  83|0x000000070a600000, 0x000000070a800000, 0x000000070a800000|100%| O|  |TAMS 0x000000070a800000, 0x000000070a800000| Untracked 
|  84|0x000000070a800000, 0x000000070aa00000, 0x000000070aa00000|100%| O|  |TAMS 0x000000070aa00000, 0x000000070aa00000| Untracked 
|  85|0x000000070aa00000, 0x000000070ac00000, 0x000000070ac00000|100%| O|  |TAMS 0x000000070ac00000, 0x000000070ac00000| Untracked 
|  86|0x000000070ac00000, 0x000000070ae00000, 0x000000070ae00000|100%| O|  |TAMS 0x000000070ae00000, 0x000000070ae00000| Untracked 
|  87|0x000000070ae00000, 0x000000070b000000, 0x000000070b000000|100%| O|  |TAMS 0x000000070b000000, 0x000000070b000000| Untracked 
|  88|0x000000070b000000, 0x000000070b200000, 0x000000070b200000|100%| O|  |TAMS 0x000000070b200000, 0x000000070b200000| Untracked 
|  89|0x000000070b200000, 0x000000070b400000, 0x000000070b400000|100%| O|  |TAMS 0x000000070b400000, 0x000000070b400000| Untracked 
|  90|0x000000070b400000, 0x000000070b600000, 0x000000070b600000|100%| O|  |TAMS 0x000000070b600000, 0x000000070b600000| Untracked 
|  91|0x000000070b600000, 0x000000070b800000, 0x000000070b800000|100%| O|  |TAMS 0x000000070b800000, 0x000000070b800000| Untracked 
|  92|0x000000070b800000, 0x000000070ba00000, 0x000000070ba00000|100%| O|  |TAMS 0x000000070ba00000, 0x000000070ba00000| Untracked 
|  93|0x000000070ba00000, 0x000000070bc00000, 0x000000070bc00000|100%|HS|  |TAMS 0x000000070ba00000, 0x000000070bc00000| Complete 
|  94|0x000000070bc00000, 0x000000070be00000, 0x000000070be00000|100%| O|  |TAMS 0x000000070be00000, 0x000000070be00000| Untracked 
|  95|0x000000070be00000, 0x000000070c000000, 0x000000070c000000|100%| O|  |TAMS 0x000000070c000000, 0x000000070c000000| Untracked 
|  96|0x000000070c000000, 0x000000070c200000, 0x000000070c200000|100%| O|  |TAMS 0x000000070c200000, 0x000000070c200000| Untracked 
|  97|0x000000070c200000, 0x000000070c400000, 0x000000070c400000|100%| O|  |TAMS 0x000000070c400000, 0x000000070c400000| Untracked 
|  98|0x000000070c400000, 0x000000070c600000, 0x000000070c600000|100%| O|  |TAMS 0x000000070c600000, 0x000000070c600000| Untracked 
|  99|0x000000070c600000, 0x000000070c800000, 0x000000070c800000|100%| O|  |TAMS 0x000000070c800000, 0x000000070c800000| Untracked 
| 100|0x000000070c800000, 0x000000070ca00000, 0x000000070ca00000|100%| O|  |TAMS 0x000000070ca00000, 0x000000070ca00000| Untracked 
| 101|0x000000070ca00000, 0x000000070cc00000, 0x000000070cc00000|100%| O|  |TAMS 0x000000070cc00000, 0x000000070cc00000| Untracked 
| 102|0x000000070cc00000, 0x000000070ce00000, 0x000000070ce00000|100%| O|  |TAMS 0x000000070ce00000, 0x000000070ce00000| Untracked 
| 103|0x000000070ce00000, 0x000000070d000000, 0x000000070d000000|100%| O|  |TAMS 0x000000070d000000, 0x000000070d000000| Untracked 
| 104|0x000000070d000000, 0x000000070d200000, 0x000000070d200000|100%|HS|  |TAMS 0x000000070d000000, 0x000000070d200000| Complete 
| 105|0x000000070d200000, 0x000000070d400000, 0x000000070d400000|100%| O|  |TAMS 0x000000070d400000, 0x000000070d400000| Untracked 
| 106|0x000000070d400000, 0x000000070d600000, 0x000000070d600000|100%| O|  |TAMS 0x000000070d600000, 0x000000070d600000| Untracked 
| 107|0x000000070d600000, 0x000000070d800000, 0x000000070d800000|100%| O|  |TAMS 0x000000070d800000, 0x000000070d800000| Untracked 
| 108|0x000000070d800000, 0x000000070da00000, 0x000000070da00000|100%| O|  |TAMS 0x000000070da00000, 0x000000070da00000| Untracked 
| 109|0x000000070da00000, 0x000000070dc00000, 0x000000070dc00000|100%| O|  |TAMS 0x000000070da00000, 0x000000070dc00000| Untracked 
| 110|0x000000070dc00000, 0x000000070de00000, 0x000000070de00000|100%|HS|  |TAMS 0x000000070dc00000, 0x000000070de00000| Complete 
| 111|0x000000070de00000, 0x000000070e000000, 0x000000070e000000|100%| O|  |TAMS 0x000000070e000000, 0x000000070e000000| Untracked 
| 112|0x000000070e000000, 0x000000070e200000, 0x000000070e200000|100%| O|  |TAMS 0x000000070e200000, 0x000000070e200000| Untracked 
| 113|0x000000070e200000, 0x000000070e400000, 0x000000070e400000|100%| O|  |TAMS 0x000000070e400000, 0x000000070e400000| Untracked 
| 114|0x000000070e400000, 0x000000070e600000, 0x000000070e600000|100%| O|  |TAMS 0x000000070e600000, 0x000000070e600000| Untracked 
| 115|0x000000070e600000, 0x000000070e800000, 0x000000070e800000|100%| O|  |TAMS 0x000000070e800000, 0x000000070e800000| Untracked 
| 116|0x000000070e800000, 0x000000070ea00000, 0x000000070ea00000|100%| O|  |TAMS 0x000000070ea00000, 0x000000070ea00000| Untracked 
| 117|0x000000070ea00000, 0x000000070ec00000, 0x000000070ec00000|100%| O|  |TAMS 0x000000070ec00000, 0x000000070ec00000| Untracked 
| 118|0x000000070ec00000, 0x000000070ee00000, 0x000000070ee00000|100%| O|  |TAMS 0x000000070ee00000, 0x000000070ee00000| Untracked 
| 119|0x000000070ee00000, 0x000000070f000000, 0x000000070f000000|100%| O|  |TAMS 0x000000070f000000, 0x000000070f000000| Untracked 
| 120|0x000000070f000000, 0x000000070f200000, 0x000000070f200000|100%| O|  |TAMS 0x000000070f200000, 0x000000070f200000| Untracked 
| 121|0x000000070f200000, 0x000000070f400000, 0x000000070f400000|100%| O|  |TAMS 0x000000070f400000, 0x000000070f400000| Untracked 
| 122|0x000000070f400000, 0x000000070f600000, 0x000000070f600000|100%| O|  |TAMS 0x000000070f600000, 0x000000070f600000| Untracked 
| 123|0x000000070f600000, 0x000000070f800000, 0x000000070f800000|100%| O|  |TAMS 0x000000070f800000, 0x000000070f800000| Untracked 
| 124|0x000000070f800000, 0x000000070fa00000, 0x000000070fa00000|100%| O|  |TAMS 0x000000070f800000, 0x000000070fa00000| Untracked 
| 125|0x000000070fa00000, 0x000000070fc00000, 0x000000070fc00000|100%| O|  |TAMS 0x000000070fc00000, 0x000000070fc00000| Untracked 
| 126|0x000000070fc00000, 0x000000070fe00000, 0x000000070fe00000|100%|HS|  |TAMS 0x000000070fc00000, 0x000000070fe00000| Complete 
| 127|0x000000070fe00000, 0x0000000710000000, 0x0000000710000000|100%|HS|  |TAMS 0x000000070fe00000, 0x0000000710000000| Complete 
| 128|0x0000000710000000, 0x0000000710200000, 0x0000000710200000|100%|HS|  |TAMS 0x0000000710000000, 0x0000000710200000| Complete 
| 129|0x0000000710200000, 0x0000000710400000, 0x0000000710400000|100%| O|  |TAMS 0x0000000710200000, 0x0000000710400000| Untracked 
| 130|0x0000000710400000, 0x0000000710600000, 0x0000000710600000|100%|HS|  |TAMS 0x0000000710400000, 0x0000000710600000| Complete 
| 131|0x0000000710600000, 0x0000000710800000, 0x0000000710800000|100%|HC|  |TAMS 0x0000000710600000, 0x0000000710800000| Complete 
| 132|0x0000000710800000, 0x0000000710a00000, 0x0000000710a00000|100%|HS|  |TAMS 0x0000000710800000, 0x0000000710a00000| Complete 
| 133|0x0000000710a00000, 0x0000000710c00000, 0x0000000710c00000|100%| O|  |TAMS 0x0000000710c00000, 0x0000000710c00000| Untracked 
| 134|0x0000000710c00000, 0x0000000710e00000, 0x0000000710e00000|100%| O|  |TAMS 0x0000000710e00000, 0x0000000710e00000| Untracked 
| 135|0x0000000710e00000, 0x0000000711000000, 0x0000000711000000|100%| O|  |TAMS 0x0000000711000000, 0x0000000711000000| Untracked 
| 136|0x0000000711000000, 0x0000000711200000, 0x0000000711200000|100%| O|  |TAMS 0x0000000711200000, 0x0000000711200000| Untracked 
| 137|0x0000000711200000, 0x0000000711400000, 0x0000000711400000|100%| O|  |TAMS 0x0000000711400000, 0x0000000711400000| Untracked 
| 138|0x0000000711400000, 0x0000000711600000, 0x0000000711600000|100%| O|  |TAMS 0x0000000711600000, 0x0000000711600000| Untracked 
| 139|0x0000000711600000, 0x0000000711800000, 0x0000000711800000|100%| O|  |TAMS 0x0000000711800000, 0x0000000711800000| Untracked 
| 140|0x0000000711800000, 0x0000000711a00000, 0x0000000711a00000|100%| O|  |TAMS 0x0000000711a00000, 0x0000000711a00000| Untracked 
| 141|0x0000000711a00000, 0x0000000711c00000, 0x0000000711c00000|100%| O|  |TAMS 0x0000000711c00000, 0x0000000711c00000| Untracked 
| 142|0x0000000711c00000, 0x0000000711e00000, 0x0000000711e00000|100%|HS|  |TAMS 0x0000000711e00000, 0x0000000711e00000| Complete 
| 143|0x0000000711e00000, 0x0000000712000000, 0x0000000712000000|100%| O|  |TAMS 0x0000000711e00000, 0x0000000712000000| Untracked 
| 144|0x0000000712000000, 0x0000000712200000, 0x0000000712200000|100%| O|  |TAMS 0x0000000712000000, 0x0000000712200000| Untracked 
| 145|0x0000000712200000, 0x0000000712400000, 0x0000000712400000|100%| O|  |TAMS 0x0000000712200000, 0x0000000712400000| Untracked 
| 146|0x0000000712400000, 0x0000000712600000, 0x0000000712600000|100%|HS|  |TAMS 0x0000000712400000, 0x0000000712600000| Complete 
| 147|0x0000000712600000, 0x0000000712800000, 0x0000000712800000|100%| O|  |TAMS 0x0000000712600000, 0x0000000712800000| Untracked 
| 148|0x0000000712800000, 0x0000000712a00000, 0x0000000712a00000|100%|HS|  |TAMS 0x0000000712800000, 0x0000000712a00000| Complete 
| 149|0x0000000712a00000, 0x0000000712c00000, 0x0000000712c00000|100%|HC|  |TAMS 0x0000000712a00000, 0x0000000712c00000| Complete 
| 150|0x0000000712c00000, 0x0000000712e00000, 0x0000000712e00000|100%|HS|  |TAMS 0x0000000712c00000, 0x0000000712e00000| Complete 
| 151|0x0000000712e00000, 0x0000000713000000, 0x0000000713000000|100%|HC|  |TAMS 0x0000000712e00000, 0x0000000713000000| Complete 
| 152|0x0000000713000000, 0x0000000713200000, 0x0000000713200000|100%| O|  |TAMS 0x0000000713000000, 0x0000000713200000| Untracked 
| 153|0x0000000713200000, 0x0000000713400000, 0x0000000713400000|100%|HS|  |TAMS 0x0000000713200000, 0x0000000713400000| Complete 
| 154|0x0000000713400000, 0x0000000713600000, 0x0000000713600000|100%| O|  |TAMS 0x0000000713400000, 0x0000000713600000| Untracked 
| 155|0x0000000713600000, 0x0000000713800000, 0x0000000713800000|100%|HS|  |TAMS 0x0000000713600000, 0x0000000713800000| Complete 
| 156|0x0000000713800000, 0x0000000713a00000, 0x0000000713a00000|100%|HS|  |TAMS 0x0000000713a00000, 0x0000000713a00000| Complete 
| 157|0x0000000713a00000, 0x0000000713c00000, 0x0000000713c00000|100%| O|  |TAMS 0x0000000713c00000, 0x0000000713c00000| Untracked 
| 158|0x0000000713c00000, 0x0000000713e00000, 0x0000000713e00000|100%| O|  |TAMS 0x0000000713e00000, 0x0000000713e00000| Untracked 
| 159|0x0000000713e00000, 0x0000000714000000, 0x0000000714000000|100%| O|  |TAMS 0x0000000714000000, 0x0000000714000000| Untracked 
| 160|0x0000000714000000, 0x0000000714200000, 0x0000000714200000|100%| O|  |TAMS 0x0000000714200000, 0x0000000714200000| Untracked 
| 161|0x0000000714200000, 0x0000000714400000, 0x0000000714400000|100%| O|  |TAMS 0x0000000714400000, 0x0000000714400000| Untracked 
| 162|0x0000000714400000, 0x0000000714600000, 0x0000000714600000|100%| O|  |TAMS 0x0000000714600000, 0x0000000714600000| Untracked 
| 163|0x0000000714600000, 0x0000000714800000, 0x0000000714800000|100%| O|  |TAMS 0x0000000714800000, 0x0000000714800000| Untracked 
| 164|0x0000000714800000, 0x0000000714a00000, 0x0000000714a00000|100%| O|  |TAMS 0x0000000714a00000, 0x0000000714a00000| Untracked 
| 165|0x0000000714a00000, 0x0000000714c00000, 0x0000000714c00000|100%| O|  |TAMS 0x0000000714c00000, 0x0000000714c00000| Untracked 
| 166|0x0000000714c00000, 0x0000000714e00000, 0x0000000714e00000|100%| O|  |TAMS 0x0000000714e00000, 0x0000000714e00000| Untracked 
| 167|0x0000000714e00000, 0x0000000715000000, 0x0000000715000000|100%| O|  |TAMS 0x0000000715000000, 0x0000000715000000| Untracked 
| 168|0x0000000715000000, 0x0000000715200000, 0x0000000715200000|100%|HS|  |TAMS 0x0000000715200000, 0x0000000715200000| Complete 
| 169|0x0000000715200000, 0x0000000715400000, 0x0000000715400000|100%| O|  |TAMS 0x0000000715400000, 0x0000000715400000| Untracked 
| 170|0x0000000715400000, 0x0000000715600000, 0x0000000715600000|100%| O|  |TAMS 0x0000000715600000, 0x0000000715600000| Untracked 
| 171|0x0000000715600000, 0x0000000715800000, 0x0000000715800000|100%| O|  |TAMS 0x0000000715800000, 0x0000000715800000| Untracked 
| 172|0x0000000715800000, 0x0000000715a00000, 0x0000000715a00000|100%| O|  |TAMS 0x0000000715a00000, 0x0000000715a00000| Untracked 
| 173|0x0000000715a00000, 0x0000000715c00000, 0x0000000715c00000|100%| O|  |TAMS 0x0000000715a00000, 0x0000000715c00000| Untracked 
| 174|0x0000000715c00000, 0x0000000715e00000, 0x0000000715e00000|100%| O|  |TAMS 0x0000000715e00000, 0x0000000715e00000| Untracked 
| 175|0x0000000715e00000, 0x0000000716000000, 0x0000000716000000|100%| O|  |TAMS 0x0000000715e00000, 0x0000000716000000| Untracked 
| 176|0x0000000716000000, 0x0000000716200000, 0x0000000716200000|100%|HS|  |TAMS 0x0000000716200000, 0x0000000716200000| Complete 
| 177|0x0000000716200000, 0x0000000716400000, 0x0000000716400000|100%| O|  |TAMS 0x0000000716400000, 0x0000000716400000| Untracked 
| 178|0x0000000716400000, 0x0000000716600000, 0x0000000716600000|100%| O|  |TAMS 0x0000000716600000, 0x0000000716600000| Untracked 
| 179|0x0000000716600000, 0x0000000716800000, 0x0000000716800000|100%| O|  |TAMS 0x0000000716800000, 0x0000000716800000| Untracked 
| 180|0x0000000716800000, 0x0000000716a00000, 0x0000000716a00000|100%|HS|  |TAMS 0x0000000716a00000, 0x0000000716a00000| Complete 
| 181|0x0000000716a00000, 0x0000000716c00000, 0x0000000716c00000|100%| O|  |TAMS 0x0000000716c00000, 0x0000000716c00000| Untracked 
| 182|0x0000000716c00000, 0x0000000716e00000, 0x0000000716e00000|100%| O|  |TAMS 0x0000000716e00000, 0x0000000716e00000| Untracked 
| 183|0x0000000716e00000, 0x0000000717000000, 0x0000000717000000|100%|HS|  |TAMS 0x0000000717000000, 0x0000000717000000| Complete 
| 184|0x0000000717000000, 0x0000000717200000, 0x0000000717200000|100%| O|  |TAMS 0x0000000717200000, 0x0000000717200000| Untracked 
| 185|0x0000000717200000, 0x0000000717400000, 0x0000000717400000|100%| O|  |TAMS 0x0000000717400000, 0x0000000717400000| Untracked 
| 186|0x0000000717400000, 0x0000000717600000, 0x0000000717600000|100%| O|  |TAMS 0x0000000717400000, 0x0000000717600000| Untracked 
| 187|0x0000000717600000, 0x0000000717800000, 0x0000000717800000|100%| O|  |TAMS 0x0000000717600000, 0x0000000717800000| Untracked 
| 188|0x0000000717800000, 0x0000000717a00000, 0x0000000717a00000|100%| O|  |TAMS 0x0000000717800000, 0x0000000717a00000| Untracked 
| 189|0x0000000717a00000, 0x0000000717c00000, 0x0000000717c00000|100%| O|  |TAMS 0x0000000717c00000, 0x0000000717c00000| Untracked 
| 190|0x0000000717c00000, 0x0000000717e00000, 0x0000000717e00000|100%|HS|  |TAMS 0x0000000717c00000, 0x0000000717e00000| Complete 
| 191|0x0000000717e00000, 0x0000000718000000, 0x0000000718000000|100%|HC|  |TAMS 0x0000000717e00000, 0x0000000718000000| Complete 
| 192|0x0000000718000000, 0x0000000718200000, 0x0000000718200000|100%|HS|  |TAMS 0x0000000718000000, 0x0000000718200000| Complete 
| 193|0x0000000718200000, 0x0000000718400000, 0x0000000718400000|100%| O|  |TAMS 0x0000000718400000, 0x0000000718400000| Untracked 
| 194|0x0000000718400000, 0x0000000718600000, 0x0000000718600000|100%| O|  |TAMS 0x0000000718400000, 0x0000000718600000| Untracked 
| 195|0x0000000718600000, 0x0000000718800000, 0x0000000718800000|100%| O|  |TAMS 0x0000000718600000, 0x0000000718800000| Untracked 
| 196|0x0000000718800000, 0x0000000718a00000, 0x0000000718a00000|100%|HS|  |TAMS 0x0000000718800000, 0x0000000718a00000| Complete 
| 197|0x0000000718a00000, 0x0000000718c00000, 0x0000000718c00000|100%| O|  |TAMS 0x0000000718c00000, 0x0000000718c00000| Untracked 
| 198|0x0000000718c00000, 0x0000000718e00000, 0x0000000718e00000|100%|HS|  |TAMS 0x0000000718c00000, 0x0000000718e00000| Complete 
| 199|0x0000000718e00000, 0x0000000719000000, 0x0000000719000000|100%|HC|  |TAMS 0x0000000718e00000, 0x0000000719000000| Complete 
| 200|0x0000000719000000, 0x0000000719200000, 0x0000000719200000|100%| O|  |TAMS 0x0000000719000000, 0x0000000719200000| Untracked 
| 201|0x0000000719200000, 0x0000000719400000, 0x0000000719400000|100%| O|  |TAMS 0x0000000719200000, 0x0000000719400000| Untracked 
| 202|0x0000000719400000, 0x0000000719600000, 0x0000000719600000|100%| O|  |TAMS 0x000000071951fa00, 0x0000000719600000| Untracked 
| 203|0x0000000719600000, 0x0000000719800000, 0x0000000719800000|100%|HS|  |TAMS 0x0000000719600000, 0x0000000719800000| Complete 
| 204|0x0000000719800000, 0x0000000719a00000, 0x0000000719a00000|100%|HC|  |TAMS 0x0000000719800000, 0x0000000719a00000| Complete 
| 205|0x0000000719a00000, 0x0000000719c00000, 0x0000000719c00000|100%| O|  |TAMS 0x0000000719a00000, 0x0000000719c00000| Untracked 
| 206|0x0000000719c00000, 0x0000000719e00000, 0x0000000719e00000|100%| O|  |TAMS 0x0000000719c00000, 0x0000000719e00000| Untracked 
| 207|0x0000000719e00000, 0x000000071a000000, 0x000000071a000000|100%| O|  |TAMS 0x0000000719e00000, 0x000000071a000000| Untracked 
| 208|0x000000071a000000, 0x000000071a200000, 0x000000071a200000|100%| O|  |TAMS 0x000000071a000000, 0x000000071a200000| Untracked 
| 209|0x000000071a200000, 0x000000071a400000, 0x000000071a400000|100%| O|  |TAMS 0x000000071a200000, 0x000000071a400000| Untracked 
| 210|0x000000071a400000, 0x000000071a600000, 0x000000071a600000|100%| O|  |TAMS 0x000000071a400000, 0x000000071a600000| Untracked 
| 211|0x000000071a600000, 0x000000071a800000, 0x000000071a800000|100%| O|  |TAMS 0x000000071a600000, 0x000000071a800000| Untracked 
| 212|0x000000071a800000, 0x000000071aa00000, 0x000000071aa00000|100%| O|  |TAMS 0x000000071a800000, 0x000000071aa00000| Untracked 
| 213|0x000000071aa00000, 0x000000071ac00000, 0x000000071ac00000|100%| O|  |TAMS 0x000000071aa00000, 0x000000071ac00000| Untracked 
| 214|0x000000071ac00000, 0x000000071ae00000, 0x000000071ae00000|100%| O|  |TAMS 0x000000071ac00000, 0x000000071ae00000| Untracked 
| 215|0x000000071ae00000, 0x000000071b000000, 0x000000071b000000|100%| O|  |TAMS 0x000000071ae00000, 0x000000071b000000| Untracked 
| 216|0x000000071b000000, 0x000000071b200000, 0x000000071b200000|100%| O|  |TAMS 0x000000071b000000, 0x000000071b200000| Untracked 
| 217|0x000000071b200000, 0x000000071b400000, 0x000000071b400000|100%| O|  |TAMS 0x000000071b200000, 0x000000071b400000| Untracked 
| 218|0x000000071b400000, 0x000000071b600000, 0x000000071b600000|100%| O|  |TAMS 0x000000071b400000, 0x000000071b600000| Untracked 
| 219|0x000000071b600000, 0x000000071b800000, 0x000000071b800000|100%| O|  |TAMS 0x000000071b600000, 0x000000071b800000| Untracked 
| 220|0x000000071b800000, 0x000000071ba00000, 0x000000071ba00000|100%| O|  |TAMS 0x000000071b800000, 0x000000071ba00000| Untracked 
| 221|0x000000071ba00000, 0x000000071bc00000, 0x000000071bc00000|100%| O|  |TAMS 0x000000071ba00000, 0x000000071bc00000| Untracked 
| 222|0x000000071bc00000, 0x000000071be00000, 0x000000071be00000|100%| O|  |TAMS 0x000000071bc00000, 0x000000071be00000| Untracked 
| 223|0x000000071be00000, 0x000000071c000000, 0x000000071c000000|100%| O|  |TAMS 0x000000071be00000, 0x000000071c000000| Untracked 
| 224|0x000000071c000000, 0x000000071c200000, 0x000000071c200000|100%| O|  |TAMS 0x000000071c000000, 0x000000071c200000| Untracked 
| 225|0x000000071c200000, 0x000000071c400000, 0x000000071c400000|100%| O|  |TAMS 0x000000071c200000, 0x000000071c400000| Untracked 
| 226|0x000000071c400000, 0x000000071c600000, 0x000000071c600000|100%| O|  |TAMS 0x000000071c400000, 0x000000071c600000| Untracked 
| 227|0x000000071c600000, 0x000000071c800000, 0x000000071c800000|100%| O|  |TAMS 0x000000071c600000, 0x000000071c800000| Untracked 
| 228|0x000000071c800000, 0x000000071ca00000, 0x000000071ca00000|100%| O|  |TAMS 0x000000071c800000, 0x000000071ca00000| Untracked 
| 229|0x000000071ca00000, 0x000000071cc00000, 0x000000071cc00000|100%| O|  |TAMS 0x000000071ca00000, 0x000000071cc00000| Untracked 
| 230|0x000000071cc00000, 0x000000071ce00000, 0x000000071ce00000|100%| O|  |TAMS 0x000000071cc00000, 0x000000071ce00000| Untracked 
| 231|0x000000071ce00000, 0x000000071d000000, 0x000000071d000000|100%| O|  |TAMS 0x000000071ce00000, 0x000000071d000000| Untracked 
| 232|0x000000071d000000, 0x000000071d200000, 0x000000071d200000|100%| O|  |TAMS 0x000000071d000000, 0x000000071d200000| Untracked 
| 233|0x000000071d200000, 0x000000071d400000, 0x000000071d400000|100%| O|  |TAMS 0x000000071d200000, 0x000000071d400000| Untracked 
| 234|0x000000071d400000, 0x000000071d600000, 0x000000071d600000|100%| O|  |TAMS 0x000000071d400000, 0x000000071d600000| Untracked 
| 235|0x000000071d600000, 0x000000071d800000, 0x000000071d800000|100%| O|  |TAMS 0x000000071d600000, 0x000000071d800000| Untracked 
| 236|0x000000071d800000, 0x000000071da00000, 0x000000071da00000|100%| O|  |TAMS 0x000000071d800000, 0x000000071da00000| Untracked 
| 237|0x000000071da00000, 0x000000071dc00000, 0x000000071dc00000|100%| O|  |TAMS 0x000000071da00000, 0x000000071dc00000| Untracked 
| 238|0x000000071dc00000, 0x000000071de00000, 0x000000071de00000|100%| O|  |TAMS 0x000000071dc00000, 0x000000071de00000| Untracked 
| 239|0x000000071de00000, 0x000000071e000000, 0x000000071e000000|100%| O|  |TAMS 0x000000071de00000, 0x000000071e000000| Untracked 
| 240|0x000000071e000000, 0x000000071e200000, 0x000000071e200000|100%| O|  |TAMS 0x000000071e000000, 0x000000071e200000| Untracked 
| 241|0x000000071e200000, 0x000000071e400000, 0x000000071e400000|100%| O|  |TAMS 0x000000071e200000, 0x000000071e400000| Untracked 
| 242|0x000000071e400000, 0x000000071e600000, 0x000000071e600000|100%| O|  |TAMS 0x000000071e400000, 0x000000071e600000| Untracked 
| 243|0x000000071e600000, 0x000000071e800000, 0x000000071e800000|100%| O|  |TAMS 0x000000071e600000, 0x000000071e800000| Untracked 
| 244|0x000000071e800000, 0x000000071ea00000, 0x000000071ea00000|100%| O|  |TAMS 0x000000071e800000, 0x000000071ea00000| Untracked 
| 245|0x000000071ea00000, 0x000000071ec00000, 0x000000071ec00000|100%| O|  |TAMS 0x000000071ea00000, 0x000000071ec00000| Untracked 
| 246|0x000000071ec00000, 0x000000071ee00000, 0x000000071ee00000|100%| O|  |TAMS 0x000000071ec00000, 0x000000071ee00000| Untracked 
| 247|0x000000071ee00000, 0x000000071f000000, 0x000000071f000000|100%| O|  |TAMS 0x000000071ee00000, 0x000000071f000000| Untracked 
| 248|0x000000071f000000, 0x000000071f200000, 0x000000071f200000|100%| O|  |TAMS 0x000000071f000000, 0x000000071f200000| Untracked 
| 249|0x000000071f200000, 0x000000071f400000, 0x000000071f400000|100%| O|  |TAMS 0x000000071f200000, 0x000000071f400000| Untracked 
| 250|0x000000071f400000, 0x000000071f600000, 0x000000071f600000|100%| O|  |TAMS 0x000000071f400000, 0x000000071f600000| Untracked 
| 251|0x000000071f600000, 0x000000071f800000, 0x000000071f800000|100%| O|  |TAMS 0x000000071f600000, 0x000000071f800000| Untracked 
| 252|0x000000071f800000, 0x000000071fa00000, 0x000000071fa00000|100%| O|  |TAMS 0x000000071f800000, 0x000000071fa00000| Untracked 
| 253|0x000000071fa00000, 0x000000071fc00000, 0x000000071fc00000|100%| O|  |TAMS 0x000000071fa00000, 0x000000071fc00000| Untracked 
| 254|0x000000071fc00000, 0x000000071fe00000, 0x000000071fe00000|100%| O|  |TAMS 0x000000071fc00000, 0x000000071fe00000| Untracked 
| 255|0x000000071fe00000, 0x0000000720000000, 0x0000000720000000|100%| O|  |TAMS 0x000000071fe00000, 0x0000000720000000| Untracked 
| 256|0x0000000720000000, 0x0000000720200000, 0x0000000720200000|100%| O|  |TAMS 0x0000000720000000, 0x0000000720200000| Untracked 
| 257|0x0000000720200000, 0x0000000720400000, 0x0000000720400000|100%| O|  |TAMS 0x0000000720200000, 0x0000000720400000| Untracked 
| 258|0x0000000720400000, 0x0000000720600000, 0x0000000720600000|100%| O|  |TAMS 0x0000000720400000, 0x0000000720600000| Untracked 
| 259|0x0000000720600000, 0x0000000720800000, 0x0000000720800000|100%| O|  |TAMS 0x0000000720600000, 0x0000000720800000| Untracked 
| 260|0x0000000720800000, 0x0000000720a00000, 0x0000000720a00000|100%| O|  |TAMS 0x0000000720800000, 0x0000000720a00000| Untracked 
| 261|0x0000000720a00000, 0x0000000720c00000, 0x0000000720c00000|100%| O|  |TAMS 0x0000000720a00000, 0x0000000720c00000| Untracked 
| 262|0x0000000720c00000, 0x0000000720e00000, 0x0000000720e00000|100%| O|  |TAMS 0x0000000720c00000, 0x0000000720e00000| Untracked 
| 263|0x0000000720e00000, 0x0000000721000000, 0x0000000721000000|100%| O|  |TAMS 0x0000000720e00000, 0x0000000721000000| Untracked 
| 264|0x0000000721000000, 0x0000000721200000, 0x0000000721200000|100%| O|  |TAMS 0x0000000721000000, 0x0000000721200000| Untracked 
| 265|0x0000000721200000, 0x0000000721400000, 0x0000000721400000|100%| O|  |TAMS 0x0000000721200000, 0x0000000721400000| Untracked 
| 266|0x0000000721400000, 0x0000000721600000, 0x0000000721600000|100%| O|  |TAMS 0x0000000721400000, 0x0000000721600000| Untracked 
| 267|0x0000000721600000, 0x0000000721800000, 0x0000000721800000|100%| O|  |TAMS 0x0000000721600000, 0x0000000721800000| Untracked 
| 268|0x0000000721800000, 0x0000000721a00000, 0x0000000721a00000|100%| O|  |TAMS 0x0000000721800000, 0x0000000721a00000| Untracked 
| 269|0x0000000721a00000, 0x0000000721c00000, 0x0000000721c00000|100%| O|  |TAMS 0x0000000721a00000, 0x0000000721c00000| Untracked 
| 270|0x0000000721c00000, 0x0000000721e00000, 0x0000000721e00000|100%| O|  |TAMS 0x0000000721c00000, 0x0000000721e00000| Untracked 
| 271|0x0000000721e00000, 0x0000000722000000, 0x0000000722000000|100%| O|  |TAMS 0x0000000721e00000, 0x0000000722000000| Untracked 
| 272|0x0000000722000000, 0x0000000722200000, 0x0000000722200000|100%| O|  |TAMS 0x0000000722000000, 0x0000000722200000| Untracked 
| 273|0x0000000722200000, 0x0000000722400000, 0x0000000722400000|100%| O|  |TAMS 0x0000000722200000, 0x0000000722400000| Untracked 
| 274|0x0000000722400000, 0x0000000722600000, 0x0000000722600000|100%| O|  |TAMS 0x0000000722400000, 0x0000000722600000| Untracked 
| 275|0x0000000722600000, 0x0000000722800000, 0x0000000722800000|100%| O|  |TAMS 0x0000000722600000, 0x0000000722800000| Untracked 
| 276|0x0000000722800000, 0x0000000722a00000, 0x0000000722a00000|100%| O|  |TAMS 0x0000000722800000, 0x0000000722a00000| Untracked 
| 277|0x0000000722a00000, 0x0000000722c00000, 0x0000000722c00000|100%| O|  |TAMS 0x0000000722a00000, 0x0000000722c00000| Untracked 
| 278|0x0000000722c00000, 0x0000000722e00000, 0x0000000722e00000|100%| O|  |TAMS 0x0000000722c00000, 0x0000000722e00000| Untracked 
| 279|0x0000000722e00000, 0x0000000723000000, 0x0000000723000000|100%| O|  |TAMS 0x0000000722e00000, 0x0000000723000000| Untracked 
| 280|0x0000000723000000, 0x0000000723200000, 0x0000000723200000|100%| O|  |TAMS 0x0000000723000000, 0x0000000723200000| Untracked 
| 281|0x0000000723200000, 0x0000000723400000, 0x0000000723400000|100%| O|  |TAMS 0x0000000723200000, 0x0000000723400000| Untracked 
| 282|0x0000000723400000, 0x0000000723600000, 0x0000000723600000|100%| O|  |TAMS 0x0000000723400000, 0x0000000723600000| Untracked 
| 283|0x0000000723600000, 0x0000000723800000, 0x0000000723800000|100%| O|  |TAMS 0x0000000723600000, 0x0000000723800000| Untracked 
| 284|0x0000000723800000, 0x0000000723a00000, 0x0000000723a00000|100%| O|  |TAMS 0x0000000723800000, 0x0000000723a00000| Untracked 
| 285|0x0000000723a00000, 0x0000000723c00000, 0x0000000723c00000|100%| O|  |TAMS 0x0000000723a00000, 0x0000000723c00000| Untracked 
| 286|0x0000000723c00000, 0x0000000723e00000, 0x0000000723e00000|100%| O|  |TAMS 0x0000000723c00000, 0x0000000723e00000| Untracked 
| 287|0x0000000723e00000, 0x0000000724000000, 0x0000000724000000|100%| O|  |TAMS 0x0000000723e00000, 0x0000000724000000| Untracked 
| 288|0x0000000724000000, 0x0000000724200000, 0x0000000724200000|100%| O|  |TAMS 0x0000000724000000, 0x0000000724200000| Untracked 
| 289|0x0000000724200000, 0x0000000724400000, 0x0000000724400000|100%| O|  |TAMS 0x0000000724200000, 0x0000000724400000| Untracked 
| 290|0x0000000724400000, 0x0000000724600000, 0x0000000724600000|100%| O|  |TAMS 0x0000000724400000, 0x0000000724600000| Untracked 
| 291|0x0000000724600000, 0x0000000724800000, 0x0000000724800000|100%| O|  |TAMS 0x0000000724600000, 0x0000000724800000| Untracked 
| 292|0x0000000724800000, 0x0000000724a00000, 0x0000000724a00000|100%| O|  |TAMS 0x0000000724800000, 0x0000000724a00000| Untracked 
| 293|0x0000000724a00000, 0x0000000724c00000, 0x0000000724c00000|100%| O|  |TAMS 0x0000000724a00000, 0x0000000724c00000| Untracked 
| 294|0x0000000724c00000, 0x0000000724e00000, 0x0000000724e00000|100%| O|  |TAMS 0x0000000724c00000, 0x0000000724e00000| Untracked 
| 295|0x0000000724e00000, 0x0000000725000000, 0x0000000725000000|100%| O|  |TAMS 0x0000000724e00000, 0x0000000725000000| Untracked 
| 296|0x0000000725000000, 0x0000000725200000, 0x0000000725200000|100%| O|  |TAMS 0x0000000725000000, 0x0000000725200000| Untracked 
| 297|0x0000000725200000, 0x0000000725400000, 0x0000000725400000|100%| O|  |TAMS 0x0000000725200000, 0x0000000725400000| Untracked 
| 298|0x0000000725400000, 0x0000000725600000, 0x0000000725600000|100%| O|  |TAMS 0x0000000725400000, 0x0000000725600000| Untracked 
| 299|0x0000000725600000, 0x0000000725800000, 0x0000000725800000|100%| O|  |TAMS 0x0000000725600000, 0x0000000725800000| Untracked 
| 300|0x0000000725800000, 0x0000000725a00000, 0x0000000725a00000|100%| O|  |TAMS 0x0000000725800000, 0x0000000725a00000| Untracked 
| 301|0x0000000725a00000, 0x0000000725c00000, 0x0000000725c00000|100%| O|  |TAMS 0x0000000725a00000, 0x0000000725c00000| Untracked 
| 302|0x0000000725c00000, 0x0000000725e00000, 0x0000000725e00000|100%| O|  |TAMS 0x0000000725c00000, 0x0000000725e00000| Untracked 
| 303|0x0000000725e00000, 0x0000000726000000, 0x0000000726000000|100%| O|  |TAMS 0x0000000725e00000, 0x0000000726000000| Untracked 
| 304|0x0000000726000000, 0x0000000726200000, 0x0000000726200000|100%| O|  |TAMS 0x0000000726000000, 0x0000000726200000| Untracked 
| 305|0x0000000726200000, 0x0000000726400000, 0x0000000726400000|100%| O|  |TAMS 0x0000000726200000, 0x0000000726400000| Untracked 
| 306|0x0000000726400000, 0x0000000726600000, 0x0000000726600000|100%| O|  |TAMS 0x0000000726400000, 0x0000000726600000| Untracked 
| 307|0x0000000726600000, 0x0000000726800000, 0x0000000726800000|100%| O|  |TAMS 0x0000000726600000, 0x0000000726800000| Untracked 
| 308|0x0000000726800000, 0x0000000726a00000, 0x0000000726a00000|100%| O|  |TAMS 0x0000000726800000, 0x0000000726a00000| Untracked 
| 309|0x0000000726a00000, 0x0000000726c00000, 0x0000000726c00000|100%| O|  |TAMS 0x0000000726a00000, 0x0000000726c00000| Untracked 
| 310|0x0000000726c00000, 0x0000000726e00000, 0x0000000726e00000|100%| O|  |TAMS 0x0000000726c00000, 0x0000000726e00000| Untracked 
| 311|0x0000000726e00000, 0x0000000727000000, 0x0000000727000000|100%|HS|  |TAMS 0x0000000726e00000, 0x0000000727000000| Complete 
| 312|0x0000000727000000, 0x0000000727200000, 0x0000000727200000|100%|HS|  |TAMS 0x0000000727000000, 0x0000000727200000| Complete 
| 313|0x0000000727200000, 0x0000000727400000, 0x0000000727400000|100%|HS|  |TAMS 0x0000000727200000, 0x0000000727400000| Complete 
| 314|0x0000000727400000, 0x0000000727600000, 0x0000000727600000|100%|HS|  |TAMS 0x0000000727400000, 0x0000000727600000| Complete 
| 315|0x0000000727600000, 0x0000000727800000, 0x0000000727800000|100%| O|  |TAMS 0x0000000727600000, 0x0000000727800000| Untracked 
| 316|0x0000000727800000, 0x0000000727a00000, 0x0000000727a00000|100%| O|  |TAMS 0x0000000727800000, 0x0000000727a00000| Untracked 
| 317|0x0000000727a00000, 0x0000000727c00000, 0x0000000727c00000|100%| O|  |TAMS 0x0000000727a00000, 0x0000000727c00000| Untracked 
| 318|0x0000000727c00000, 0x0000000727e00000, 0x0000000727e00000|100%|HS|  |TAMS 0x0000000727c00000, 0x0000000727e00000| Complete 
| 319|0x0000000727e00000, 0x0000000728000000, 0x0000000728000000|100%| O|  |TAMS 0x0000000727e00000, 0x0000000728000000| Untracked 
| 320|0x0000000728000000, 0x0000000728200000, 0x0000000728200000|100%| O|  |TAMS 0x0000000728000000, 0x0000000728200000| Untracked 
| 321|0x0000000728200000, 0x0000000728400000, 0x0000000728400000|100%| O|  |TAMS 0x0000000728200000, 0x0000000728400000| Untracked 
| 322|0x0000000728400000, 0x0000000728600000, 0x0000000728600000|100%|HS|  |TAMS 0x0000000728400000, 0x0000000728600000| Complete 
| 323|0x0000000728600000, 0x0000000728800000, 0x0000000728800000|100%|HS|  |TAMS 0x0000000728600000, 0x0000000728800000| Complete 
| 324|0x0000000728800000, 0x0000000728a00000, 0x0000000728a00000|100%| O|  |TAMS 0x0000000728800000, 0x0000000728a00000| Untracked 
| 325|0x0000000728a00000, 0x0000000728c00000, 0x0000000728c00000|100%| O|  |TAMS 0x0000000728a00000, 0x0000000728c00000| Untracked 
| 326|0x0000000728c00000, 0x0000000728e00000, 0x0000000728e00000|100%| O|  |TAMS 0x0000000728c00000, 0x0000000728e00000| Untracked 
| 327|0x0000000728e00000, 0x0000000729000000, 0x0000000729000000|100%| O|  |TAMS 0x0000000728e00000, 0x0000000729000000| Untracked 
| 328|0x0000000729000000, 0x0000000729200000, 0x0000000729200000|100%| O|  |TAMS 0x0000000729000000, 0x0000000729200000| Untracked 
| 329|0x0000000729200000, 0x0000000729400000, 0x0000000729400000|100%| O|  |TAMS 0x0000000729200000, 0x0000000729400000| Untracked 
| 330|0x0000000729400000, 0x0000000729600000, 0x0000000729600000|100%| O|  |TAMS 0x0000000729400000, 0x0000000729600000| Untracked 
| 331|0x0000000729600000, 0x0000000729800000, 0x0000000729800000|100%| O|  |TAMS 0x0000000729600000, 0x0000000729730200| Untracked 
| 332|0x0000000729800000, 0x0000000729a00000, 0x0000000729a00000|100%|HS|  |TAMS 0x0000000729800000, 0x0000000729a00000| Complete 
| 333|0x0000000729a00000, 0x0000000729c00000, 0x0000000729c00000|100%|HS|  |TAMS 0x0000000729a00000, 0x0000000729c00000| Complete 
| 334|0x0000000729c00000, 0x0000000729e00000, 0x0000000729e00000|100%|HS|  |TAMS 0x0000000729c00000, 0x0000000729e00000| Complete 
| 335|0x0000000729e00000, 0x000000072a000000, 0x000000072a000000|100%|HC|  |TAMS 0x0000000729e00000, 0x000000072a000000| Complete 
| 336|0x000000072a000000, 0x000000072a200000, 0x000000072a200000|100%| O|  |TAMS 0x000000072a000000, 0x000000072a000000| Untracked 
| 337|0x000000072a200000, 0x000000072a400000, 0x000000072a400000|100%| O|  |TAMS 0x000000072a200000, 0x000000072a200000| Untracked 
| 338|0x000000072a400000, 0x000000072a600000, 0x000000072a600000|100%| O|  |TAMS 0x000000072a400000, 0x000000072a400000| Untracked 
| 339|0x000000072a600000, 0x000000072a800000, 0x000000072a800000|100%| O|  |TAMS 0x000000072a600000, 0x000000072a600000| Untracked 
| 340|0x000000072a800000, 0x000000072aa00000, 0x000000072aa00000|100%| O|  |TAMS 0x000000072a800000, 0x000000072a800000| Untracked 
| 341|0x000000072aa00000, 0x000000072ac00000, 0x000000072ac00000|100%| O|  |TAMS 0x000000072aa00000, 0x000000072aa00000| Untracked 
| 342|0x000000072ac00000, 0x000000072ae00000, 0x000000072ae00000|100%| O|  |TAMS 0x000000072ac00000, 0x000000072ac00000| Untracked 
| 343|0x000000072ae00000, 0x000000072b000000, 0x000000072b000000|100%| O|  |TAMS 0x000000072ae00000, 0x000000072ae00000| Untracked 
| 344|0x000000072b000000, 0x000000072b1a0200, 0x000000072b200000| 81%| O|  |TAMS 0x000000072b000000, 0x000000072b000000| Untracked 
| 345|0x000000072b200000, 0x000000072b200000, 0x000000072b400000|  0%| F|  |TAMS 0x000000072b200000, 0x000000072b200000| Untracked 
| 346|0x000000072b400000, 0x000000072b400000, 0x000000072b600000|  0%| F|  |TAMS 0x000000072b400000, 0x000000072b400000| Untracked 
| 347|0x000000072b600000, 0x000000072b600000, 0x000000072b800000|  0%| F|  |TAMS 0x000000072b600000, 0x000000072b600000| Untracked 
| 348|0x000000072b800000, 0x000000072b800000, 0x000000072ba00000|  0%| F|  |TAMS 0x000000072b800000, 0x000000072b800000| Untracked 
| 349|0x000000072ba00000, 0x000000072ba00000, 0x000000072bc00000|  0%| F|  |TAMS 0x000000072ba00000, 0x000000072ba00000| Untracked 
| 350|0x000000072bc00000, 0x000000072bc00000, 0x000000072be00000|  0%| F|  |TAMS 0x000000072bc00000, 0x000000072bc00000| Untracked 
| 351|0x000000072be00000, 0x000000072be00000, 0x000000072c000000|  0%| F|  |TAMS 0x000000072be00000, 0x000000072be00000| Untracked 
| 352|0x000000072c000000, 0x000000072c000000, 0x000000072c200000|  0%| F|  |TAMS 0x000000072c000000, 0x000000072c000000| Untracked 
| 353|0x000000072c200000, 0x000000072c200000, 0x000000072c400000|  0%| F|  |TAMS 0x000000072c200000, 0x000000072c200000| Untracked 
| 354|0x000000072c400000, 0x000000072c400000, 0x000000072c600000|  0%| F|  |TAMS 0x000000072c400000, 0x000000072c400000| Untracked 
| 355|0x000000072c600000, 0x000000072c600000, 0x000000072c800000|  0%| F|  |TAMS 0x000000072c600000, 0x000000072c600000| Untracked 
| 356|0x000000072c800000, 0x000000072c800000, 0x000000072ca00000|  0%| F|  |TAMS 0x000000072c800000, 0x000000072c800000| Untracked 
| 357|0x000000072ca00000, 0x000000072ca00000, 0x000000072cc00000|  0%| F|  |TAMS 0x000000072ca00000, 0x000000072ca00000| Untracked 
| 358|0x000000072cc00000, 0x000000072cc00000, 0x000000072ce00000|  0%| F|  |TAMS 0x000000072cc00000, 0x000000072cc00000| Untracked 
| 359|0x000000072ce00000, 0x000000072ce00000, 0x000000072d000000|  0%| F|  |TAMS 0x000000072ce00000, 0x000000072ce00000| Untracked 
| 360|0x000000072d000000, 0x000000072d000000, 0x000000072d200000|  0%| F|  |TAMS 0x000000072d000000, 0x000000072d000000| Untracked 
| 361|0x000000072d200000, 0x000000072d200000, 0x000000072d400000|  0%| F|  |TAMS 0x000000072d200000, 0x000000072d200000| Untracked 
| 362|0x000000072d400000, 0x000000072d400000, 0x000000072d600000|  0%| F|  |TAMS 0x000000072d400000, 0x000000072d400000| Untracked 
| 363|0x000000072d600000, 0x000000072d600000, 0x000000072d800000|  0%| F|  |TAMS 0x000000072d600000, 0x000000072d600000| Untracked 
| 364|0x000000072d800000, 0x000000072d800000, 0x000000072da00000|  0%| F|  |TAMS 0x000000072d800000, 0x000000072d800000| Untracked 
| 365|0x000000072da00000, 0x000000072da00000, 0x000000072dc00000|  0%| F|  |TAMS 0x000000072da00000, 0x000000072da00000| Untracked 
| 366|0x000000072dc00000, 0x000000072dc00000, 0x000000072de00000|  0%| F|  |TAMS 0x000000072dc00000, 0x000000072dc00000| Untracked 
| 367|0x000000072de00000, 0x000000072de00000, 0x000000072e000000|  0%| F|  |TAMS 0x000000072de00000, 0x000000072de00000| Untracked 
| 368|0x000000072e000000, 0x000000072e000000, 0x000000072e200000|  0%| F|  |TAMS 0x000000072e000000, 0x000000072e000000| Untracked 
| 369|0x000000072e200000, 0x000000072e200000, 0x000000072e400000|  0%| F|  |TAMS 0x000000072e200000, 0x000000072e200000| Untracked 
| 370|0x000000072e400000, 0x000000072e400000, 0x000000072e600000|  0%| F|  |TAMS 0x000000072e400000, 0x000000072e400000| Untracked 
| 371|0x000000072e600000, 0x000000072e600000, 0x000000072e800000|  0%| F|  |TAMS 0x000000072e600000, 0x000000072e600000| Untracked 
| 372|0x000000072e800000, 0x000000072e800000, 0x000000072ea00000|  0%| F|  |TAMS 0x000000072e800000, 0x000000072e800000| Untracked 
| 373|0x000000072ea00000, 0x000000072ea00000, 0x000000072ec00000|  0%| F|  |TAMS 0x000000072ea00000, 0x000000072ea00000| Untracked 
| 374|0x000000072ec00000, 0x000000072ec00000, 0x000000072ee00000|  0%| F|  |TAMS 0x000000072ec00000, 0x000000072ec00000| Untracked 
| 375|0x000000072ee00000, 0x000000072ee00000, 0x000000072f000000|  0%| F|  |TAMS 0x000000072ee00000, 0x000000072ee00000| Untracked 
| 376|0x000000072f000000, 0x000000072f000000, 0x000000072f200000|  0%| F|  |TAMS 0x000000072f000000, 0x000000072f000000| Untracked 
| 377|0x000000072f200000, 0x000000072f200000, 0x000000072f400000|  0%| F|  |TAMS 0x000000072f200000, 0x000000072f200000| Untracked 
| 378|0x000000072f400000, 0x000000072f400000, 0x000000072f600000|  0%| F|  |TAMS 0x000000072f400000, 0x000000072f400000| Untracked 
| 379|0x000000072f600000, 0x000000072f600000, 0x000000072f800000|  0%| F|  |TAMS 0x000000072f600000, 0x000000072f600000| Untracked 
| 380|0x000000072f800000, 0x000000072f800000, 0x000000072fa00000|  0%| F|  |TAMS 0x000000072f800000, 0x000000072f800000| Untracked 
| 381|0x000000072fa00000, 0x000000072fa00000, 0x000000072fc00000|  0%| F|  |TAMS 0x000000072fa00000, 0x000000072fa00000| Untracked 
| 382|0x000000072fc00000, 0x000000072fc00000, 0x000000072fe00000|  0%| F|  |TAMS 0x000000072fc00000, 0x000000072fc00000| Untracked 
| 383|0x000000072fe00000, 0x000000072fe00000, 0x0000000730000000|  0%| F|  |TAMS 0x000000072fe00000, 0x000000072fe00000| Untracked 
| 384|0x0000000730000000, 0x0000000730000000, 0x0000000730200000|  0%| F|  |TAMS 0x0000000730000000, 0x0000000730000000| Untracked 
| 385|0x0000000730200000, 0x0000000730200000, 0x0000000730400000|  0%| F|  |TAMS 0x0000000730200000, 0x0000000730200000| Untracked 
| 386|0x0000000730400000, 0x0000000730400000, 0x0000000730600000|  0%| F|  |TAMS 0x0000000730400000, 0x0000000730400000| Untracked 
| 387|0x0000000730600000, 0x0000000730600000, 0x0000000730800000|  0%| F|  |TAMS 0x0000000730600000, 0x0000000730600000| Untracked 
| 388|0x0000000730800000, 0x0000000730800000, 0x0000000730a00000|  0%| F|  |TAMS 0x0000000730800000, 0x0000000730800000| Untracked 
| 389|0x0000000730a00000, 0x0000000730a00000, 0x0000000730c00000|  0%| F|  |TAMS 0x0000000730a00000, 0x0000000730a00000| Untracked 
| 390|0x0000000730c00000, 0x0000000730c00000, 0x0000000730e00000|  0%| F|  |TAMS 0x0000000730c00000, 0x0000000730c00000| Untracked 
| 391|0x0000000730e00000, 0x0000000730e00000, 0x0000000731000000|  0%| F|  |TAMS 0x0000000730e00000, 0x0000000730e00000| Untracked 
| 392|0x0000000731000000, 0x0000000731000000, 0x0000000731200000|  0%| F|  |TAMS 0x0000000731000000, 0x0000000731000000| Untracked 
| 393|0x0000000731200000, 0x0000000731200000, 0x0000000731400000|  0%| F|  |TAMS 0x0000000731200000, 0x0000000731200000| Untracked 
| 394|0x0000000731400000, 0x0000000731400000, 0x0000000731600000|  0%| F|  |TAMS 0x0000000731400000, 0x0000000731400000| Untracked 
| 395|0x0000000731600000, 0x0000000731600000, 0x0000000731800000|  0%| F|  |TAMS 0x0000000731600000, 0x0000000731600000| Untracked 
| 396|0x0000000731800000, 0x0000000731800000, 0x0000000731a00000|  0%| F|  |TAMS 0x0000000731800000, 0x0000000731800000| Untracked 
| 397|0x0000000731a00000, 0x0000000731a00000, 0x0000000731c00000|  0%| F|  |TAMS 0x0000000731a00000, 0x0000000731a00000| Untracked 
| 398|0x0000000731c00000, 0x0000000731c00000, 0x0000000731e00000|  0%| F|  |TAMS 0x0000000731c00000, 0x0000000731c00000| Untracked 
| 399|0x0000000731e00000, 0x0000000731e00000, 0x0000000732000000|  0%| F|  |TAMS 0x0000000731e00000, 0x0000000731e00000| Untracked 
| 400|0x0000000732000000, 0x0000000732000000, 0x0000000732200000|  0%| F|  |TAMS 0x0000000732000000, 0x0000000732000000| Untracked 
| 401|0x0000000732200000, 0x0000000732200000, 0x0000000732400000|  0%| F|  |TAMS 0x0000000732200000, 0x0000000732200000| Untracked 
| 402|0x0000000732400000, 0x0000000732400000, 0x0000000732600000|  0%| F|  |TAMS 0x0000000732400000, 0x0000000732400000| Untracked 
| 403|0x0000000732600000, 0x0000000732680048, 0x0000000732800000| 25%| S|CS|TAMS 0x0000000732600000, 0x0000000732600000| Complete 
| 404|0x0000000732800000, 0x0000000732800000, 0x0000000732a00000|  0%| F|  |TAMS 0x0000000732800000, 0x0000000732800000| Untracked 
| 405|0x0000000732a00000, 0x0000000732a00000, 0x0000000732c00000|  0%| F|  |TAMS 0x0000000732a00000, 0x0000000732a00000| Untracked 
| 406|0x0000000732c00000, 0x0000000732c00000, 0x0000000732e00000|  0%| F|  |TAMS 0x0000000732c00000, 0x0000000732c00000| Untracked 
| 407|0x0000000732e00000, 0x0000000732e00000, 0x0000000733000000|  0%| F|  |TAMS 0x0000000732e00000, 0x0000000732e00000| Untracked 
| 408|0x0000000733000000, 0x0000000733200000, 0x0000000733200000|100%| S|CS|TAMS 0x0000000733000000, 0x0000000733000000| Complete 
| 409|0x0000000733200000, 0x0000000733400000, 0x0000000733400000|100%| S|CS|TAMS 0x0000000733200000, 0x0000000733200000| Complete 
| 410|0x0000000733400000, 0x0000000733600000, 0x0000000733600000|100%| S|CS|TAMS 0x0000000733400000, 0x0000000733400000| Complete 
| 411|0x0000000733600000, 0x0000000733800000, 0x0000000733800000|100%| S|CS|TAMS 0x0000000733600000, 0x0000000733600000| Complete 
| 412|0x0000000733800000, 0x0000000733a00000, 0x0000000733a00000|100%| S|CS|TAMS 0x0000000733800000, 0x0000000733800000| Complete 
| 413|0x0000000733a00000, 0x0000000733a00000, 0x0000000733c00000|  0%| F|  |TAMS 0x0000000733a00000, 0x0000000733a00000| Untracked 
| 414|0x0000000733c00000, 0x0000000733c00000, 0x0000000733e00000|  0%| F|  |TAMS 0x0000000733c00000, 0x0000000733c00000| Untracked 
| 415|0x0000000733e00000, 0x0000000733e00000, 0x0000000734000000|  0%| F|  |TAMS 0x0000000733e00000, 0x0000000733e00000| Untracked 
| 416|0x0000000734000000, 0x0000000734000000, 0x0000000734200000|  0%| F|  |TAMS 0x0000000734000000, 0x0000000734000000| Untracked 
| 417|0x0000000734200000, 0x0000000734200000, 0x0000000734400000|  0%| F|  |TAMS 0x0000000734200000, 0x0000000734200000| Untracked 
| 418|0x0000000734400000, 0x0000000734400000, 0x0000000734600000|  0%| F|  |TAMS 0x0000000734400000, 0x0000000734400000| Untracked 
| 419|0x0000000734600000, 0x0000000734600000, 0x0000000734800000|  0%| F|  |TAMS 0x0000000734600000, 0x0000000734600000| Untracked 
| 420|0x0000000734800000, 0x0000000734800000, 0x0000000734a00000|  0%| F|  |TAMS 0x0000000734800000, 0x0000000734800000| Untracked 
| 421|0x0000000734a00000, 0x0000000734a00000, 0x0000000734c00000|  0%| F|  |TAMS 0x0000000734a00000, 0x0000000734a00000| Untracked 
| 422|0x0000000734c00000, 0x0000000734c00000, 0x0000000734e00000|  0%| F|  |TAMS 0x0000000734c00000, 0x0000000734c00000| Untracked 
| 423|0x0000000734e00000, 0x0000000734e00000, 0x0000000735000000|  0%| F|  |TAMS 0x0000000734e00000, 0x0000000734e00000| Untracked 
| 424|0x0000000735000000, 0x0000000735000000, 0x0000000735200000|  0%| F|  |TAMS 0x0000000735000000, 0x0000000735000000| Untracked 
| 425|0x0000000735200000, 0x0000000735200000, 0x0000000735400000|  0%| F|  |TAMS 0x0000000735200000, 0x0000000735200000| Untracked 
| 426|0x0000000735400000, 0x0000000735400000, 0x0000000735600000|  0%| F|  |TAMS 0x0000000735400000, 0x0000000735400000| Untracked 
| 427|0x0000000735600000, 0x0000000735600000, 0x0000000735800000|  0%| F|  |TAMS 0x0000000735600000, 0x0000000735600000| Untracked 
| 428|0x0000000735800000, 0x0000000735800000, 0x0000000735a00000|  0%| F|  |TAMS 0x0000000735800000, 0x0000000735800000| Untracked 
| 429|0x0000000735a00000, 0x0000000735a00000, 0x0000000735c00000|  0%| F|  |TAMS 0x0000000735a00000, 0x0000000735a00000| Untracked 
| 430|0x0000000735c00000, 0x0000000735c00000, 0x0000000735e00000|  0%| F|  |TAMS 0x0000000735c00000, 0x0000000735c00000| Untracked 
| 431|0x0000000735e00000, 0x0000000735e00000, 0x0000000736000000|  0%| F|  |TAMS 0x0000000735e00000, 0x0000000735e00000| Untracked 
| 432|0x0000000736000000, 0x0000000736000000, 0x0000000736200000|  0%| F|  |TAMS 0x0000000736000000, 0x0000000736000000| Untracked 
| 433|0x0000000736200000, 0x0000000736200000, 0x0000000736400000|  0%| F|  |TAMS 0x0000000736200000, 0x0000000736200000| Untracked 
| 434|0x0000000736400000, 0x0000000736400000, 0x0000000736600000|  0%| F|  |TAMS 0x0000000736400000, 0x0000000736400000| Untracked 
| 435|0x0000000736600000, 0x0000000736600000, 0x0000000736800000|  0%| F|  |TAMS 0x0000000736600000, 0x0000000736600000| Untracked 
| 436|0x0000000736800000, 0x0000000736800000, 0x0000000736a00000|  0%| F|  |TAMS 0x0000000736800000, 0x0000000736800000| Untracked 
| 437|0x0000000736a00000, 0x0000000736a00000, 0x0000000736c00000|  0%| F|  |TAMS 0x0000000736a00000, 0x0000000736a00000| Untracked 
| 438|0x0000000736c00000, 0x0000000736cd0b58, 0x0000000736e00000| 40%| E|  |TAMS 0x0000000736c00000, 0x0000000736c00000| Complete 
| 439|0x0000000736e00000, 0x0000000737000000, 0x0000000737000000|100%| E|  |TAMS 0x0000000736e00000, 0x0000000736e00000| Complete 
| 440|0x0000000737000000, 0x0000000737200000, 0x0000000737200000|100%| E|CS|TAMS 0x0000000737000000, 0x0000000737000000| Complete 
| 441|0x0000000737200000, 0x0000000737400000, 0x0000000737400000|100%| E|CS|TAMS 0x0000000737200000, 0x0000000737200000| Complete 
| 442|0x0000000737400000, 0x0000000737600000, 0x0000000737600000|100%| E|CS|TAMS 0x0000000737400000, 0x0000000737400000| Complete 
| 443|0x0000000737600000, 0x0000000737800000, 0x0000000737800000|100%| E|CS|TAMS 0x0000000737600000, 0x0000000737600000| Complete 
| 444|0x0000000737800000, 0x0000000737a00000, 0x0000000737a00000|100%| E|CS|TAMS 0x0000000737800000, 0x0000000737800000| Complete 
| 445|0x0000000737a00000, 0x0000000737c00000, 0x0000000737c00000|100%| E|CS|TAMS 0x0000000737a00000, 0x0000000737a00000| Complete 
| 446|0x0000000737c00000, 0x0000000737e00000, 0x0000000737e00000|100%| E|CS|TAMS 0x0000000737c00000, 0x0000000737c00000| Complete 
| 447|0x0000000737e00000, 0x0000000738000000, 0x0000000738000000|100%| E|CS|TAMS 0x0000000737e00000, 0x0000000737e00000| Complete 
| 448|0x0000000738000000, 0x0000000738200000, 0x0000000738200000|100%| E|CS|TAMS 0x0000000738000000, 0x0000000738000000| Complete 
| 449|0x0000000738200000, 0x0000000738400000, 0x0000000738400000|100%| E|CS|TAMS 0x0000000738200000, 0x0000000738200000| Complete 
| 450|0x0000000738400000, 0x0000000738600000, 0x0000000738600000|100%| E|CS|TAMS 0x0000000738400000, 0x0000000738400000| Complete 
| 451|0x0000000738600000, 0x0000000738800000, 0x0000000738800000|100%| E|CS|TAMS 0x0000000738600000, 0x0000000738600000| Complete 
| 452|0x0000000738800000, 0x0000000738a00000, 0x0000000738a00000|100%| E|CS|TAMS 0x0000000738800000, 0x0000000738800000| Complete 
| 453|0x0000000738a00000, 0x0000000738c00000, 0x0000000738c00000|100%| E|CS|TAMS 0x0000000738a00000, 0x0000000738a00000| Complete 
| 454|0x0000000738c00000, 0x0000000738e00000, 0x0000000738e00000|100%| E|CS|TAMS 0x0000000738c00000, 0x0000000738c00000| Complete 
| 455|0x0000000738e00000, 0x0000000739000000, 0x0000000739000000|100%| E|CS|TAMS 0x0000000738e00000, 0x0000000738e00000| Complete 
| 456|0x0000000739000000, 0x00000007391ffff8, 0x0000000739200000| 99%| E|CS|TAMS 0x0000000739000000, 0x0000000739000000| Complete 
| 457|0x0000000739200000, 0x0000000739400000, 0x0000000739400000|100%| E|CS|TAMS 0x0000000739200000, 0x0000000739200000| Complete 
| 458|0x0000000739400000, 0x0000000739600000, 0x0000000739600000|100%| E|CS|TAMS 0x0000000739400000, 0x0000000739400000| Complete 
| 459|0x0000000739600000, 0x0000000739800000, 0x0000000739800000|100%| E|CS|TAMS 0x0000000739600000, 0x0000000739600000| Complete 
| 460|0x0000000739800000, 0x0000000739a00000, 0x0000000739a00000|100%| E|CS|TAMS 0x0000000739800000, 0x0000000739800000| Complete 
| 461|0x0000000739a00000, 0x0000000739c00000, 0x0000000739c00000|100%| E|CS|TAMS 0x0000000739a00000, 0x0000000739a00000| Complete 
| 462|0x0000000739c00000, 0x0000000739e00000, 0x0000000739e00000|100%| E|CS|TAMS 0x0000000739c00000, 0x0000000739c00000| Complete 
| 463|0x0000000739e00000, 0x000000073a000000, 0x000000073a000000|100%| E|CS|TAMS 0x0000000739e00000, 0x0000000739e00000| Complete 
| 464|0x000000073a000000, 0x000000073a200000, 0x000000073a200000|100%| E|CS|TAMS 0x000000073a000000, 0x000000073a000000| Complete 
| 465|0x000000073a200000, 0x000000073a400000, 0x000000073a400000|100%| E|CS|TAMS 0x000000073a200000, 0x000000073a200000| Complete 
| 466|0x000000073a400000, 0x000000073a600000, 0x000000073a600000|100%| E|CS|TAMS 0x000000073a400000, 0x000000073a400000| Complete 
|2043|0x00000007ff600000, 0x00000007ff800000, 0x00000007ff800000|100%| O|  |TAMS 0x00000007ff600000, 0x00000007ff800000| Untracked 
|2044|0x00000007ff800000, 0x00000007ffa00000, 0x00000007ffa00000|100%| O|  |TAMS 0x00000007ff800000, 0x00000007ffa00000| Untracked 
|2045|0x00000007ffa00000, 0x00000007ffc00000, 0x00000007ffc00000|100%| O|  |TAMS 0x00000007ffa00000, 0x00000007ffc00000| Untracked 
|2046|0x00000007ffc00000, 0x00000007ffe00000, 0x00000007ffe00000|100%| O|  |TAMS 0x00000007ffc00000, 0x00000007ffe00000| Untracked 
|2047|0x00000007ffe00000, 0x0000000800000000, 0x0000000800000000|100%| O|  |TAMS 0x00000007ffe00000, 0x0000000800000000| Untracked 

Card table byte_map: [0x0000028ddeeb0000,0x0000028ddf6b0000] _byte_map_base: 0x0000028ddb6b0000

Marking Bits (Prev, Next): (CMBitMap*) 0x0000028dc7e56e80, (CMBitMap*) 0x0000028dc7e56ec0
 Prev Bits: [0x0000028ddfeb0000, 0x0000028de3eb0000)
 Next Bits: [0x0000028de3eb0000, 0x0000028de7eb0000)

Polling page: 0x0000028dc5de0000

Metaspace:

Usage:
  Non-class:    124.20 MB used.
      Class:     18.44 MB used.
       Both:    142.64 MB used.

Virtual space:
  Non-class space:      128.00 MB reserved,     125.31 MB ( 98%) committed,  2 nodes.
      Class space:        1.00 GB reserved,      19.44 MB (  2%) committed,  1 nodes.
             Both:        1.12 GB reserved,     144.75 MB ( 13%) committed. 

Chunk freelists:
   Non-Class:  1.78 MB
       Class:  12.53 MB
        Both:  14.31 MB

MaxMetaspaceSize: 2.00 GB
CompressedClassSpaceSize: 1.00 GB
Initial GC threshold: 21.00 MB
Current GC threshold: 210.25 MB
CDS: on
MetaspaceReclaimPolicy: balanced
 - commit_granule_bytes: 65536.
 - commit_granule_words: 8192.
 - virtual_space_node_default_size: 8388608.
 - enlarge_chunks_in_place: 1.
 - new_chunks_are_fully_committed: 0.
 - uncommit_free_chunks: 1.
 - use_allocation_guard: 0.
 - handle_deallocations: 1.


Internal statistics:

num_allocs_failed_limit: 6.
num_arena_births: 2868.
num_arena_deaths: 6.
num_vsnodes_births: 3.
num_vsnodes_deaths: 0.
num_space_committed: 2315.
num_space_uncommitted: 0.
num_chunks_returned_to_freelist: 12.
num_chunks_taken_from_freelist: 9634.
num_chunk_merges: 8.
num_chunk_splits: 6015.
num_chunks_enlarged: 3546.
num_inconsistent_stats: 0.

CodeHeap 'non-profiled nmethods': size=120000Kb used=24054Kb max_used=24054Kb free=95945Kb
 bounds [0x0000028dd7180000, 0x0000028dd8900000, 0x0000028dde6b0000]
CodeHeap 'profiled nmethods': size=120000Kb used=60502Kb max_used=60502Kb free=59497Kb
 bounds [0x0000028dcf6b0000, 0x0000028dd3240000, 0x0000028dd6be0000]
CodeHeap 'non-nmethods': size=5760Kb used=2493Kb max_used=2586Kb free=3266Kb
 bounds [0x0000028dd6be0000, 0x0000028dd6e80000, 0x0000028dd7180000]
 total_blobs=30059 nmethods=29018 adapters=952
 compilation: enabled
              stopped_count=0, restarted_count=0
 full_count=0

Compilation events (20 events):
Event: 229.423 Thread 0x0000028dea3731c0 38915       2       kotlin.reflect.jvm.internal.impl.metadata.jvm.deserialization.ClassMapperLite::mapClass (58 bytes)
Event: 229.424 Thread 0x0000028dea3731c0 nmethod 38915 0x0000028dd27ed290 code [0x0000028dd27ed4e0, 0x0000028dd27eda08]
Event: 229.435 Thread 0x0000028dea3731c0 38916       2       org.jetbrains.kotlin.daemon.common.PropMapper::<init> (77 bytes)
Event: 229.437 Thread 0x0000028dea3731c0 nmethod 38916 0x0000028dcfd75c10 code [0x0000028dcfd75f20, 0x0000028dcfd76b78]
Event: 229.459 Thread 0x0000028dea3731c0 38917       2       org.gradle.api.internal.tasks.DefaultTaskDependency::visitDependencies (712 bytes)
Event: 229.464 Thread 0x0000028dea3731c0 nmethod 38917 0x0000028dd2c9ed90 code [0x0000028dd2c9f440, 0x0000028dd2ca2618]
Event: 229.464 Thread 0x0000028dea3731c0 38918       2       org.gradle.api.internal.tasks.CachingTaskDependencyResolveContext::<init> (36 bytes)
Event: 229.465 Thread 0x0000028dea3731c0 nmethod 38918 0x0000028dd2631a90 code [0x0000028dd2631c40, 0x0000028dd2632148]
Event: 229.465 Thread 0x0000028dea3731c0 38919       2       org.gradle.api.internal.tasks.CachingTaskDependencyResolveContext$TaskGraphImpl::<init> (15 bytes)
Event: 229.465 Thread 0x0000028dea3731c0 nmethod 38919 0x0000028dcfd75810 code [0x0000028dcfd759a0, 0x0000028dcfd75b78]
Event: 229.543 Thread 0x0000028dea3731c0 38921       2       java.util.concurrent.locks.AbstractQueuedSynchronizer::signalNextIfShared (41 bytes)
Event: 229.544 Thread 0x0000028dea3731c0 nmethod 38921 0x0000028dd2916b10 code [0x0000028dd2916cc0, 0x0000028dd2916e98]
Event: 229.634 Thread 0x0000028df62ad930 nmethod 38739% 0x0000028dd88d4f10 code [0x0000028dd88d64c0, 0x0000028dd88e2178]
Event: 229.635 Thread 0x0000028df62ad930 38902       4       org.gradle.api.internal.attributes.DefaultImmutableAttributesFactory::concat (126 bytes)
Event: 229.645 Thread 0x0000028dea3731c0 38922       2       com.android.tools.r8.internal.K9$$Lambda$2688/0x0000028d82333e60::accept (16 bytes)
Event: 229.645 Thread 0x0000028dea3731c0 nmethod 38922 0x0000028dd2860f90 code [0x0000028dd2861140, 0x0000028dd2861348]
Event: 229.652 Thread 0x0000028dea372800 nmethod 38748 0x0000028dd88ee690 code [0x0000028dd88eeca0, 0x0000028dd88f7410]
Event: 229.652 Thread 0x0000028dea372800 38920       4       org.gradle.internal.logging.sink.OutputEventTransformer::onOutput (399 bytes)
Event: 229.673 Thread 0x0000028dea3731c0 38923       2       com.android.tools.r8.internal.GK::iterator (4 bytes)
Event: 229.673 Thread 0x0000028dea3731c0 nmethod 38923 0x0000028dd290d990 code [0x0000028dd290db20, 0x0000028dd290dc38]

GC Heap History (20 events):
Event: 208.865 GC heap before
{Heap before GC invocations=66 (full 0):
 garbage-first heap   total 966656K, used 727040K [0x0000000700000000, 0x0000000800000000)
  region size 2048K, 133 young (272384K), 27 survivors (55296K)
 Metaspace       used 140105K, committed 142208K, reserved 1179648K
  class space    used 18377K, committed 19328K, reserved 1048576K
}
Event: 209.067 GC heap after
{Heap after GC invocations=67 (full 0):
 garbage-first heap   total 966656K, used 589824K [0x0000000700000000, 0x0000000800000000)
  region size 2048K, 17 young (34816K), 17 survivors (34816K)
 Metaspace       used 140105K, committed 142208K, reserved 1179648K
  class space    used 18377K, committed 19328K, reserved 1048576K
}
Event: 212.460 GC heap before
{Heap before GC invocations=67 (full 0):
 garbage-first heap   total 966656K, used 751616K [0x0000000700000000, 0x0000000800000000)
  region size 2048K, 97 young (198656K), 17 survivors (34816K)
 Metaspace       used 142054K, committed 144128K, reserved 1179648K
  class space    used 18655K, committed 19584K, reserved 1048576K
}
Event: 212.562 GC heap after
{Heap after GC invocations=68 (full 0):
 garbage-first heap   total 966656K, used 618496K [0x0000000700000000, 0x0000000800000000)
  region size 2048K, 13 young (26624K), 13 survivors (26624K)
 Metaspace       used 142054K, committed 144128K, reserved 1179648K
  class space    used 18655K, committed 19584K, reserved 1048576K
}
Event: 214.814 GC heap before
{Heap before GC invocations=68 (full 0):
 garbage-first heap   total 966656K, used 770048K [0x0000000700000000, 0x0000000800000000)
  region size 2048K, 86 young (176128K), 13 survivors (26624K)
 Metaspace       used 142853K, committed 144896K, reserved 1179648K
  class space    used 18719K, committed 19648K, reserved 1048576K
}
Event: 214.902 GC heap after
{Heap after GC invocations=69 (full 0):
 garbage-first heap   total 966656K, used 646144K [0x0000000700000000, 0x0000000800000000)
  region size 2048K, 11 young (22528K), 11 survivors (22528K)
 Metaspace       used 142853K, committed 144896K, reserved 1179648K
  class space    used 18719K, committed 19648K, reserved 1048576K
}
Event: 217.972 GC heap before
{Heap before GC invocations=69 (full 0):
 garbage-first heap   total 966656K, used 781312K [0x0000000700000000, 0x0000000800000000)
  region size 2048K, 78 young (159744K), 11 survivors (22528K)
 Metaspace       used 143504K, committed 145600K, reserved 1179648K
  class space    used 18740K, committed 19712K, reserved 1048576K
}
Event: 218.028 GC heap after
{Heap after GC invocations=70 (full 0):
 garbage-first heap   total 966656K, used 657408K [0x0000000700000000, 0x0000000800000000)
  region size 2048K, 6 young (12288K), 6 survivors (12288K)
 Metaspace       used 143504K, committed 145600K, reserved 1179648K
  class space    used 18740K, committed 19712K, reserved 1048576K
}
Event: 220.315 GC heap before
{Heap before GC invocations=70 (full 0):
 garbage-first heap   total 966656K, used 798720K [0x0000000700000000, 0x0000000800000000)
  region size 2048K, 73 young (149504K), 6 survivors (12288K)
 Metaspace       used 143717K, committed 145856K, reserved 1179648K
  class space    used 18746K, committed 19712K, reserved 1048576K
}
Event: 220.342 GC heap after
{Heap after GC invocations=71 (full 0):
 garbage-first heap   total 966656K, used 664960K [0x0000000700000000, 0x0000000800000000)
  region size 2048K, 8 young (16384K), 8 survivors (16384K)
 Metaspace       used 143717K, committed 145856K, reserved 1179648K
  class space    used 18746K, committed 19712K, reserved 1048576K
}
Event: 222.914 GC heap before
{Heap before GC invocations=71 (full 0):
 garbage-first heap   total 966656K, used 806272K [0x0000000700000000, 0x0000000800000000)
  region size 2048K, 76 young (155648K), 8 survivors (16384K)
 Metaspace       used 144007K, committed 146112K, reserved 1179648K
  class space    used 18774K, committed 19712K, reserved 1048576K
}
Event: 222.952 GC heap after
{Heap after GC invocations=72 (full 0):
 garbage-first heap   total 966656K, used 668674K [0x0000000700000000, 0x0000000800000000)
  region size 2048K, 6 young (12288K), 6 survivors (12288K)
 Metaspace       used 144007K, committed 146112K, reserved 1179648K
  class space    used 18774K, committed 19712K, reserved 1048576K
}
Event: 224.504 GC heap before
{Heap before GC invocations=72 (full 0):
 garbage-first heap   total 966656K, used 816130K [0x0000000700000000, 0x0000000800000000)
  region size 2048K, 76 young (155648K), 6 survivors (12288K)
 Metaspace       used 144128K, committed 146176K, reserved 1179648K
  class space    used 18778K, committed 19712K, reserved 1048576K
}
Event: 224.562 GC heap after
{Heap after GC invocations=73 (full 0):
 garbage-first heap   total 966656K, used 689203K [0x0000000700000000, 0x0000000800000000)
  region size 2048K, 10 young (20480K), 10 survivors (20480K)
 Metaspace       used 144128K, committed 146176K, reserved 1179648K
  class space    used 18778K, committed 19712K, reserved 1048576K
}
Event: 225.972 GC heap before
{Heap before GC invocations=73 (full 0):
 garbage-first heap   total 966656K, used 820275K [0x0000000700000000, 0x0000000800000000)
  region size 2048K, 73 young (149504K), 10 survivors (20480K)
 Metaspace       used 144241K, committed 146432K, reserved 1179648K
  class space    used 18786K, committed 19840K, reserved 1048576K
}
Event: 226.022 GC heap after
{Heap after GC invocations=74 (full 0):
 garbage-first heap   total 966656K, used 703680K [0x0000000700000000, 0x0000000800000000)
  region size 2048K, 7 young (14336K), 7 survivors (14336K)
 Metaspace       used 144241K, committed 146432K, reserved 1179648K
  class space    used 18786K, committed 19840K, reserved 1048576K
}
Event: 227.613 GC heap before
{Heap before GC invocations=74 (full 0):
 garbage-first heap   total 966656K, used 830656K [0x0000000700000000, 0x0000000800000000)
  region size 2048K, 66 young (135168K), 7 survivors (14336K)
 Metaspace       used 144405K, committed 146560K, reserved 1179648K
  class space    used 18801K, committed 19840K, reserved 1048576K
}
Event: 227.634 GC heap after
{Heap after GC invocations=75 (full 0):
 garbage-first heap   total 966656K, used 717554K [0x0000000700000000, 0x0000000800000000)
  region size 2048K, 6 young (12288K), 6 survivors (12288K)
 Metaspace       used 144405K, committed 146560K, reserved 1179648K
  class space    used 18801K, committed 19840K, reserved 1048576K
}
Event: 229.011 GC heap before
{Heap before GC invocations=75 (full 0):
 garbage-first heap   total 966656K, used 826098K [0x0000000700000000, 0x0000000800000000)
  region size 2048K, 60 young (122880K), 6 survivors (12288K)
 Metaspace       used 145993K, committed 148160K, reserved 1179648K
  class space    used 18874K, committed 19904K, reserved 1048576K
}
Event: 229.032 GC heap after
{Heap after GC invocations=76 (full 0):
 garbage-first heap   total 966656K, used 727168K [0x0000000700000000, 0x0000000800000000)
  region size 2048K, 6 young (12288K), 6 survivors (12288K)
 Metaspace       used 145993K, committed 148160K, reserved 1179648K
  class space    used 18874K, committed 19904K, reserved 1048576K
}

Deoptimization events (20 events):
Event: 228.394 Thread 0x0000028dfc2ad4b0 DEOPT PACKING pc=0x0000028dd291d56b sp=0x0000009ac53fe960
Event: 228.394 Thread 0x0000028dfc2ad4b0 DEOPT UNPACKING pc=0x0000028dd6c32b43 sp=0x0000009ac53fde78 mode 0
Event: 228.455 Thread 0x0000028df0cbc060 Uncommon trap: trap_request=0xffffff45 fr.pc=0x0000028dd8866d14 relative=0x0000000000000b34
Event: 228.455 Thread 0x0000028df0cbc060 Uncommon trap: reason=unstable_if action=reinterpret pc=0x0000028dd8866d14 method=com.android.tools.r8.graph.j.a(Lcom/android/tools/r8/graph/g;Lcom/android/tools/r8/graph/b1;Lcom/android/tools/r8/graph/b1;)Z @ 101 c2
Event: 228.455 Thread 0x0000028df0cbc060 DEOPT PACKING pc=0x0000028dd8866d14 sp=0x0000009ac89f8bb0
Event: 228.455 Thread 0x0000028df0cbc060 DEOPT UNPACKING pc=0x0000028dd6c323a3 sp=0x0000009ac89f8b70 mode 2
Event: 228.557 Thread 0x0000028df301ef60 DEOPT PACKING pc=0x0000028dd291d56b sp=0x0000009acbafeb40
Event: 228.557 Thread 0x0000028df301ef60 DEOPT UNPACKING pc=0x0000028dd6c32b43 sp=0x0000009acbafe058 mode 0
Event: 228.795 Thread 0x0000028df0f94a20 Uncommon trap: trap_request=0xffffffde fr.pc=0x0000028dd7dcd678 relative=0x0000000000000258
Event: 228.795 Thread 0x0000028df0f94a20 Uncommon trap: reason=class_check action=maybe_recompile pc=0x0000028dd7dcd678 method=java.io.BufferedOutputStream.flushBuffer()V @ 20 c2
Event: 228.795 Thread 0x0000028df0f94a20 DEOPT PACKING pc=0x0000028dd7dcd678 sp=0x0000009ac99fbbd0
Event: 228.795 Thread 0x0000028df0f94a20 DEOPT UNPACKING pc=0x0000028dd6c323a3 sp=0x0000009ac99fbb10 mode 2
Event: 229.109 Thread 0x0000028df0cbc060 Uncommon trap: trap_request=0xffffff45 fr.pc=0x0000028dd775cd84 relative=0x00000000000002c4
Event: 229.109 Thread 0x0000028df0cbc060 Uncommon trap: reason=unstable_if action=reinterpret pc=0x0000028dd775cd84 method=com.android.tools.r8.internal.zj.a(Lcom/android/tools/r8/internal/zj;Ljava/lang/Object;)Z @ 40 c2
Event: 229.109 Thread 0x0000028df0cbc060 DEOPT PACKING pc=0x0000028dd775cd84 sp=0x0000009ac89f89a0
Event: 229.109 Thread 0x0000028df0cbc060 DEOPT UNPACKING pc=0x0000028dd6c323a3 sp=0x0000009ac89f88e0 mode 2
Event: 229.478 Thread 0x0000028df6e2a180 Uncommon trap: trap_request=0xffffffd6 fr.pc=0x0000028dd872dfd8 relative=0x0000000000001958
Event: 229.478 Thread 0x0000028df6e2a180 Uncommon trap: reason=array_check action=maybe_recompile pc=0x0000028dd872dfd8 method=java.util.TimSort.mergeHi(IIII)V @ 101 c2
Event: 229.478 Thread 0x0000028df6e2a180 DEOPT PACKING pc=0x0000028dd872dfd8 sp=0x0000009acbffe040
Event: 229.478 Thread 0x0000028df6e2a180 DEOPT UNPACKING pc=0x0000028dd6c323a3 sp=0x0000009acbffe018 mode 2

Classes unloaded (3 events):
Event: 177.603 Thread 0x0000028dea3527f0 Unloading class 0x0000028d81e2cc00 'java/lang/invoke/LambdaForm$DMH+0x0000028d81e2cc00'
Event: 177.603 Thread 0x0000028dea3527f0 Unloading class 0x0000028d81e2c800 'java/lang/invoke/LambdaForm$DMH+0x0000028d81e2c800'
Event: 177.603 Thread 0x0000028dea3527f0 Unloading class 0x0000028d81e2c400 'java/lang/invoke/LambdaForm$DMH+0x0000028d81e2c400'

Classes redefined (0 events):
No events

Internal exceptions (20 events):
Event: 226.905 Thread 0x0000028dfc71b640 Exception <a 'sun/nio/fs/WindowsException'{0x00000007354f02b0}> (0x00000007354f02b0) 
thrown [s\open\src\hotspot\share\prims\jni.cpp, line 516]
Event: 226.905 Thread 0x0000028dfc71b640 Exception <a 'sun/nio/fs/WindowsException'{0x00000007354f04c0}> (0x00000007354f04c0) 
thrown [s\open\src\hotspot\share\prims\jni.cpp, line 516]
Event: 226.905 Thread 0x0000028dfc71b640 Exception <a 'sun/nio/fs/WindowsException'{0x00000007354f0560}> (0x00000007354f0560) 
thrown [s\open\src\hotspot\share\prims\jni.cpp, line 516]
Event: 226.905 Thread 0x0000028dfc71b640 Exception <a 'sun/nio/fs/WindowsException'{0x00000007354f0890}> (0x00000007354f0890) 
thrown [s\open\src\hotspot\share\prims\jni.cpp, line 516]
Event: 227.171 Thread 0x0000028df0cbc060 Exception <a 'sun/nio/fs/WindowsException'{0x0000000735b3cb28}> (0x0000000735b3cb28) 
thrown [s\open\src\hotspot\share\prims\jni.cpp, line 516]
Event: 227.171 Thread 0x0000028df0cbc060 Exception <a 'sun/nio/fs/WindowsException'{0x0000000735b3dc58}> (0x0000000735b3dc58) 
thrown [s\open\src\hotspot\share\prims\jni.cpp, line 516]
Event: 227.172 Thread 0x0000028df6e2a180 Exception <a 'sun/nio/fs/WindowsException'{0x00000007351fcd10}> (0x00000007351fcd10) 
thrown [s\open\src\hotspot\share\prims\jni.cpp, line 516]
Event: 227.173 Thread 0x0000028df6e2a180 Exception <a 'sun/nio/fs/WindowsException'{0x00000007351fcee0}> (0x00000007351fcee0) 
thrown [s\open\src\hotspot\share\prims\jni.cpp, line 516]
Event: 227.173 Thread 0x0000028df6e2a180 Exception <a 'sun/nio/fs/WindowsException'{0x00000007351fcf80}> (0x00000007351fcf80) 
thrown [s\open\src\hotspot\share\prims\jni.cpp, line 516]
Event: 227.173 Thread 0x0000028df6e2a180 Exception <a 'sun/nio/fs/WindowsException'{0x00000007351fd328}> (0x00000007351fd328) 
thrown [s\open\src\hotspot\share\prims\jni.cpp, line 516]
Event: 227.773 Thread 0x0000028df0cbc060 Exception <a 'sun/nio/fs/WindowsException'{0x0000000739e9eb00}> (0x0000000739e9eb00) 
thrown [s\open\src\hotspot\share\prims\jni.cpp, line 516]
Event: 227.889 Thread 0x0000028df0f94a20 Exception <a 'java/lang/NoSuchMethodError'{0x0000000739555e70}: 'int java.lang.invoke.DirectMethodHandle$Holder.invokeStatic(java.lang.Object, java.lang.Object, int)'> (0x0000000739555e70) 
thrown [s\open\src\hotspot\share\interpreter\linkResolver.cpp, line 759]
Event: 227.889 Thread 0x0000028df0f94a20 Exception <a 'java/lang/NoSuchMethodError'{0x0000000739559ce8}: 'int java.lang.invoke.DirectMethodHandle$Holder.invokeStaticInit(java.lang.Object, java.lang.Object, int)'> (0x0000000739559ce8) 
thrown [s\open\src\hotspot\share\interpreter\linkResolver.cpp, line 759]
Event: 229.135 Thread 0x0000028df0cbc060 Exception <a 'sun/nio/fs/WindowsException'{0x0000000739e1f4f8}> (0x0000000739e1f4f8) 
thrown [s\open\src\hotspot\share\prims\jni.cpp, line 516]
Event: 229.471 Thread 0x0000028df0cbc060 Exception <a 'sun/nio/fs/WindowsException'{0x0000000739e468c0}> (0x0000000739e468c0) 
thrown [s\open\src\hotspot\share\prims\jni.cpp, line 516]
Event: 229.471 Thread 0x0000028df0cbc060 Exception <a 'sun/nio/fs/WindowsException'{0x0000000739e479e8}> (0x0000000739e479e8) 
thrown [s\open\src\hotspot\share\prims\jni.cpp, line 516]
Event: 229.474 Thread 0x0000028df6e2a180 Exception <a 'sun/nio/fs/WindowsException'{0x0000000738b4ab10}> (0x0000000738b4ab10) 
thrown [s\open\src\hotspot\share\prims\jni.cpp, line 516]
Event: 229.474 Thread 0x0000028df6e2a180 Exception <a 'sun/nio/fs/WindowsException'{0x0000000738b4acd0}> (0x0000000738b4acd0) 
thrown [s\open\src\hotspot\share\prims\jni.cpp, line 516]
Event: 229.474 Thread 0x0000028df6e2a180 Exception <a 'sun/nio/fs/WindowsException'{0x0000000738b4afb8}> (0x0000000738b4afb8) 
thrown [s\open\src\hotspot\share\prims\jni.cpp, line 516]
Event: 229.474 Thread 0x0000028df6e2a180 Exception <a 'sun/nio/fs/WindowsException'{0x0000000738b4b348}> (0x0000000738b4b348) 
thrown [s\open\src\hotspot\share\prims\jni.cpp, line 516]

VM Operations (20 events):
Event: 224.986 Executing VM operation: ICBufferFull
Event: 224.994 Executing VM operation: ICBufferFull done
Event: 225.066 Executing VM operation: HandshakeAllThreads
Event: 225.098 Executing VM operation: HandshakeAllThreads done
Event: 225.120 Executing VM operation: HandshakeAllThreads
Event: 225.145 Executing VM operation: HandshakeAllThreads done
Event: 225.196 Executing VM operation: HandshakeAllThreads
Event: 225.233 Executing VM operation: HandshakeAllThreads done
Event: 225.972 Executing VM operation: G1CollectForAllocation
Event: 226.036 Executing VM operation: G1CollectForAllocation done
Event: 227.446 Executing VM operation: ICBufferFull
Event: 227.446 Executing VM operation: ICBufferFull done
Event: 227.518 Executing VM operation: HandshakeAllThreads
Event: 227.519 Executing VM operation: HandshakeAllThreads done
Event: 227.613 Executing VM operation: G1CollectForAllocation
Event: 227.638 Executing VM operation: G1CollectForAllocation done
Event: 228.646 Executing VM operation: Cleanup
Event: 228.742 Executing VM operation: Cleanup done
Event: 228.990 Executing VM operation: G1CollectForAllocation
Event: 229.052 Executing VM operation: G1CollectForAllocation done

Events (20 events):
Event: 225.299 Thread 0x0000028dea376c20 flushing nmethod 0x0000028dd3053910
Event: 225.299 Thread 0x0000028dea376c20 flushing nmethod 0x0000028dd3066a10
Event: 225.299 Thread 0x0000028dea376c20 flushing nmethod 0x0000028dd3067910
Event: 225.299 Thread 0x0000028dea376c20 flushing nmethod 0x0000028dd3068790
Event: 225.299 Thread 0x0000028dea376c20 flushing nmethod 0x0000028dd3069990
Event: 225.299 Thread 0x0000028dea376c20 flushing nmethod 0x0000028dd306db90
Event: 225.300 Thread 0x0000028dea376c20 flushing nmethod 0x0000028dd314de10
Event: 225.300 Thread 0x0000028dea376c20 flushing nmethod 0x0000028dd3150490
Event: 225.300 Thread 0x0000028dea376c20 flushing nmethod 0x0000028dd3162710
Event: 225.300 Thread 0x0000028dea376c20 flushing nmethod 0x0000028dd3162b10
Event: 225.300 Thread 0x0000028dea376c20 flushing nmethod 0x0000028dd3171c10
Event: 225.300 Thread 0x0000028dea376c20 flushing nmethod 0x0000028dd3173c90
Event: 225.300 Thread 0x0000028dea376c20 flushing nmethod 0x0000028dd3177390
Event: 225.300 Thread 0x0000028dea376c20 flushing nmethod 0x0000028dd3177c10
Event: 225.300 Thread 0x0000028dea376c20 flushing nmethod 0x0000028dd3178610
Event: 227.521 loading class java/util/IdentityHashMap$EntryIterator
Event: 227.522 loading class java/util/IdentityHashMap$EntryIterator done
Event: 227.522 loading class java/util/IdentityHashMap$EntryIterator$Entry
Event: 227.522 loading class java/util/IdentityHashMap$EntryIterator$Entry done
Event: 229.444 Thread 0x0000028dfebe2f80 Thread added: 0x0000028dfebe2f80


Dynamic libraries:
0x00007ff62afa0000 - 0x00007ff62afb0000 	C:\Program Files\Java\jdk-17\bin\java.exe
0x00007ff9249d0000 - 0x00007ff924bc8000 	C:\Windows\SYSTEM32\ntdll.dll
0x00007ff9248c0000 - 0x00007ff924982000 	C:\Windows\System32\KERNEL32.DLL
0x00007ff922510000 - 0x00007ff92280e000 	C:\Windows\System32\KERNELBASE.dll
0x00007ff922240000 - 0x00007ff922340000 	C:\Windows\System32\ucrtbase.dll
0x00007ff8d09d0000 - 0x00007ff8d09e9000 	C:\Program Files\Java\jdk-17\bin\jli.dll
0x00007ff8d09b0000 - 0x00007ff8d09cb000 	C:\Program Files\Java\jdk-17\bin\VCRUNTIME140.dll
0x00007ff923cc0000 - 0x00007ff923d71000 	C:\Windows\System32\ADVAPI32.dll
0x00007ff924820000 - 0x00007ff9248be000 	C:\Windows\System32\msvcrt.dll
0x00007ff923240000 - 0x00007ff9232df000 	C:\Windows\System32\sechost.dll
0x00007ff9233f0000 - 0x00007ff923513000 	C:\Windows\System32\RPCRT4.dll
0x00007ff922970000 - 0x00007ff922997000 	C:\Windows\System32\bcrypt.dll
0x00007ff923a50000 - 0x00007ff923bed000 	C:\Windows\System32\USER32.dll
0x00007ff922810000 - 0x00007ff922832000 	C:\Windows\System32\win32u.dll
0x00007ff923990000 - 0x00007ff9239bb000 	C:\Windows\System32\GDI32.dll
0x00007ff922070000 - 0x00007ff922187000 	C:\Windows\System32\gdi32full.dll
0x00007ff9228d0000 - 0x00007ff92296d000 	C:\Windows\System32\msvcp_win.dll
0x00007ff90d050000 - 0x00007ff90d2ea000 	C:\Windows\WinSxS\amd64_microsoft.windows.common-controls_6595b64144ccf1df_6.0.19041.4355_none_60b8b9eb71f62e16\COMCTL32.dll
0x00007ff9184c0000 - 0x00007ff9184ca000 	C:\Windows\SYSTEM32\VERSION.dll
0x00007ff9232e0000 - 0x00007ff92330f000 	C:\Windows\System32\IMM32.DLL
0x00007ff90ee00000 - 0x00007ff90ee0c000 	C:\Program Files\Java\jdk-17\bin\vcruntime140_1.dll
0x00007ff8cdde0000 - 0x00007ff8cde6e000 	C:\Program Files\Java\jdk-17\bin\msvcp140.dll
0x00007ff8cd090000 - 0x00007ff8cdc70000 	C:\Program Files\Java\jdk-17\bin\server\jvm.dll
0x00007ff923230000 - 0x00007ff923238000 	C:\Windows\System32\PSAPI.DLL
0x00007ff90e8d0000 - 0x00007ff90e8d9000 	C:\Windows\SYSTEM32\WSOCK32.dll
0x00007ff90ac20000 - 0x00007ff90ac47000 	C:\Windows\SYSTEM32\WINMM.dll
0x00007ff923bf0000 - 0x00007ff923c5b000 	C:\Windows\System32\WS2_32.dll
0x00007ff9208e0000 - 0x00007ff9208f2000 	C:\Windows\SYSTEM32\kernel.appcore.dll
0x00007ff8f0370000 - 0x00007ff8f037a000 	C:\Program Files\Java\jdk-17\bin\jimage.dll
0x00007ff91cda0000 - 0x00007ff91cf84000 	C:\Windows\SYSTEM32\DBGHELP.DLL
0x00007ff9005a0000 - 0x00007ff9005d4000 	C:\Windows\SYSTEM32\dbgcore.DLL
0x00007ff922840000 - 0x00007ff9228c2000 	C:\Windows\System32\bcryptPrimitives.dll
0x00007ff8d0940000 - 0x00007ff8d0965000 	C:\Program Files\Java\jdk-17\bin\java.dll
0x00007ff8cdd00000 - 0x00007ff8cddd7000 	C:\Program Files\Java\jdk-17\bin\jsvml.dll
0x00007ff923d80000 - 0x00007ff9244ed000 	C:\Windows\System32\SHELL32.dll
0x00007ff91cf90000 - 0x00007ff91d734000 	C:\Windows\SYSTEM32\windows.storage.dll
0x00007ff922a00000 - 0x00007ff922d53000 	C:\Windows\System32\combase.dll
0x00007ff921aa0000 - 0x00007ff921ace000 	C:\Windows\SYSTEM32\Wldp.dll
0x00007ff922f20000 - 0x00007ff922fed000 	C:\Windows\System32\OLEAUT32.dll
0x00007ff922d80000 - 0x00007ff922e2d000 	C:\Windows\System32\SHCORE.dll
0x00007ff923390000 - 0x00007ff9233e5000 	C:\Windows\System32\shlwapi.dll
0x00007ff921fa0000 - 0x00007ff921fc4000 	C:\Windows\SYSTEM32\profapi.dll
0x00007ff8cfe80000 - 0x00007ff8cfe99000 	C:\Program Files\Java\jdk-17\bin\net.dll
0x00007ff915790000 - 0x00007ff91589d000 	C:\Windows\SYSTEM32\WINHTTP.dll
0x00007ff921800000 - 0x00007ff92186a000 	C:\Windows\system32\mswsock.dll
0x00007ff8cfe20000 - 0x00007ff8cfe36000 	C:\Program Files\Java\jdk-17\bin\nio.dll
0x00007ff8cdce0000 - 0x00007ff8cdcf8000 	C:\Program Files\Java\jdk-17\bin\zip.dll
0x00007ff919490000 - 0x00007ff9194a0000 	C:\Program Files\Java\jdk-17\bin\verify.dll
0x00007ff8f5940000 - 0x00007ff8f5967000 	C:\Users\Al-Mahdi\.gradle\native\c067742578af261105cb4f569cf0c3c89f3d7b1fecec35dd04571415982c5e48\windows-amd64\native-platform.dll
0x00007ff8c7260000 - 0x00007ff8c73a4000 	C:\Users\Al-Mahdi\.gradle\native\38dada09dfb8b06ba9b0570ebf7e218e3eb74d4ef43ca46872605cf95ebc2f47\windows-amd64\native-platform-file-events.dll
0x00007ff8efd80000 - 0x00007ff8efd8a000 	C:\Program Files\Java\jdk-17\bin\management.dll
0x00007ff8ef6f0000 - 0x00007ff8ef6fb000 	C:\Program Files\Java\jdk-17\bin\management_ext.dll
0x00007ff9219f0000 - 0x00007ff921a08000 	C:\Windows\SYSTEM32\CRYPTSP.dll
0x00007ff9210b0000 - 0x00007ff9210e4000 	C:\Windows\system32\rsaenh.dll
0x00007ff921f60000 - 0x00007ff921f8e000 	C:\Windows\SYSTEM32\USERENV.dll
0x00007ff921a10000 - 0x00007ff921a1c000 	C:\Windows\SYSTEM32\CRYPTBASE.dll
0x00007ff921490000 - 0x00007ff9214cb000 	C:\Windows\SYSTEM32\IPHLPAPI.DLL
0x00007ff9229f0000 - 0x00007ff9229f8000 	C:\Windows\System32\NSI.dll
0x00007ff917990000 - 0x00007ff9179a7000 	C:\Windows\SYSTEM32\dhcpcsvc6.DLL
0x00007ff917e00000 - 0x00007ff917e1d000 	C:\Windows\SYSTEM32\dhcpcsvc.DLL
0x00007ff9214e0000 - 0x00007ff9215aa000 	C:\Windows\SYSTEM32\DNSAPI.dll
0x00007ff8ef400000 - 0x00007ff8ef40e000 	C:\Program Files\Java\jdk-17\bin\sunmscapi.dll
0x00007ff9223b0000 - 0x00007ff92250c000 	C:\Windows\System32\CRYPT32.dll
0x00007ff921b10000 - 0x00007ff921b37000 	C:\Windows\SYSTEM32\ncrypt.dll
0x00007ff921ad0000 - 0x00007ff921b0b000 	C:\Windows\SYSTEM32\NTASN1.dll
0x00007ff8bb970000 - 0x00007ff8bb977000 	C:\Windows\system32\wshunix.dll
0x00007ff8bb910000 - 0x00007ff8bb927000 	C:\Windows\system32\napinsp.dll
0x00007ff8bb8f0000 - 0x00007ff8bb90b000 	C:\Windows\system32\pnrpnsp.dll
0x00007ff90af90000 - 0x00007ff90afa5000 	C:\Windows\system32\wshbth.dll
0x00007ff919430000 - 0x00007ff91944d000 	C:\Windows\system32\NLAapi.dll
0x00007ff8bb930000 - 0x00007ff8bb942000 	C:\Windows\System32\winrnr.dll
0x00007ff90bea0000 - 0x00007ff90beaa000 	C:\Windows\System32\rasadhlp.dll
0x00007ff90bec0000 - 0x00007ff90bf40000 	C:\Windows\System32\fwpuclnt.dll
0x00007ff921300000 - 0x00007ff921333000 	C:\Windows\SYSTEM32\ntmarta.dll
0x00007ff91b2e0000 - 0x00007ff91b2fe000 	C:\Users\Al-Mahdi\AppData\Local\Temp\native-platform8118552031427941396dir\native-platform.dll

dbghelp: loaded successfully - version: 4.0.5 - missing functions: none
symbol engine: initialized successfully - sym options: 0x614 - pdb path: .;C:\Program Files\Java\jdk-17\bin;C:\Windows\SYSTEM32;C:\Windows\WinSxS\amd64_microsoft.windows.common-controls_6595b64144ccf1df_6.0.19041.4355_none_60b8b9eb71f62e16;C:\Program Files\Java\jdk-17\bin\server;C:\Users\Al-Mahdi\.gradle\native\c067742578af261105cb4f569cf0c3c89f3d7b1fecec35dd04571415982c5e48\windows-amd64;C:\Users\Al-Mahdi\.gradle\native\38dada09dfb8b06ba9b0570ebf7e218e3eb74d4ef43ca46872605cf95ebc2f47\windows-amd64;C:\Users\Al-Mahdi\AppData\Local\Temp\native-platform8118552031427941396dir

VM Arguments:
jvm_args: -XX:MaxMetaspaceSize=2G -XX:+HeapDumpOnOutOfMemoryError --add-opens=java.base/java.util=ALL-UNNAMED --add-opens=java.base/java.lang=ALL-UNNAMED --add-opens=java.base/java.lang.invoke=ALL-UNNAMED --add-opens=java.prefs/java.util.prefs=ALL-UNNAMED --add-opens=java.base/java.nio.charset=ALL-UNNAMED --add-opens=java.base/java.net=ALL-UNNAMED --add-opens=java.base/java.util.concurrent.atomic=ALL-UNNAMED -Xmx4G -Dfile.encoding=windows-1252 -Duser.country=US -Duser.language=en -Duser.variant 
java_command: org.gradle.launcher.daemon.bootstrap.GradleDaemon 7.6.3
java_class_path (initial): C:\Users\Al-Mahdi\.gradle\wrapper\dists\gradle-7.6.3-all\aocdy2d2z8kodnny3rsumj8i8\gradle-7.6.3\lib\gradle-launcher-7.6.3.jar
Launcher Type: SUN_STANDARD

[Global flags]
     intx CICompilerCount                          = 3                                         {product} {ergonomic}
     uint ConcGCThreads                            = 1                                         {product} {ergonomic}
     uint G1ConcRefinementThreads                  = 4                                         {product} {ergonomic}
   size_t G1HeapRegionSize                         = 2097152                                   {product} {ergonomic}
    uintx GCDrainStackTargetSize                   = 64                                        {product} {ergonomic}
     bool HeapDumpOnOutOfMemoryError               = true                                   {manageable} {command line}
   size_t InitialHeapSize                          = 132120576                                 {product} {ergonomic}
   size_t MarkStackSize                            = 4194304                                   {product} {ergonomic}
   size_t MaxHeapSize                              = 4294967296                                {product} {command line}
   size_t MaxMetaspaceSize                         = 2147483648                                {product} {command line}
   size_t MaxNewSize                               = 2575302656                                {product} {ergonomic}
   size_t MinHeapDeltaBytes                        = 2097152                                   {product} {ergonomic}
   size_t MinHeapSize                              = 8388608                                   {product} {ergonomic}
    uintx NonNMethodCodeHeapSize                   = 5832780                                {pd product} {ergonomic}
    uintx NonProfiledCodeHeapSize                  = 122912730                              {pd product} {ergonomic}
    uintx ProfiledCodeHeapSize                     = 122912730                              {pd product} {ergonomic}
    uintx ReservedCodeCacheSize                    = 251658240                              {pd product} {ergonomic}
     bool SegmentedCodeCache                       = true                                      {product} {ergonomic}
   size_t SoftMaxHeapSize                          = 4294967296                             {manageable} {ergonomic}
     bool UseCompressedClassPointers               = true                           {product lp64_product} {ergonomic}
     bool UseCompressedOops                        = true                           {product lp64_product} {ergonomic}
     bool UseG1GC                                  = true                                      {product} {ergonomic}
     bool UseLargePagesIndividualAllocation        = false                                  {pd product} {ergonomic}

Logging:
Log output configuration:
 #0: stdout all=warning uptime,level,tags
 #1: stderr all=off uptime,level,tags

Environment Variables:
JAVA_HOME=C:\Program Files\Java\jdk-17
CLASSPATH=E:\anas\rct_app\android\\gradle\wrapper\gradle-wrapper.jar
PATH=C:\Program Files\Java\jdk-17\bin;C:\Program Files\Common Files\Oracle\Java\javapath;C:\Program Files (x86)\Common Files\Intel\Shared Libraries\redist\intel64\compiler;C:\Windows\system32;C:\Windows;C:\Windows\System32\Wbem;C:\Windows\System32\WindowsPowerShell\v1.0\;C:\Windows\System32\OpenSSH\;C:\Program Files\Git\cmd;C:\Users\Al-Mahdi\AppData\Local\Pub\Cache\bin;C:\Program Files\nodejs\;C:\Program Files\Java\jdk-17\bin;C:\Users\Al-Mahdi\AppData\Local\Microsoft\WindowsApps;C:\src\flutter\bin;C:\dart-sdk\bin;C:\Users\Al-Mahdi\Downloads\flutter_tools;C:\Users\Al-Mahdi\AppData\Local\Programs\Microsoft VS Code\bin;C:\ProgramData\Microsoft\Windows\Start Menu\Programs\Android Studio;C:\Users\Al-Mahdi\AppData\Local\Pub\Cache\bin;C:\Users\Al-Mahdi\AppData\Roaming\npm;C:\Program Files\Java\jdk-17\bin;;C:\src\flutter\bin\mingit\cmd;C:\src\flutter\bin\mingit\cmd
USERNAME=Al-Mahdi
OS=Windows_NT
PROCESSOR_IDENTIFIER=Intel64 Family 6 Model 142 Stepping 9, GenuineIntel



---------------  S Y S T E M  ---------------

OS:
 Windows 10 , 64 bit Build 19041 (10.0.19041.5072)
OS uptime: 0 days 2:20 hours

CPU: total 4 (initial active 4) (2 cores per cpu, 2 threads per core) family 6 model 142 stepping 9 microcode 0xf4, cx8, cmov, fxsr, ht, mmx, 3dnowpref, sse, sse2, sse3, ssse3, sse4.1, sse4.2, popcnt, lzcnt, tsc, tscinvbit, avx, avx2, aes, erms, clmul, bmi1, bmi2, rtm, adx, fma, vzeroupper, clflush, clflushopt

Memory: 4k page, system-wide physical 8050M (856M free)
TotalPageFile size 15474M (AvailPageFile size 4355M)
current process WorkingSet (physical memory assigned to process): 1513M, peak: 1519M
current process commit charge ("private bytes"): 1556M, peak: 1561M

vm_info: Java HotSpot(TM) 64-Bit Server VM (17.0.12+8-LTS-286) for windows-amd64 JRE (17.0.12+8-LTS-286), built on Jun  5 2024 06:46:59 by "mach5one" with MS VC++ 17.6 (VS2022)

END.
