#
# A fatal error has been detected by the Java Runtime Environment:
#
#  EXCEPTION_ACCESS_VIOLATION (0xc0000005) at pc=0x00007ffaee0e4c09, pid=12808, tid=3364
#
# JRE version: Java(TM) SE Runtime Environment (17.0.12+8) (build 17.0.12+8-LTS-286)
# Java VM: Java HotSpot(TM) 64-Bit Server VM (17.0.12+8-LTS-286, mixed mode, sharing, tiered, compressed oops, compressed class ptrs, g1 gc, windows-amd64)
# Problematic frame:
# V  [jvm.dll+0x304c09]
#
# No core dump will be written. Minidumps are not enabled by default on client versions of Windows
#
# If you would like to submit a bug report, please visit:
#   https://bugreport.java.com/bugreport/crash.jsp
#

---------------  S U M M A R Y ------------

Command Line: -XX:MaxMetaspaceSize=2G -XX:+HeapDumpOnOutOfMemoryError --add-opens=java.base/java.util=ALL-UNNAMED --add-opens=java.base/java.lang=ALL-UNNAMED --add-opens=java.base/java.lang.invoke=ALL-UNNAMED --add-opens=java.prefs/java.util.prefs=ALL-UNNAMED --add-opens=java.base/java.nio.charset=ALL-UNNAMED --add-opens=java.base/java.net=ALL-UNNAMED --add-opens=java.base/java.util.concurrent.atomic=ALL-UNNAMED -Xmx4G -Dfile.encoding=windows-1252 -Duser.country=US -Duser.language=en -Duser.variant org.gradle.launcher.daemon.bootstrap.GradleDaemon 7.6.3

Host: Intel(R) Core(TM) i5-7300U CPU @ 2.60GHz, 4 cores, 7G,  Windows 10 , 64 bit Build 19041 (10.0.19041.5198)
Time: Sun Dec 15 19:09:23 2024 Egypt Standard Time elapsed time: 94.265460 seconds (0d 0h 1m 34s)

---------------  T H R E A D  ---------------

Current thread (0x00000253a77db1b0):  GCTaskThread "GC Thread#3" [stack: 0x0000007204c00000,0x0000007204d00000] [id=3364]

Stack: [0x0000007204c00000,0x0000007204d00000],  sp=0x0000007204cff9c0,  free space=1022k
Native frames: (J=compiled Java code, j=interpreted, Vv=VM code, C=native code)
V  [jvm.dll+0x304c09]
V  [jvm.dll+0x30190e]
V  [jvm.dll+0x310113]
V  [jvm.dll+0x311f2b]
V  [jvm.dll+0x31070d]
V  [jvm.dll+0x311ada]
V  [jvm.dll+0x2dc663]
V  [jvm.dll+0x2ddf0b]
V  [jvm.dll+0x80832b]
V  [jvm.dll+0x808376]
V  [jvm.dll+0x78abea]
V  [jvm.dll+0x678f35]
C  [ucrtbase.dll+0x21bb2]
C  [KERNEL32.DLL+0x17374]
C  [ntdll.dll+0x4cc91]


siginfo: EXCEPTION_ACCESS_VIOLATION (0xc0000005), reading address 0x0000000601079710


Registers:
RAX=0x0000000000000000, RBX=0x0000000703f931a1, RCX=0x0000000000000015, RDX=0x0000000000000000
RSP=0x0000007204cff9c0, RBP=0x000000000000138a, RSI=0x0000000703f931a0, RDI=0x00000253ad43d970
R8 =0x000000071a765d58, R9 =0x00007ffaedde0000, R10=0x0000000601079710, R11=0x0000000000000001
R12=0x0000007204cffc20, R13=0x000002533ef98af0, R14=0x0000000000000040, R15=0x0000000000000000
RIP=0x00007ffaee0e4c09, EFLAGS=0x0000000000010246


Register to memory mapping:

RIP=0x00007ffaee0e4c09 jvm.dll
RAX=0x0 is NULL
RBX=0x0000000703f931a1 is pointing into object: org.gradle.api.internal.collections.DefaultCollectionEventRegister 
{0x0000000703f93190} - klass: 'org/gradle/api/internal/collections/DefaultCollectionEventRegister'
 - ---- fields (total size 5 words):
 - private 'baseTypeSubscribed' 'Z' @12  false
 - private final 'baseType' 'Ljava/lang/Class;' @16  
[error occurred during error reporting (printing register info), id 0xc0000005, EXCEPTION_ACCESS_VIOLATION (0xc0000005) at pc=0x00007ffaee16eb3e]

Top of Stack: (sp=0x0000007204cff9c0)
0x0000007204cff9c0:   000000071f1a0000 0000000000000001
0x0000007204cff9d0:   0000000000000008 0000000000000001
0x0000007204cff9e0:   0000025356096440 0000000000000001
0x0000007204cff9f0:   0000000000000040 0000007204cffc20
0x0000007204cffa00:   0000000706c8d200 00007ffaee0e190e
0x0000007204cffa10:   0000000703fa0a00 00000253ad43d970
0x0000007204cffa20:   000002533ef98af0 0000025356096440
0x0000007204cffa30:   00000000382a7a93 0000003b7e1554ca
0x0000007204cffa40:   0000007204cffc20 0000000706c8d200
0x0000007204cffa50:   0000000706c8d410 00007ffaee0f0113
0x0000007204cffa60:   0000000706c8d200 0000007204cffa80
0x0000007204cffa70:   0000007204cffa90 0000007204cffc20
0x0000007204cffa80:   0000000706c8d200 0000000000000040
0x0000007204cffa90:   00007ffaee6dfe88 0000000000000000
0x0000007204cffaa0:   000002533efacf80 00000253ad43d970
0x0000007204cffab0:   0000025356096480 00007ffaee0f1f2b 

Instructions: (pc=0x00007ffaee0e4c09)
0x00007ffaee0e4b09:   ff 48 8d 53 fe 48 8b cf e8 aa f6 ff ff e9 35 fd
0x00007ffaee0e4b19:   ff ff 0f 1f 44 00 00 48 8b 77 10 8b ae 80 00 00
0x00007ffaee0e4b29:   00 8b cd 8b 86 00 01 00 00 2b c8 81 e1 ff ff 01
0x00007ffaee0e4b39:   00 41 3b ce 0f 86 e9 02 00 00 ff cd 81 e5 ff ff
0x00007ffaee0e4b49:   01 00 89 ae 80 00 00 00 e8 ba 6c 36 00 90 8b d5
0x00007ffaee0e4b59:   8b 86 00 01 00 00 8b cd 48 8b 9e 80 01 00 00 2b
0x00007ffaee0e4b69:   c8 81 e1 ff ff 01 00 81 f9 ff ff 01 00 48 8b 1c
0x00007ffaee0e4b79:   eb 41 0f 44 cf 85 c9 75 3d 90 89 6c 24 50 48 8b
0x00007ffaee0e4b89:   86 00 01 00 00 48 8b c8 48 c1 e9 20 ff c1 89 4c
0x00007ffaee0e4b99:   24 54 3b e8 0f 85 77 02 00 00 48 c1 e1 20 48 0b
0x00007ffaee0e4ba9:   ca f0 48 0f b1 8e 00 01 00 00 0f 85 61 02 00 00
0x00007ffaee0e4bb9:   8b 86 00 01 00 00 f6 c3 01 0f 84 2f 01 00 00 8b
0x00007ffaee0e4bc9:   0d ea c6 79 00 48 8d 73 ff 48 8b 47 08 44 8b 16
0x00007ffaee0e4bd9:   49 d3 e2 4c 03 15 cd c6 79 00 8b 88 90 05 00 00
0x00007ffaee0e4be9:   49 8b d2 48 8b 80 80 05 00 00 48 d3 ea 0f b7 14
0x00007ffaee0e4bf9:   50 0f b7 c2 66 c1 e8 08 84 c0 0f 88 17 ff ff ff
0x00007ffaee0e4c09:   4d 8b 02 41 0f b6 c0 24 03 3c 03 75 1e 44 38 3d
0x00007ffaee0e4c19:   c4 43 80 00 74 0f 41 0f b6 c0 24 07 3c 05 75 05
0x00007ffaee0e4c29:   4d 8b c7 eb 17 49 83 e0 fc eb 11 4d 8b c8 48 8b
0x00007ffaee0e4c39:   cf 4d 8b c2 e8 be f0 ff ff 4c 8b c0 8b 0d 6d c6
0x00007ffaee0e4c49:   79 00 49 8b d0 48 2b 15 5b c6 79 00 48 d3 ea 89
0x00007ffaee0e4c59:   16 48 8b d6 8b 0d 0d 4c 80 00 49 33 d0 48 d3 ea
0x00007ffaee0e4c69:   48 85 d2 0f 84 ae fe ff ff 48 8b 47 08 48 8b d6
0x00007ffaee0e4c79:   8b 88 c0 01 00 00 48 8b 80 b0 01 00 00 48 d3 ea
0x00007ffaee0e4c89:   48 8b 0c d0 8b 81 94 00 00 00 d1 e8 a8 01 0f 85
0x00007ffaee0e4c99:   83 fe ff ff 48 8b 47 08 8b 88 90 05 00 00 48 8b
0x00007ffaee0e4ca9:   80 80 05 00 00 49 d3 e8 46 38 3c 40 0f 84 65 fe
0x00007ffaee0e4cb9:   ff ff 48 8b 47 60 48 c1 ee 09 48 8b 58 40 48 8b
0x00007ffaee0e4cc9:   48 38 48 03 de 48 2b d9 48 39 9f b0 01 00 00 0f
0x00007ffaee0e4cd9:   84 42 fe ff ff 48 8d 14 19 48 8d 4f 18 e8 45 40
0x00007ffaee0e4ce9:   00 00 48 89 9f b0 01 00 00 e9 29 fe ff ff f6 c3
0x00007ffaee0e4cf9:   03 0f 85 09 01 00 00 48 8b 47 08 4c 8b 13 49 8b 


Stack slot to memory mapping:
stack at sp + 0 slots: 0x000000071f1a0000 is pointing into object: [Ljava.lang.Object; 
{0x000000071f19cc88} - klass: 'java/lang/Object'[]
 - length: 3454
stack at sp + 1 slots: 0x0000000000000001 is an unknown value
stack at sp + 2 slots: 0x0000000000000008 is an unknown value
stack at sp + 3 slots: 0x0000000000000001 is an unknown value
stack at sp + 4 slots: 0x0000025356096440 points into unknown readable memory: 0xffffffffffffffff | ff ff ff ff ff ff ff ff
stack at sp + 5 slots: 0x0000000000000001 is an unknown value
stack at sp + 6 slots: 0x0000000000000040 is an unknown value
stack at sp + 7 slots: 0x0000007204cffc20 points into unknown readable memory: 0x00007ffaee6e0078 | 78 00 6e ee fa 7f 00 00


---------------  P R O C E S S  ---------------

Threads class SMR info:
_java_thread_list=0x00000253b372b0f0, length=94, elements={
0x000002533ef99980, 0x0000025361525e30, 0x0000025361526bc0, 0x0000025361538c50,
0x000002536153a730, 0x000002536153d110, 0x000002536153e9f0, 0x000002536153f6a0,
0x0000025361540470, 0x00000253615ad5e0, 0x000002536177e750, 0x0000025361782850,
0x00000253a86dc7f0, 0x00000253a7c0e3a0, 0x00000253a81fe020, 0x00000253a86399e0,
0x00000253a82d7820, 0x00000253a79f8470, 0x00000253a79facf0, 0x00000253a79f8e90,
0x00000253a79fb200, 0x00000253a79f93a0, 0x00000253a79f98b0, 0x00000253a79fa7e0,
0x00000253a79f9dc0, 0x00000253a79fb710, 0x00000253a79fa2d0, 0x00000253a79fbc20,
0x00000253aa459a80, 0x00000253aa45b8e0, 0x00000253aa45bdf0, 0x00000253aa459570,
0x00000253aa45c300, 0x00000253aa45aec0, 0x00000253aa45a9b0, 0x00000253aa45b3d0,
0x00000253aa458b50, 0x00000253aa459060, 0x00000253a99f7fc0, 0x00000253a99f7ab0,
0x00000253a99f84d0, 0x00000253a99f7090, 0x00000253a99f1060, 0x00000253a99f6160,
0x00000253a99f5230, 0x00000253a99f6b80, 0x00000253a99f1a80, 0x00000253a99f75a0,
0x00000253a99f1f90, 0x00000253a99f6670, 0x00000253a99f1570, 0x00000253a99f89e0,
0x00000253a99f24a0, 0x00000253a99f29b0, 0x00000253a99f5c50, 0x00000253a99f2ec0,
0x00000253a99f38e0, 0x00000253a99f3df0, 0x00000253a99f4810, 0x00000253a99f4d20,
0x00000253a99f5740, 0x00000253a8ee5910, 0x00000253a8ee7770, 0x00000253a8ee0300,
0x00000253a8ee4ef0, 0x00000253a8ee44d0, 0x00000253a8ee5400, 0x00000253a8ee5e20,
0x00000253a8ee0d20, 0x00000253a8ee1230, 0x00000253a8ee35a0, 0x00000253a8ee6330,
0x00000253a8ee1c50, 0x00000253a8ee3ab0, 0x00000253a8ee2670, 0x00000253a8ee6840,
0x00000253a8ee2160, 0x00000253a8ee3fc0, 0x00000253a8ee1740, 0x00000253a8ee2b80,
0x00000253a8ee6d50, 0x00000253a8ee3090, 0x00000253a8ee7260, 0x00000253a8ee49e0,
0x00000253a8ee7c80, 0x00000253a8ee0810, 0x00000253a9d0d6a0, 0x00000253a9d0bd50,
0x00000253a9d0dbb0, 0x00000253a9d0e5d0, 0x00000253a9d08fc0, 0x00000253a9d0f500,
0x00000253a9d0b840, 0x00000253a8300260
}

Java Threads: ( => current thread )
  0x000002533ef99980 JavaThread "main" [_thread_blocked, id=2584, stack(0x0000007203600000,0x0000007203700000)]
  0x0000025361525e30 JavaThread "Reference Handler" daemon [_thread_blocked, id=14120, stack(0x0000007203d00000,0x0000007203e00000)]
  0x0000025361526bc0 JavaThread "Finalizer" daemon [_thread_blocked, id=9000, stack(0x0000007203e00000,0x0000007203f00000)]
  0x0000025361538c50 JavaThread "Signal Dispatcher" daemon [_thread_blocked, id=1516, stack(0x0000007203f00000,0x0000007204000000)]
  0x000002536153a730 JavaThread "Attach Listener" daemon [_thread_blocked, id=14080, stack(0x0000007204000000,0x0000007204100000)]
  0x000002536153d110 JavaThread "Service Thread" daemon [_thread_blocked, id=13068, stack(0x0000007204100000,0x0000007204200000)]
  0x000002536153e9f0 JavaThread "Monitor Deflation Thread" daemon [_thread_blocked, id=14036, stack(0x0000007204200000,0x0000007204300000)]
  0x000002536153f6a0 JavaThread "C2 CompilerThread0" daemon [_thread_blocked, id=10476, stack(0x0000007204300000,0x0000007204400000)]
  0x0000025361540470 JavaThread "C1 CompilerThread0" daemon [_thread_blocked, id=10348, stack(0x0000007204400000,0x0000007204500000)]
  0x00000253615ad5e0 JavaThread "Sweeper thread" daemon [_thread_blocked, id=10828, stack(0x0000007204500000,0x0000007204600000)]
  0x000002536177e750 JavaThread "Common-Cleaner" daemon [_thread_blocked, id=14296, stack(0x0000007204600000,0x0000007204700000)]
  0x0000025361782850 JavaThread "Notification Thread" daemon [_thread_blocked, id=10696, stack(0x0000007204700000,0x0000007204800000)]
  0x00000253a86dc7f0 JavaThread "Daemon health stats" [_thread_blocked, id=11204, stack(0x0000007204d00000,0x0000007204e00000)]
  0x00000253a7c0e3a0 JavaThread "Incoming local TCP Connector on port 49828" [_thread_in_native, id=8920, stack(0x0000007204900000,0x0000007204a00000)]
  0x00000253a81fe020 JavaThread "Daemon periodic checks" [_thread_blocked, id=7200, stack(0x0000007204e00000,0x0000007204f00000)]
  0x00000253a86399e0 JavaThread "Daemon" [_thread_blocked, id=11296, stack(0x0000007204f00000,0x0000007205000000)]
  0x00000253a82d7820 JavaThread "Handler for socket connection from /127.0.0.1:49828 to /127.0.0.1:49829" [_thread_in_native, id=8376, stack(0x0000007205000000,0x0000007205100000)]
  0x00000253a79f8470 JavaThread "Cancel handler" [_thread_blocked, id=13552, stack(0x0000007205100000,0x0000007205200000)]
  0x00000253a79facf0 JavaThread "Daemon worker" [_thread_blocked, id=11232, stack(0x0000007205200000,0x0000007205300000)]
  0x00000253a79f8e90 JavaThread "Asynchronous log dispatcher for DefaultDaemonConnection: socket connection from /127.0.0.1:49828 to /127.0.0.1:49829" [_thread_blocked, id=6836, stack(0x0000007205300000,0x0000007205400000)]
  0x00000253a79fb200 JavaThread "Stdin handler" [_thread_blocked, id=2464, stack(0x0000007205400000,0x0000007205500000)]
  0x00000253a79f93a0 JavaThread "Daemon client event forwarder" [_thread_blocked, id=7008, stack(0x0000007205500000,0x0000007205600000)]
  0x00000253a79f98b0 JavaThread "Cache worker for journal cache (C:\Users\Al-Mahdi\.gradle\caches\journal-1)" [_thread_blocked, id=10108, stack(0x0000007205700000,0x0000007205800000)]
  0x00000253a79fa7e0 JavaThread "File lock request listener" [_thread_in_native, id=12312, stack(0x0000007205800000,0x0000007205900000)]
  0x00000253a79f9dc0 JavaThread "Cache worker for file hash cache (C:\Users\Al-Mahdi\.gradle\caches\7.6.3\fileHashes)" [_thread_blocked, id=5176, stack(0x0000007205900000,0x0000007205a00000)]
  0x00000253a79fb710 JavaThread "File watcher server" daemon [_thread_blocked, id=11864, stack(0x0000007205a00000,0x0000007205b00000)]
  0x00000253a79fa2d0 JavaThread "File watcher consumer" daemon [_thread_blocked, id=5216, stack(0x0000007205b00000,0x0000007205c00000)]
  0x00000253a79fbc20 JavaThread "Cache worker for checksums cache (E:\anas\rct_app\android\.gradle\7.6.3\checksums)" [_thread_blocked, id=12704, stack(0x0000007205c00000,0x0000007205d00000)]
  0x00000253aa459a80 JavaThread "Cache worker for cache directory md-rule (C:\Users\Al-Mahdi\.gradle\caches\7.6.3\md-rule)" [_thread_blocked, id=9652, stack(0x0000007205d00000,0x0000007205e00000)]
  0x00000253aa45b8e0 JavaThread "Cache worker for file content cache (C:\Users\Al-Mahdi\.gradle\caches\7.6.3\fileContent)" [_thread_blocked, id=2268, stack(0x0000007205e00000,0x0000007205f00000)]
  0x00000253aa45bdf0 JavaThread "Cache worker for file hash cache (E:\anas\rct_app\android\.gradle\7.6.3\fileHashes)" [_thread_blocked, id=10040, stack(0x0000007205f00000,0x0000007206000000)]
  0x00000253aa459570 JavaThread "Cache worker for cache directory md-supplier (C:\Users\Al-Mahdi\.gradle\caches\7.6.3\md-supplier)" [_thread_blocked, id=6632, stack(0x0000007206000000,0x0000007206100000)]
  0x00000253aa45c300 JavaThread "Cache worker for execution history cache (C:\Users\Al-Mahdi\.gradle\caches\7.6.3\executionHistory)" [_thread_blocked, id=8548, stack(0x0000007206200000,0x0000007206300000)]
  0x00000253aa45aec0 JavaThread "jar transforms" [_thread_blocked, id=11880, stack(0x0000007206300000,0x0000007206400000)]
  0x00000253aa45a9b0 JavaThread "Cache worker for kotlin-dsl (C:\Users\Al-Mahdi\.gradle\caches\7.6.3\kotlin-dsl)" [_thread_blocked, id=13604, stack(0x0000007206400000,0x0000007206500000)]
  0x00000253aa45b3d0 JavaThread "jar transforms Thread 2" [_thread_blocked, id=9460, stack(0x0000007206500000,0x0000007206600000)]
  0x00000253aa458b50 JavaThread "Cache worker for dependencies-accessors (E:\anas\rct_app\android\.gradle\7.6.3\dependencies-accessors)" [_thread_blocked, id=13496, stack(0x0000007206600000,0x0000007206700000)]
  0x00000253aa459060 JavaThread "Cache worker for Build Output Cleanup Cache (C:\src\flutter\packages\flutter_tools\gradle\.gradle\buildOutputCleanup)" [_thread_blocked, id=12552, stack(0x0000007206700000,0x0000007206800000)]
  0x00000253a99f7fc0 JavaThread "jar transforms Thread 3" [_thread_blocked, id=8588, stack(0x0000007206800000,0x0000007206900000)]
  0x00000253a99f7ab0 JavaThread "Memory manager" [_thread_blocked, id=2888, stack(0x0000007206900000,0x0000007206a00000)]
  0x00000253a99f84d0 JavaThread "jar transforms Thread 4" [_thread_blocked, id=9836, stack(0x0000007205600000,0x0000007205700000)]
  0x00000253a99f7090 JavaThread "included builds" [_thread_blocked, id=2208, stack(0x0000007206b00000,0x0000007206c00000)]
  0x00000253a99f1060 JavaThread "Execution worker" [_thread_blocked, id=9920, stack(0x0000007206c00000,0x0000007206d00000)]
  0x00000253a99f6160 JavaThread "Execution worker Thread 2" [_thread_blocked, id=13524, stack(0x0000007206d00000,0x0000007206e00000)]
  0x00000253a99f5230 JavaThread "Execution worker Thread 3" [_thread_blocked, id=3928, stack(0x0000007206e00000,0x0000007206f00000)]
  0x00000253a99f6b80 JavaThread "Cache worker for execution history cache (C:\src\flutter\packages\flutter_tools\gradle\.gradle\7.6.3\executionHistory)" [_thread_blocked, id=10160, stack(0x0000007206f00000,0x0000007207000000)]
  0x00000253a99f1a80 JavaThread "Unconstrained build operations" [_thread_blocked, id=6928, stack(0x0000007206a00000,0x0000007206b00000)]
  0x00000253a99f75a0 JavaThread "Unconstrained build operations Thread 2" [_thread_blocked, id=13720, stack(0x0000007207000000,0x0000007207100000)]
  0x00000253a99f1f90 JavaThread "Unconstrained build operations Thread 3" [_thread_blocked, id=7436, stack(0x0000007207100000,0x0000007207200000)]
  0x00000253a99f6670 JavaThread "Unconstrained build operations Thread 4" [_thread_blocked, id=10576, stack(0x0000007207200000,0x0000007207300000)]
  0x00000253a99f1570 JavaThread "Unconstrained build operations Thread 5" [_thread_blocked, id=8760, stack(0x0000007207300000,0x0000007207400000)]
  0x00000253a99f89e0 JavaThread "Unconstrained build operations Thread 6" [_thread_blocked, id=13480, stack(0x0000007207400000,0x0000007207500000)]
  0x00000253a99f24a0 JavaThread "Unconstrained build operations Thread 7" [_thread_blocked, id=13932, stack(0x0000007207500000,0x0000007207600000)]
  0x00000253a99f29b0 JavaThread "Unconstrained build operations Thread 8" [_thread_blocked, id=5596, stack(0x0000007207600000,0x0000007207700000)]
  0x00000253a99f5c50 JavaThread "Unconstrained build operations Thread 9" [_thread_blocked, id=1148, stack(0x0000007207700000,0x0000007207800000)]
  0x00000253a99f2ec0 JavaThread "Unconstrained build operations Thread 10" [_thread_blocked, id=5348, stack(0x0000007207800000,0x0000007207900000)]
  0x00000253a99f38e0 JavaThread "Unconstrained build operations Thread 11" [_thread_blocked, id=13504, stack(0x0000007207a00000,0x0000007207b00000)]
  0x00000253a99f3df0 JavaThread "Unconstrained build operations Thread 12" [_thread_blocked, id=10668, stack(0x0000007207b00000,0x0000007207c00000)]
  0x00000253a99f4810 JavaThread "Unconstrained build operations Thread 13" [_thread_blocked, id=10540, stack(0x0000007207c00000,0x0000007207d00000)]
  0x00000253a99f4d20 JavaThread "Unconstrained build operations Thread 14" [_thread_blocked, id=4640, stack(0x0000007207d00000,0x0000007207e00000)]
  0x00000253a99f5740 JavaThread "Unconstrained build operations Thread 15" [_thread_blocked, id=10812, stack(0x0000007207e00000,0x0000007207f00000)]
  0x00000253a8ee5910 JavaThread "Unconstrained build operations Thread 16" [_thread_blocked, id=12320, stack(0x0000007207f00000,0x0000007208000000)]
  0x00000253a8ee7770 JavaThread "Unconstrained build operations Thread 17" [_thread_blocked, id=12624, stack(0x0000007208000000,0x0000007208100000)]
  0x00000253a8ee0300 JavaThread "Unconstrained build operations Thread 18" [_thread_blocked, id=5960, stack(0x0000007208100000,0x0000007208200000)]
  0x00000253a8ee4ef0 JavaThread "Unconstrained build operations Thread 19" [_thread_blocked, id=1736, stack(0x0000007208200000,0x0000007208300000)]
  0x00000253a8ee44d0 JavaThread "Unconstrained build operations Thread 20" [_thread_blocked, id=12828, stack(0x0000007208300000,0x0000007208400000)]
  0x00000253a8ee5400 JavaThread "Unconstrained build operations Thread 21" [_thread_blocked, id=11060, stack(0x0000007208400000,0x0000007208500000)]
  0x00000253a8ee5e20 JavaThread "Unconstrained build operations Thread 22" [_thread_blocked, id=68, stack(0x0000007208500000,0x0000007208600000)]
  0x00000253a8ee0d20 JavaThread "Unconstrained build operations Thread 23" [_thread_blocked, id=5520, stack(0x0000007208600000,0x0000007208700000)]
  0x00000253a8ee1230 JavaThread "Unconstrained build operations Thread 24" [_thread_blocked, id=4976, stack(0x0000007208700000,0x0000007208800000)]
  0x00000253a8ee35a0 JavaThread "Unconstrained build operations Thread 25" [_thread_blocked, id=6588, stack(0x0000007208800000,0x0000007208900000)]
  0x00000253a8ee6330 JavaThread "Unconstrained build operations Thread 26" [_thread_blocked, id=5152, stack(0x0000007208900000,0x0000007208a00000)]
  0x00000253a8ee1c50 JavaThread "Unconstrained build operations Thread 27" [_thread_blocked, id=5016, stack(0x0000007208a00000,0x0000007208b00000)]
  0x00000253a8ee3ab0 JavaThread "Unconstrained build operations Thread 28" [_thread_blocked, id=13364, stack(0x0000007208b00000,0x0000007208c00000)]
  0x00000253a8ee2670 JavaThread "Unconstrained build operations Thread 29" [_thread_blocked, id=11604, stack(0x0000007208c00000,0x0000007208d00000)]
  0x00000253a8ee6840 JavaThread "Unconstrained build operations Thread 30" [_thread_blocked, id=544, stack(0x0000007208d00000,0x0000007208e00000)]
  0x00000253a8ee2160 JavaThread "Unconstrained build operations Thread 31" [_thread_blocked, id=11100, stack(0x0000007208e00000,0x0000007208f00000)]
  0x00000253a8ee3fc0 JavaThread "Unconstrained build operations Thread 32" [_thread_blocked, id=5608, stack(0x0000007208f00000,0x0000007209000000)]
  0x00000253a8ee1740 JavaThread "Unconstrained build operations Thread 33" [_thread_blocked, id=8568, stack(0x0000007209000000,0x0000007209100000)]
  0x00000253a8ee2b80 JavaThread "Unconstrained build operations Thread 34" [_thread_blocked, id=7068, stack(0x0000007209100000,0x0000007209200000)]
  0x00000253a8ee6d50 JavaThread "Unconstrained build operations Thread 35" [_thread_blocked, id=4404, stack(0x0000007209200000,0x0000007209300000)]
  0x00000253a8ee3090 JavaThread "Unconstrained build operations Thread 36" [_thread_blocked, id=12264, stack(0x0000007209300000,0x0000007209400000)]
  0x00000253a8ee7260 JavaThread "Unconstrained build operations Thread 37" [_thread_blocked, id=7672, stack(0x0000007209400000,0x0000007209500000)]
  0x00000253a8ee49e0 JavaThread "Unconstrained build operations Thread 38" [_thread_blocked, id=7736, stack(0x0000007209500000,0x0000007209600000)]
  0x00000253a8ee7c80 JavaThread "Unconstrained build operations Thread 39" [_thread_blocked, id=11304, stack(0x0000007209600000,0x0000007209700000)]
  0x00000253a8ee0810 JavaThread "Unconstrained build operations Thread 40" [_thread_blocked, id=10276, stack(0x0000007209700000,0x0000007209800000)]
  0x00000253a9d0d6a0 JavaThread "Cache worker for Build Output Cleanup Cache (E:\anas\rct_app\android\.gradle\buildOutputCleanup)" [_thread_blocked, id=13548, stack(0x0000007209800000,0x0000007209900000)]
  0x00000253a9d0bd50 JavaThread "build event listener" [_thread_blocked, id=6056, stack(0x0000007209900000,0x0000007209a00000)]
  0x00000253a9d0dbb0 JavaThread "Cache worker for execution history cache (E:\anas\rct_app\android\.gradle\7.6.3\executionHistory)" [_thread_blocked, id=3792, stack(0x0000007209d00000,0x0000007209e00000)]
  0x00000253a9d0e5d0 JavaThread "Exec process" [_thread_blocked, id=11444, stack(0x0000007209e00000,0x0000007209f00000)]
  0x00000253a9d08fc0 JavaThread "Exec process Thread 2" [_thread_blocked, id=3964, stack(0x0000007209f00000,0x000000720a000000)]
  0x00000253a9d0f500 JavaThread "Exec process Thread 3" [_thread_blocked, id=10324, stack(0x000000720a000000,0x000000720a100000)]
  0x00000253a9d0b840 JavaThread "WorkerExecutor Queue" [_thread_blocked, id=1912, stack(0x0000007203400000,0x0000007203500000)]
  0x00000253a8300260 JavaThread "C2 CompilerThread1" daemon [_thread_in_native, id=12796, stack(0x0000007203300000,0x0000007203400000)]

Other Threads:
  0x0000025361520310 VMThread "VM Thread" [stack: 0x0000007203c00000,0x0000007203d00000] [id=13780]
  0x000002533f024270 WatcherThread [stack: 0x0000007204800000,0x0000007204900000] [id=10832]
  0x000002533f005080 GCTaskThread "GC Thread#0" [stack: 0x0000007203700000,0x0000007203800000] [id=13756]
  0x00000253a756c940 GCTaskThread "GC Thread#1" [stack: 0x0000007204a00000,0x0000007204b00000] [id=3156]
  0x00000253a756cc00 GCTaskThread "GC Thread#2" [stack: 0x0000007204b00000,0x0000007204c00000] [id=14188]
=>0x00000253a77db1b0 GCTaskThread "GC Thread#3" [stack: 0x0000007204c00000,0x0000007204d00000] [id=3364]
  0x000002533f015ee0 ConcurrentGCThread "G1 Main Marker" [stack: 0x0000007203800000,0x0000007203900000] [id=13512]
  0x000002533f017fb0 ConcurrentGCThread "G1 Conc#0" [stack: 0x0000007203900000,0x0000007203a00000] [id=5972]
  0x000002533f0569b0 ConcurrentGCThread "G1 Refine#0" [stack: 0x0000007203a00000,0x0000007203b00000] [id=10916]
  0x00000253aa145020 ConcurrentGCThread "G1 Refine#1" [stack: 0x0000007206100000,0x0000007206200000] [id=8624]
  0x00000253ab212000 ConcurrentGCThread "G1 Refine#2" [stack: 0x0000007209c00000,0x0000007209d00000] [id=3952]
  0x000002533f0572f0 ConcurrentGCThread "G1 Service" [stack: 0x0000007203b00000,0x0000007203c00000] [id=14000]

Threads with active compile tasks:
C2 CompilerThread0    94346 19671       4       org.gradle.internal.component.model.AttributeConfigurationSelector::selectVariantsUsingAttributeMatching (461 bytes)
C2 CompilerThread1    94346 19612       4       org.gradle.api.internal.artifacts.ivyservice.resolveengine.graph.builder.DependencyGraphBuilder::resolveEdges (43 bytes)

VM state: at safepoint (normal execution)

VM Mutex/Monitor currently owned by a thread:  ([mutex/lock_event])
[0x000002533ef94580] Threads_lock - owner thread: 0x0000025361520310
[0x000002533ef958a0] Heap_lock - owner thread: 0x00000253a8ee0d20

Heap address: 0x0000000700000000, size: 4096 MB, Compressed Oops mode: Zero based, Oop shift amount: 3

CDS archive(s) mapped at: [0x0000025362000000-0x0000025362bd0000-0x0000025362bd0000), size 12386304, SharedBaseAddress: 0x0000025362000000, ArchiveRelocationMode: 1.
Compressed class space mapped at: 0x0000025363000000-0x00000253a3000000, reserved size: 1073741824
Narrow klass base: 0x0000025362000000, Narrow klass shift: 0, Narrow klass range: 0x100000000

GC Precious Log:
 CPUs: 4 total, 4 available
 Memory: 8050M
 Large Page Support: Disabled
 NUMA Support: Disabled
 Compressed Oops: Enabled (Zero based)
 Heap Region Size: 2M
 Heap Min Capacity: 8M
 Heap Initial Capacity: 126M
 Heap Max Capacity: 4G
 Pre-touch: Disabled
 Parallel Workers: 4
 Concurrent Workers: 1
 Concurrent Refinement Workers: 4
 Periodic GC: Disabled

Heap:
 garbage-first heap   total 649216K, used 487419K [0x0000000700000000, 0x0000000800000000)
  region size 2048K, 110 young (225280K), 13 survivors (26624K)
 Metaspace       used 100300K, committed 102272K, reserved 1179648K
  class space    used 13940K, committed 14784K, reserved 1048576K

Heap Regions: E=young(eden), S=young(survivor), O=old, HS=humongous(starts), HC=humongous(continues), CS=collection set, F=free, OA=open archive, CA=closed archive, TAMS=top-at-mark-start (previous, next)
|   0|0x0000000700000000, 0x0000000700200000, 0x0000000700200000|100%| O|  |TAMS 0x0000000700200000, 0x0000000700000000| Untracked 
|   1|0x0000000700200000, 0x0000000700400000, 0x0000000700400000|100%|HS|  |TAMS 0x0000000700400000, 0x0000000700200000| Complete 
|   2|0x0000000700400000, 0x0000000700600000, 0x0000000700600000|100%|HC|  |TAMS 0x0000000700600000, 0x0000000700400000| Complete 
|   3|0x0000000700600000, 0x0000000700800000, 0x0000000700800000|100%| O|  |TAMS 0x0000000700800000, 0x0000000700600000| Untracked 
|   4|0x0000000700800000, 0x0000000700a00000, 0x0000000700a00000|100%| O|  |TAMS 0x0000000700a00000, 0x0000000700800000| Untracked 
|   5|0x0000000700a00000, 0x0000000700c00000, 0x0000000700c00000|100%| O|  |TAMS 0x0000000700c00000, 0x0000000700a00000| Untracked 
|   6|0x0000000700c00000, 0x0000000700e00000, 0x0000000700e00000|100%| O|  |TAMS 0x0000000700e00000, 0x0000000700c00000| Untracked 
|   7|0x0000000700e00000, 0x0000000701000000, 0x0000000701000000|100%| O|  |TAMS 0x0000000701000000, 0x0000000700e00000| Untracked 
|   8|0x0000000701000000, 0x0000000701200000, 0x0000000701200000|100%| O|  |TAMS 0x0000000701200000, 0x0000000701000000| Untracked 
|   9|0x0000000701200000, 0x00000007013ffff8, 0x0000000701400000| 99%| O|  |TAMS 0x00000007013ffff8, 0x0000000701200000| Untracked 
|  10|0x0000000701400000, 0x0000000701600000, 0x0000000701600000|100%| O|  |TAMS 0x0000000701600000, 0x0000000701400000| Untracked 
|  11|0x0000000701600000, 0x0000000701800000, 0x0000000701800000|100%| O|  |TAMS 0x0000000701800000, 0x0000000701600000| Untracked 
|  12|0x0000000701800000, 0x0000000701a00000, 0x0000000701a00000|100%| O|  |TAMS 0x0000000701a00000, 0x0000000701800000| Untracked 
|  13|0x0000000701a00000, 0x0000000701c00000, 0x0000000701c00000|100%| O|  |TAMS 0x0000000701c00000, 0x0000000701a00000| Untracked 
|  14|0x0000000701c00000, 0x0000000701e00000, 0x0000000701e00000|100%| O|  |TAMS 0x0000000701e00000, 0x0000000701c00000| Untracked 
|  15|0x0000000701e00000, 0x0000000702000000, 0x0000000702000000|100%| O|  |TAMS 0x0000000702000000, 0x0000000701e00000| Untracked 
|  16|0x0000000702000000, 0x0000000702200000, 0x0000000702200000|100%| O|  |TAMS 0x0000000702200000, 0x0000000702000000| Untracked 
|  17|0x0000000702200000, 0x0000000702400000, 0x0000000702400000|100%| O|  |TAMS 0x0000000702400000, 0x0000000702200000| Untracked 
|  18|0x0000000702400000, 0x0000000702600000, 0x0000000702600000|100%| O|  |TAMS 0x0000000702600000, 0x0000000702400000| Untracked 
|  19|0x0000000702600000, 0x0000000702800000, 0x0000000702800000|100%|HS|  |TAMS 0x0000000702800000, 0x0000000702600000| Complete 
|  20|0x0000000702800000, 0x0000000702a00000, 0x0000000702a00000|100%| O|  |TAMS 0x0000000702a00000, 0x0000000702800000| Untracked 
|  21|0x0000000702a00000, 0x0000000702c00000, 0x0000000702c00000|100%| O|  |TAMS 0x0000000702c00000, 0x0000000702a00000| Untracked 
|  22|0x0000000702c00000, 0x0000000702e00000, 0x0000000702e00000|100%| O|  |TAMS 0x0000000702e00000, 0x0000000702c00000| Untracked 
|  23|0x0000000702e00000, 0x0000000703000000, 0x0000000703000000|100%| O|  |TAMS 0x0000000703000000, 0x0000000702e00000| Untracked 
|  24|0x0000000703000000, 0x0000000703200000, 0x0000000703200000|100%|HS|  |TAMS 0x0000000703200000, 0x0000000703000000| Complete 
|  25|0x0000000703200000, 0x0000000703400000, 0x0000000703400000|100%|HC|  |TAMS 0x0000000703400000, 0x0000000703200000| Complete 
|  26|0x0000000703400000, 0x0000000703600000, 0x0000000703600000|100%|HS|  |TAMS 0x0000000703600000, 0x0000000703400000| Complete 
|  27|0x0000000703600000, 0x0000000703800000, 0x0000000703800000|100%| O|  |TAMS 0x0000000703800000, 0x0000000703600000| Untracked 
|  28|0x0000000703800000, 0x0000000703a00000, 0x0000000703a00000|100%| O|  |TAMS 0x0000000703a00000, 0x0000000703800000| Untracked 
|  29|0x0000000703a00000, 0x0000000703c00000, 0x0000000703c00000|100%| O|  |TAMS 0x0000000703c00000, 0x0000000703a00000| Untracked 
|  30|0x0000000703c00000, 0x0000000703e00000, 0x0000000703e00000|100%| O|  |TAMS 0x0000000703e00000, 0x0000000703c00000| Untracked 
|  31|0x0000000703e00000, 0x0000000704000000, 0x0000000704000000|100%| O|  |TAMS 0x0000000703e00000, 0x0000000703e00000| Untracked 
|  32|0x0000000704000000, 0x0000000704200000, 0x0000000704200000|100%| O|  |TAMS 0x0000000704200000, 0x0000000704000000| Untracked 
|  33|0x0000000704200000, 0x0000000704400000, 0x0000000704400000|100%| O|  |TAMS 0x0000000704400000, 0x0000000704200000| Untracked 
|  34|0x0000000704400000, 0x0000000704600000, 0x0000000704600000|100%| O|  |TAMS 0x0000000704600000, 0x0000000704400000| Untracked 
|  35|0x0000000704600000, 0x0000000704800000, 0x0000000704800000|100%| O|  |TAMS 0x0000000704800000, 0x0000000704600000| Untracked 
|  36|0x0000000704800000, 0x0000000704a00000, 0x0000000704a00000|100%| O|  |TAMS 0x0000000704a00000, 0x0000000704800000| Untracked 
|  37|0x0000000704a00000, 0x0000000704c00000, 0x0000000704c00000|100%| O|  |TAMS 0x0000000704c00000, 0x0000000704a00000| Untracked 
|  38|0x0000000704c00000, 0x0000000704e00000, 0x0000000704e00000|100%| O|  |TAMS 0x0000000704e00000, 0x0000000704c00000| Untracked 
|  39|0x0000000704e00000, 0x0000000705000000, 0x0000000705000000|100%| O|  |TAMS 0x0000000705000000, 0x0000000704e00000| Untracked 
|  40|0x0000000705000000, 0x0000000705200000, 0x0000000705200000|100%| O|  |TAMS 0x0000000705200000, 0x0000000705000000| Untracked 
|  41|0x0000000705200000, 0x0000000705400000, 0x0000000705400000|100%| O|  |TAMS 0x0000000705400000, 0x0000000705200000| Untracked 
|  42|0x0000000705400000, 0x0000000705600000, 0x0000000705600000|100%|HS|  |TAMS 0x0000000705600000, 0x0000000705400000| Complete 
|  43|0x0000000705600000, 0x0000000705800000, 0x0000000705800000|100%|HC|  |TAMS 0x0000000705800000, 0x0000000705600000| Complete 
|  44|0x0000000705800000, 0x0000000705a00000, 0x0000000705a00000|100%| O|  |TAMS 0x0000000705a00000, 0x0000000705800000| Untracked 
|  45|0x0000000705a00000, 0x0000000705c00000, 0x0000000705c00000|100%| O|  |TAMS 0x0000000705c00000, 0x0000000705a00000| Untracked 
|  46|0x0000000705c00000, 0x0000000705e00000, 0x0000000705e00000|100%| O|  |TAMS 0x0000000705e00000, 0x0000000705c00000| Untracked 
|  47|0x0000000705e00000, 0x0000000706000000, 0x0000000706000000|100%| O|  |TAMS 0x0000000706000000, 0x0000000705e00000| Untracked 
|  48|0x0000000706000000, 0x0000000706200000, 0x0000000706200000|100%| O|  |TAMS 0x0000000706200000, 0x0000000706000000| Untracked 
|  49|0x0000000706200000, 0x0000000706400000, 0x0000000706400000|100%| O|  |TAMS 0x0000000706400000, 0x0000000706200000| Untracked 
|  50|0x0000000706400000, 0x0000000706600000, 0x0000000706600000|100%| O|  |TAMS 0x0000000706600000, 0x0000000706400000| Untracked 
|  51|0x0000000706600000, 0x0000000706800000, 0x0000000706800000|100%| O|  |TAMS 0x0000000706800000, 0x0000000706600000| Untracked 
|  52|0x0000000706800000, 0x0000000706a00000, 0x0000000706a00000|100%| O|  |TAMS 0x0000000706a00000, 0x0000000706800000| Untracked 
|  53|0x0000000706a00000, 0x0000000706c00000, 0x0000000706c00000|100%| O|  |TAMS 0x0000000706c00000, 0x0000000706a00000| Untracked 
|  54|0x0000000706c00000, 0x0000000706e00000, 0x0000000706e00000|100%| O|  |TAMS 0x0000000706e00000, 0x0000000706c00000| Untracked 
|  55|0x0000000706e00000, 0x0000000707000000, 0x0000000707000000|100%| O|  |TAMS 0x0000000707000000, 0x0000000706e00000| Untracked 
|  56|0x0000000707000000, 0x0000000707200000, 0x0000000707200000|100%| O|  |TAMS 0x0000000707200000, 0x0000000707000000| Untracked 
|  57|0x0000000707200000, 0x0000000707400000, 0x0000000707400000|100%| O|  |TAMS 0x0000000707400000, 0x0000000707200000| Untracked 
|  58|0x0000000707400000, 0x0000000707600000, 0x0000000707600000|100%| O|  |TAMS 0x0000000707600000, 0x0000000707400000| Untracked 
|  59|0x0000000707600000, 0x0000000707800000, 0x0000000707800000|100%|HS|  |TAMS 0x0000000707800000, 0x0000000707600000| Complete 
|  60|0x0000000707800000, 0x0000000707a00000, 0x0000000707a00000|100%|HS|  |TAMS 0x0000000707a00000, 0x0000000707800000| Complete 
|  61|0x0000000707a00000, 0x0000000707c00000, 0x0000000707c00000|100%|HC|  |TAMS 0x0000000707c00000, 0x0000000707a00000| Complete 
|  62|0x0000000707c00000, 0x0000000707e00000, 0x0000000707e00000|100%| O|  |TAMS 0x0000000707e00000, 0x0000000707c00000| Untracked 
|  63|0x0000000707e00000, 0x0000000708000000, 0x0000000708000000|100%| O|  |TAMS 0x0000000708000000, 0x0000000707e00000| Untracked 
|  64|0x0000000708000000, 0x0000000708200000, 0x0000000708200000|100%| O|  |TAMS 0x0000000708200000, 0x0000000708000000| Untracked 
|  65|0x0000000708200000, 0x0000000708400000, 0x0000000708400000|100%| O|  |TAMS 0x0000000708400000, 0x0000000708200000| Untracked 
|  66|0x0000000708400000, 0x0000000708600000, 0x0000000708600000|100%| O|  |TAMS 0x0000000708600000, 0x0000000708400000| Untracked 
|  67|0x0000000708600000, 0x0000000708800000, 0x0000000708800000|100%| O|  |TAMS 0x0000000708800000, 0x0000000708600000| Untracked 
|  68|0x0000000708800000, 0x0000000708a00000, 0x0000000708a00000|100%| O|  |TAMS 0x0000000708a00000, 0x0000000708800000| Untracked 
|  69|0x0000000708a00000, 0x0000000708c00000, 0x0000000708c00000|100%| O|  |TAMS 0x0000000708c00000, 0x0000000708a00000| Untracked 
|  70|0x0000000708c00000, 0x0000000708e00000, 0x0000000708e00000|100%| O|  |TAMS 0x0000000708c00000, 0x0000000708c00000| Untracked 
|  71|0x0000000708e00000, 0x0000000709000000, 0x0000000709000000|100%|HS|  |TAMS 0x0000000709000000, 0x0000000708e00000| Complete 
|  72|0x0000000709000000, 0x0000000709200000, 0x0000000709200000|100%|HS|  |TAMS 0x0000000709200000, 0x0000000709000000| Complete 
|  73|0x0000000709200000, 0x0000000709400000, 0x0000000709400000|100%|HC|  |TAMS 0x0000000709400000, 0x0000000709200000| Complete 
|  74|0x0000000709400000, 0x0000000709600000, 0x0000000709600000|100%| O|  |TAMS 0x0000000709600000, 0x0000000709400000| Untracked 
|  75|0x0000000709600000, 0x0000000709800000, 0x0000000709800000|100%| O|  |TAMS 0x0000000709800000, 0x0000000709600000| Untracked 
|  76|0x0000000709800000, 0x0000000709a00000, 0x0000000709a00000|100%| O|  |TAMS 0x0000000709a00000, 0x0000000709800000| Untracked 
|  77|0x0000000709a00000, 0x0000000709c00000, 0x0000000709c00000|100%| O|  |TAMS 0x0000000709c00000, 0x0000000709a00000| Untracked 
|  78|0x0000000709c00000, 0x0000000709e00000, 0x0000000709e00000|100%| O|  |TAMS 0x0000000709e00000, 0x0000000709c00000| Untracked 
|  79|0x0000000709e00000, 0x000000070a000000, 0x000000070a000000|100%| O|  |TAMS 0x000000070a000000, 0x0000000709e00000| Untracked 
|  80|0x000000070a000000, 0x000000070a200000, 0x000000070a200000|100%| O|  |TAMS 0x000000070a200000, 0x000000070a000000| Untracked 
|  81|0x000000070a200000, 0x000000070a400000, 0x000000070a400000|100%| O|  |TAMS 0x000000070a400000, 0x000000070a200000| Untracked 
|  82|0x000000070a400000, 0x000000070a600000, 0x000000070a600000|100%| O|  |TAMS 0x000000070a600000, 0x000000070a400000| Untracked 
|  83|0x000000070a600000, 0x000000070a800000, 0x000000070a800000|100%| O|  |TAMS 0x000000070a800000, 0x000000070a600000| Untracked 
|  84|0x000000070a800000, 0x000000070aa00000, 0x000000070aa00000|100%| O|  |TAMS 0x000000070aa00000, 0x000000070a800000| Untracked 
|  85|0x000000070aa00000, 0x000000070ac00000, 0x000000070ac00000|100%| O|  |TAMS 0x000000070ac00000, 0x000000070aa00000| Untracked 
|  86|0x000000070ac00000, 0x000000070ae00000, 0x000000070ae00000|100%| O|  |TAMS 0x000000070ac00000, 0x000000070ac00000| Untracked 
|  87|0x000000070ae00000, 0x000000070b000000, 0x000000070b000000|100%| O|  |TAMS 0x000000070ae00000, 0x000000070ae00000| Untracked 
|  88|0x000000070b000000, 0x000000070b200000, 0x000000070b200000|100%| O|  |TAMS 0x000000070b000000, 0x000000070b000000| Untracked 
|  89|0x000000070b200000, 0x000000070b400000, 0x000000070b400000|100%| O|  |TAMS 0x000000070b200000, 0x000000070b200000| Untracked 
|  90|0x000000070b400000, 0x000000070b600000, 0x000000070b600000|100%| O|  |TAMS 0x000000070b400000, 0x000000070b400000| Untracked 
|  91|0x000000070b600000, 0x000000070b800000, 0x000000070b800000|100%| O|  |TAMS 0x000000070b600000, 0x000000070b600000| Untracked 
|  92|0x000000070b800000, 0x000000070ba00000, 0x000000070ba00000|100%| O|  |TAMS 0x000000070b800000, 0x000000070b800000| Untracked 
|  93|0x000000070ba00000, 0x000000070bc00000, 0x000000070bc00000|100%| O|  |TAMS 0x000000070ba00000, 0x000000070ba00000| Untracked 
|  94|0x000000070bc00000, 0x000000070be00000, 0x000000070be00000|100%| O|  |TAMS 0x000000070bc00000, 0x000000070bc00000| Untracked 
|  95|0x000000070be00000, 0x000000070c000000, 0x000000070c000000|100%| O|  |TAMS 0x000000070be00000, 0x000000070be00000| Untracked 
|  96|0x000000070c000000, 0x000000070c200000, 0x000000070c200000|100%| O|  |TAMS 0x000000070c000000, 0x000000070c000000| Untracked 
|  97|0x000000070c200000, 0x000000070c400000, 0x000000070c400000|100%| O|  |TAMS 0x000000070c200000, 0x000000070c200000| Untracked 
|  98|0x000000070c400000, 0x000000070c600000, 0x000000070c600000|100%| O|  |TAMS 0x000000070c400000, 0x000000070c400000| Untracked 
|  99|0x000000070c600000, 0x000000070c800000, 0x000000070c800000|100%| O|  |TAMS 0x000000070c600000, 0x000000070c600000| Untracked 
| 100|0x000000070c800000, 0x000000070ca00000, 0x000000070ca00000|100%| O|  |TAMS 0x000000070c800000, 0x000000070c800000| Untracked 
| 101|0x000000070ca00000, 0x000000070cc00000, 0x000000070cc00000|100%| O|  |TAMS 0x000000070ca00000, 0x000000070ca00000| Untracked 
| 102|0x000000070cc00000, 0x000000070ce00000, 0x000000070ce00000|100%| O|  |TAMS 0x000000070cc00000, 0x000000070cc00000| Untracked 
| 103|0x000000070ce00000, 0x000000070d000000, 0x000000070d000000|100%| O|  |TAMS 0x000000070ce00000, 0x000000070ce00000| Untracked 
| 104|0x000000070d000000, 0x000000070d200000, 0x000000070d200000|100%| O|  |TAMS 0x000000070d000000, 0x000000070d000000| Untracked 
| 105|0x000000070d200000, 0x000000070d400000, 0x000000070d400000|100%| O|  |TAMS 0x000000070d200000, 0x000000070d200000| Untracked 
| 106|0x000000070d400000, 0x000000070d600000, 0x000000070d600000|100%| O|  |TAMS 0x000000070d400000, 0x000000070d400000| Untracked 
| 107|0x000000070d600000, 0x000000070d800000, 0x000000070d800000|100%| O|  |TAMS 0x000000070d600000, 0x000000070d600000| Untracked 
| 108|0x000000070d800000, 0x000000070da00000, 0x000000070da00000|100%| O|  |TAMS 0x000000070d800000, 0x000000070d800000| Untracked 
| 109|0x000000070da00000, 0x000000070dc00000, 0x000000070dc00000|100%| O|  |TAMS 0x000000070da00000, 0x000000070da00000| Untracked 
| 110|0x000000070dc00000, 0x000000070de00000, 0x000000070de00000|100%| O|  |TAMS 0x000000070dc00000, 0x000000070dc00000| Untracked 
| 111|0x000000070de00000, 0x000000070e000000, 0x000000070e000000|100%| O|  |TAMS 0x000000070de00000, 0x000000070de00000| Untracked 
| 112|0x000000070e000000, 0x000000070e200000, 0x000000070e200000|100%| O|  |TAMS 0x000000070e000000, 0x000000070e000000| Untracked 
| 113|0x000000070e200000, 0x000000070e400000, 0x000000070e400000|100%| O|  |TAMS 0x000000070e200000, 0x000000070e200000| Untracked 
| 114|0x000000070e400000, 0x000000070e600000, 0x000000070e600000|100%| O|  |TAMS 0x000000070e400000, 0x000000070e400000| Untracked 
| 115|0x000000070e600000, 0x000000070e800000, 0x000000070e800000|100%| O|  |TAMS 0x000000070e600000, 0x000000070e600000| Untracked 
| 116|0x000000070e800000, 0x000000070ea00000, 0x000000070ea00000|100%| O|  |TAMS 0x000000070e800000, 0x000000070e800000| Untracked 
| 117|0x000000070ea00000, 0x000000070ec00000, 0x000000070ec00000|100%| O|  |TAMS 0x000000070ea00000, 0x000000070ea00000| Untracked 
| 118|0x000000070ec00000, 0x000000070ee00000, 0x000000070ee00000|100%| O|  |TAMS 0x000000070ec00000, 0x000000070ec00000| Untracked 
| 119|0x000000070ee00000, 0x000000070f000000, 0x000000070f000000|100%| O|  |TAMS 0x000000070ee00000, 0x000000070ee00000| Untracked 
| 120|0x000000070f000000, 0x000000070f200000, 0x000000070f200000|100%| O|  |TAMS 0x000000070f000000, 0x000000070f000000| Untracked 
| 121|0x000000070f200000, 0x000000070f400000, 0x000000070f400000|100%| O|  |TAMS 0x000000070f200000, 0x000000070f200000| Untracked 
| 122|0x000000070f400000, 0x000000070f600000, 0x000000070f600000|100%| O|  |TAMS 0x000000070f400000, 0x000000070f400000| Untracked 
| 123|0x000000070f600000, 0x000000070f800000, 0x000000070f800000|100%| O|  |TAMS 0x000000070f600000, 0x000000070f600000| Untracked 
| 124|0x000000070f800000, 0x000000070fa00000, 0x000000070fa00000|100%| O|  |TAMS 0x000000070f800000, 0x000000070f800000| Untracked 
| 125|0x000000070fa00000, 0x000000070fc00000, 0x000000070fc00000|100%| O|  |TAMS 0x000000070fa00000, 0x000000070fa00000| Untracked 
| 126|0x000000070fc00000, 0x000000070fe00000, 0x000000070fe00000|100%| O|  |TAMS 0x000000070fc00000, 0x000000070fc00000| Untracked 
| 127|0x000000070fe00000, 0x0000000710000000, 0x0000000710000000|100%| O|  |TAMS 0x000000070fe00000, 0x000000070fe00000| Untracked 
| 128|0x0000000710000000, 0x0000000710200000, 0x0000000710200000|100%| O|  |TAMS 0x0000000710000000, 0x0000000710000000| Untracked 
| 129|0x0000000710200000, 0x0000000710400000, 0x0000000710400000|100%| O|  |TAMS 0x0000000710200000, 0x0000000710200000| Untracked 
| 130|0x0000000710400000, 0x0000000710600000, 0x0000000710600000|100%| O|  |TAMS 0x0000000710400000, 0x0000000710400000| Untracked 
| 131|0x0000000710600000, 0x0000000710800000, 0x0000000710800000|100%| O|  |TAMS 0x0000000710600000, 0x0000000710600000| Untracked 
| 132|0x0000000710800000, 0x0000000710a00000, 0x0000000710a00000|100%| O|  |TAMS 0x0000000710800000, 0x0000000710800000| Untracked 
| 133|0x0000000710a00000, 0x0000000710c00000, 0x0000000710c00000|100%| O|  |TAMS 0x0000000710a00000, 0x0000000710a00000| Untracked 
| 134|0x0000000710c00000, 0x0000000710e00000, 0x0000000710e00000|100%| O|  |TAMS 0x0000000710c00000, 0x0000000710c00000| Untracked 
| 135|0x0000000710e00000, 0x0000000711000000, 0x0000000711000000|100%| O|  |TAMS 0x0000000710e00000, 0x0000000710e00000| Untracked 
| 136|0x0000000711000000, 0x0000000711200000, 0x0000000711200000|100%| O|  |TAMS 0x0000000711000000, 0x0000000711000000| Untracked 
| 137|0x0000000711200000, 0x0000000711400000, 0x0000000711400000|100%| O|  |TAMS 0x0000000711200000, 0x0000000711200000| Untracked 
| 138|0x0000000711400000, 0x0000000711600000, 0x0000000711600000|100%| O|  |TAMS 0x0000000711400000, 0x0000000711400000| Untracked 
| 139|0x0000000711600000, 0x0000000711800000, 0x0000000711800000|100%| O|  |TAMS 0x0000000711600000, 0x0000000711600000| Untracked 
| 140|0x0000000711800000, 0x0000000711800000, 0x0000000711a00000|  0%| F|  |TAMS 0x0000000711800000, 0x0000000711800000| Untracked 
| 141|0x0000000711a00000, 0x0000000711a00000, 0x0000000711c00000|  0%| F|  |TAMS 0x0000000711a00000, 0x0000000711a00000| Untracked 
| 142|0x0000000711c00000, 0x0000000711c00000, 0x0000000711e00000|  0%| F|  |TAMS 0x0000000711c00000, 0x0000000711c00000| Untracked 
| 143|0x0000000711e00000, 0x0000000711e00000, 0x0000000712000000|  0%| F|  |TAMS 0x0000000711e00000, 0x0000000711e00000| Untracked 
| 144|0x0000000712000000, 0x0000000712000000, 0x0000000712200000|  0%| F|  |TAMS 0x0000000712000000, 0x0000000712000000| Untracked 
| 145|0x0000000712200000, 0x0000000712200000, 0x0000000712400000|  0%| F|  |TAMS 0x0000000712200000, 0x0000000712200000| Untracked 
| 146|0x0000000712400000, 0x0000000712400000, 0x0000000712600000|  0%| F|  |TAMS 0x0000000712400000, 0x0000000712400000| Untracked 
| 147|0x0000000712600000, 0x0000000712600000, 0x0000000712800000|  0%| F|  |TAMS 0x0000000712600000, 0x0000000712600000| Untracked 
| 148|0x0000000712800000, 0x0000000712800000, 0x0000000712a00000|  0%| F|  |TAMS 0x0000000712800000, 0x0000000712800000| Untracked 
| 149|0x0000000712a00000, 0x0000000712a00000, 0x0000000712c00000|  0%| F|  |TAMS 0x0000000712a00000, 0x0000000712a00000| Untracked 
| 150|0x0000000712c00000, 0x0000000712c00000, 0x0000000712e00000|  0%| F|  |TAMS 0x0000000712c00000, 0x0000000712c00000| Untracked 
| 151|0x0000000712e00000, 0x0000000712e00000, 0x0000000713000000|  0%| F|  |TAMS 0x0000000712e00000, 0x0000000712e00000| Untracked 
| 152|0x0000000713000000, 0x0000000713000000, 0x0000000713200000|  0%| F|  |TAMS 0x0000000713000000, 0x0000000713000000| Untracked 
| 153|0x0000000713200000, 0x0000000713200000, 0x0000000713400000|  0%| F|  |TAMS 0x0000000713200000, 0x0000000713200000| Untracked 
| 154|0x0000000713400000, 0x0000000713400000, 0x0000000713600000|  0%| F|  |TAMS 0x0000000713400000, 0x0000000713400000| Untracked 
| 155|0x0000000713600000, 0x0000000713600000, 0x0000000713800000|  0%| F|  |TAMS 0x0000000713600000, 0x0000000713600000| Untracked 
| 156|0x0000000713800000, 0x0000000713800000, 0x0000000713a00000|  0%| F|  |TAMS 0x0000000713800000, 0x0000000713800000| Untracked 
| 157|0x0000000713a00000, 0x0000000713a00000, 0x0000000713c00000|  0%| F|  |TAMS 0x0000000713a00000, 0x0000000713a00000| Untracked 
| 158|0x0000000713c00000, 0x0000000713c00000, 0x0000000713e00000|  0%| F|  |TAMS 0x0000000713c00000, 0x0000000713c00000| Untracked 
| 159|0x0000000713e00000, 0x0000000713e00000, 0x0000000714000000|  0%| F|  |TAMS 0x0000000713e00000, 0x0000000713e00000| Untracked 
| 160|0x0000000714000000, 0x0000000714000000, 0x0000000714200000|  0%| F|  |TAMS 0x0000000714000000, 0x0000000714000000| Untracked 
| 161|0x0000000714200000, 0x0000000714200000, 0x0000000714400000|  0%| F|  |TAMS 0x0000000714200000, 0x0000000714200000| Untracked 
| 162|0x0000000714400000, 0x0000000714400000, 0x0000000714600000|  0%| F|  |TAMS 0x0000000714400000, 0x0000000714400000| Untracked 
| 163|0x0000000714600000, 0x0000000714600000, 0x0000000714800000|  0%| F|  |TAMS 0x0000000714600000, 0x0000000714600000| Untracked 
| 164|0x0000000714800000, 0x0000000714800000, 0x0000000714a00000|  0%| F|  |TAMS 0x0000000714800000, 0x0000000714800000| Untracked 
| 165|0x0000000714a00000, 0x0000000714a00000, 0x0000000714c00000|  0%| F|  |TAMS 0x0000000714a00000, 0x0000000714a00000| Untracked 
| 166|0x0000000714c00000, 0x0000000714c00000, 0x0000000714e00000|  0%| F|  |TAMS 0x0000000714c00000, 0x0000000714c00000| Untracked 
| 167|0x0000000714e00000, 0x0000000714e00000, 0x0000000715000000|  0%| F|  |TAMS 0x0000000714e00000, 0x0000000714e00000| Untracked 
| 168|0x0000000715000000, 0x0000000715000000, 0x0000000715200000|  0%| F|  |TAMS 0x0000000715000000, 0x0000000715000000| Untracked 
| 169|0x0000000715200000, 0x0000000715200000, 0x0000000715400000|  0%| F|  |TAMS 0x0000000715200000, 0x0000000715200000| Untracked 
| 170|0x0000000715400000, 0x0000000715400000, 0x0000000715600000|  0%| F|  |TAMS 0x0000000715400000, 0x0000000715400000| Untracked 
| 171|0x0000000715600000, 0x0000000715600000, 0x0000000715800000|  0%| F|  |TAMS 0x0000000715600000, 0x0000000715600000| Untracked 
| 172|0x0000000715800000, 0x0000000715800000, 0x0000000715a00000|  0%| F|  |TAMS 0x0000000715800000, 0x0000000715800000| Untracked 
| 173|0x0000000715a00000, 0x0000000715a00000, 0x0000000715c00000|  0%| F|  |TAMS 0x0000000715a00000, 0x0000000715a00000| Untracked 
| 174|0x0000000715c00000, 0x0000000715c00000, 0x0000000715e00000|  0%| F|  |TAMS 0x0000000715c00000, 0x0000000715c00000| Untracked 
| 175|0x0000000715e00000, 0x0000000715e00000, 0x0000000716000000|  0%| F|  |TAMS 0x0000000715e00000, 0x0000000715e00000| Untracked 
| 176|0x0000000716000000, 0x0000000716000000, 0x0000000716200000|  0%| F|  |TAMS 0x0000000716000000, 0x0000000716000000| Untracked 
| 177|0x0000000716200000, 0x0000000716200000, 0x0000000716400000|  0%| F|  |TAMS 0x0000000716200000, 0x0000000716200000| Untracked 
| 178|0x0000000716400000, 0x0000000716400000, 0x0000000716600000|  0%| F|  |TAMS 0x0000000716400000, 0x0000000716400000| Untracked 
| 179|0x0000000716600000, 0x0000000716600000, 0x0000000716800000|  0%| F|  |TAMS 0x0000000716600000, 0x0000000716600000| Untracked 
| 180|0x0000000716800000, 0x0000000716800000, 0x0000000716a00000|  0%| F|  |TAMS 0x0000000716800000, 0x0000000716800000| Untracked 
| 181|0x0000000716a00000, 0x0000000716a00000, 0x0000000716c00000|  0%| F|  |TAMS 0x0000000716a00000, 0x0000000716a00000| Untracked 
| 182|0x0000000716c00000, 0x0000000716c00000, 0x0000000716e00000|  0%| F|  |TAMS 0x0000000716c00000, 0x0000000716c00000| Untracked 
| 183|0x0000000716e00000, 0x0000000716e00000, 0x0000000717000000|  0%| F|  |TAMS 0x0000000716e00000, 0x0000000716e00000| Untracked 
| 184|0x0000000717000000, 0x0000000717000000, 0x0000000717200000|  0%| F|  |TAMS 0x0000000717000000, 0x0000000717000000| Untracked 
| 185|0x0000000717200000, 0x0000000717200000, 0x0000000717400000|  0%| F|  |TAMS 0x0000000717200000, 0x0000000717200000| Untracked 
| 186|0x0000000717400000, 0x0000000717400000, 0x0000000717600000|  0%| F|  |TAMS 0x0000000717400000, 0x0000000717400000| Untracked 
| 187|0x0000000717600000, 0x0000000717600000, 0x0000000717800000|  0%| F|  |TAMS 0x0000000717600000, 0x0000000717600000| Untracked 
| 188|0x0000000717800000, 0x0000000717800000, 0x0000000717a00000|  0%| F|  |TAMS 0x0000000717800000, 0x0000000717800000| Untracked 
| 189|0x0000000717a00000, 0x0000000717a00000, 0x0000000717c00000|  0%| F|  |TAMS 0x0000000717a00000, 0x0000000717a00000| Untracked 
| 190|0x0000000717c00000, 0x0000000717c00000, 0x0000000717e00000|  0%| F|  |TAMS 0x0000000717c00000, 0x0000000717c00000| Untracked 
| 191|0x0000000717e00000, 0x0000000717e00000, 0x0000000718000000|  0%| F|  |TAMS 0x0000000717e00000, 0x0000000717e00000| Untracked 
| 192|0x0000000718000000, 0x0000000718000000, 0x0000000718200000|  0%| F|  |TAMS 0x0000000718000000, 0x0000000718000000| Untracked 
| 193|0x0000000718200000, 0x0000000718200000, 0x0000000718400000|  0%| F|  |TAMS 0x0000000718200000, 0x0000000718200000| Untracked 
| 194|0x0000000718400000, 0x0000000718400000, 0x0000000718600000|  0%| F|  |TAMS 0x0000000718400000, 0x0000000718400000| Untracked 
| 195|0x0000000718600000, 0x0000000718600000, 0x0000000718800000|  0%| F|  |TAMS 0x0000000718600000, 0x0000000718600000| Untracked 
| 196|0x0000000718800000, 0x0000000718800000, 0x0000000718a00000|  0%| F|  |TAMS 0x0000000718800000, 0x0000000718800000| Untracked 
| 197|0x0000000718a00000, 0x0000000718a00000, 0x0000000718c00000|  0%| F|  |TAMS 0x0000000718a00000, 0x0000000718a00000| Untracked 
| 198|0x0000000718c00000, 0x0000000718c00000, 0x0000000718e00000|  0%| F|  |TAMS 0x0000000718c00000, 0x0000000718c00000| Untracked 
| 199|0x0000000718e00000, 0x0000000718e00000, 0x0000000719000000|  0%| F|  |TAMS 0x0000000718e00000, 0x0000000718e00000| Untracked 
| 200|0x0000000719000000, 0x0000000719200000, 0x0000000719200000|100%| S|  |TAMS 0x0000000719000000, 0x0000000719000000| Complete 
| 201|0x0000000719200000, 0x0000000719400000, 0x0000000719400000|100%| S|  |TAMS 0x0000000719200000, 0x0000000719200000| Complete 
| 202|0x0000000719400000, 0x0000000719600000, 0x0000000719600000|100%| S|  |TAMS 0x0000000719400000, 0x0000000719400000| Complete 
| 203|0x0000000719600000, 0x0000000719800000, 0x0000000719800000|100%| S|  |TAMS 0x0000000719600000, 0x0000000719600000| Complete 
| 204|0x0000000719800000, 0x0000000719a00000, 0x0000000719a00000|100%| S|  |TAMS 0x0000000719800000, 0x0000000719800000| Complete 
| 205|0x0000000719a00000, 0x0000000719c00000, 0x0000000719c00000|100%| S|  |TAMS 0x0000000719a00000, 0x0000000719a00000| Complete 
| 206|0x0000000719c00000, 0x0000000719e00000, 0x0000000719e00000|100%| S|  |TAMS 0x0000000719c00000, 0x0000000719c00000| Complete 
| 207|0x0000000719e00000, 0x000000071a000000, 0x000000071a000000|100%| S|  |TAMS 0x0000000719e00000, 0x0000000719e00000| Complete 
| 208|0x000000071a000000, 0x000000071a200000, 0x000000071a200000|100%| S|  |TAMS 0x000000071a000000, 0x000000071a000000| Complete 
| 209|0x000000071a200000, 0x000000071a400000, 0x000000071a400000|100%| S|  |TAMS 0x000000071a200000, 0x000000071a200000| Complete 
| 210|0x000000071a400000, 0x000000071a600000, 0x000000071a600000|100%| S|  |TAMS 0x000000071a400000, 0x000000071a400000| Complete 
| 211|0x000000071a600000, 0x000000071a800000, 0x000000071a800000|100%| S|  |TAMS 0x000000071a600000, 0x000000071a600000| Complete 
| 212|0x000000071a800000, 0x000000071aa00000, 0x000000071aa00000|100%| E|CS|TAMS 0x000000071a800000, 0x000000071a800000| Complete 
| 213|0x000000071aa00000, 0x000000071ac00000, 0x000000071ac00000|100%| E|CS|TAMS 0x000000071aa00000, 0x000000071aa00000| Complete 
| 214|0x000000071ac00000, 0x000000071ae00000, 0x000000071ae00000|100%| E|CS|TAMS 0x000000071ac00000, 0x000000071ac00000| Complete 
| 215|0x000000071ae00000, 0x000000071b000000, 0x000000071b000000|100%| E|CS|TAMS 0x000000071ae00000, 0x000000071ae00000| Complete 
| 216|0x000000071b000000, 0x000000071b200000, 0x000000071b200000|100%| E|CS|TAMS 0x000000071b000000, 0x000000071b000000| Complete 
| 217|0x000000071b200000, 0x000000071b400000, 0x000000071b400000|100%| E|CS|TAMS 0x000000071b200000, 0x000000071b200000| Complete 
| 218|0x000000071b400000, 0x000000071b600000, 0x000000071b600000|100%| E|CS|TAMS 0x000000071b400000, 0x000000071b400000| Complete 
| 219|0x000000071b600000, 0x000000071b800000, 0x000000071b800000|100%| S|  |TAMS 0x000000071b600000, 0x000000071b600000| Complete 
| 220|0x000000071b800000, 0x000000071b9fed58, 0x000000071ba00000| 99%| E|CS|TAMS 0x000000071b800000, 0x000000071b800000| Complete 
| 221|0x000000071ba00000, 0x000000071bc00000, 0x000000071bc00000|100%| E|CS|TAMS 0x000000071ba00000, 0x000000071ba00000| Complete 
| 222|0x000000071bc00000, 0x000000071be00000, 0x000000071be00000|100%| E|CS|TAMS 0x000000071bc00000, 0x000000071bc00000| Complete 
| 223|0x000000071be00000, 0x000000071c000000, 0x000000071c000000|100%| E|CS|TAMS 0x000000071be00000, 0x000000071be00000| Complete 
| 224|0x000000071c000000, 0x000000071c200000, 0x000000071c200000|100%| E|CS|TAMS 0x000000071c000000, 0x000000071c000000| Complete 
| 225|0x000000071c200000, 0x000000071c400000, 0x000000071c400000|100%| E|CS|TAMS 0x000000071c200000, 0x000000071c200000| Complete 
| 226|0x000000071c400000, 0x000000071c600000, 0x000000071c600000|100%| E|CS|TAMS 0x000000071c400000, 0x000000071c400000| Complete 
| 227|0x000000071c600000, 0x000000071c800000, 0x000000071c800000|100%| E|CS|TAMS 0x000000071c600000, 0x000000071c600000| Complete 
| 228|0x000000071c800000, 0x000000071ca00000, 0x000000071ca00000|100%| E|CS|TAMS 0x000000071c800000, 0x000000071c800000| Complete 
| 229|0x000000071ca00000, 0x000000071cc00000, 0x000000071cc00000|100%| E|CS|TAMS 0x000000071ca00000, 0x000000071ca00000| Complete 
| 230|0x000000071cc00000, 0x000000071ce00000, 0x000000071ce00000|100%| E|CS|TAMS 0x000000071cc00000, 0x000000071cc00000| Complete 
| 231|0x000000071ce00000, 0x000000071d000000, 0x000000071d000000|100%| E|CS|TAMS 0x000000071ce00000, 0x000000071ce00000| Complete 
| 232|0x000000071d000000, 0x000000071d200000, 0x000000071d200000|100%| E|CS|TAMS 0x000000071d000000, 0x000000071d000000| Complete 
| 233|0x000000071d200000, 0x000000071d400000, 0x000000071d400000|100%| E|CS|TAMS 0x000000071d200000, 0x000000071d200000| Complete 
| 234|0x000000071d400000, 0x000000071d600000, 0x000000071d600000|100%| E|CS|TAMS 0x000000071d400000, 0x000000071d400000| Complete 
| 235|0x000000071d600000, 0x000000071d800000, 0x000000071d800000|100%| E|CS|TAMS 0x000000071d600000, 0x000000071d600000| Complete 
| 236|0x000000071d800000, 0x000000071da00000, 0x000000071da00000|100%| E|CS|TAMS 0x000000071d800000, 0x000000071d800000| Complete 
| 237|0x000000071da00000, 0x000000071dc00000, 0x000000071dc00000|100%| E|CS|TAMS 0x000000071da00000, 0x000000071da00000| Complete 
| 238|0x000000071dc00000, 0x000000071de00000, 0x000000071de00000|100%| E|CS|TAMS 0x000000071dc00000, 0x000000071dc00000| Complete 
| 239|0x000000071de00000, 0x000000071e000000, 0x000000071e000000|100%| E|CS|TAMS 0x000000071de00000, 0x000000071de00000| Complete 
| 240|0x000000071e000000, 0x000000071e200000, 0x000000071e200000|100%| E|CS|TAMS 0x000000071e000000, 0x000000071e000000| Complete 
| 241|0x000000071e200000, 0x000000071e400000, 0x000000071e400000|100%| E|CS|TAMS 0x000000071e200000, 0x000000071e200000| Complete 
| 242|0x000000071e400000, 0x000000071e600000, 0x000000071e600000|100%| E|CS|TAMS 0x000000071e400000, 0x000000071e400000| Complete 
| 243|0x000000071e600000, 0x000000071e800000, 0x000000071e800000|100%| E|CS|TAMS 0x000000071e600000, 0x000000071e600000| Complete 
| 244|0x000000071e800000, 0x000000071ea00000, 0x000000071ea00000|100%| E|CS|TAMS 0x000000071e800000, 0x000000071e800000| Complete 
| 245|0x000000071ea00000, 0x000000071ec00000, 0x000000071ec00000|100%| E|CS|TAMS 0x000000071ea00000, 0x000000071ea00000| Complete 
| 246|0x000000071ec00000, 0x000000071ee00000, 0x000000071ee00000|100%| E|CS|TAMS 0x000000071ec00000, 0x000000071ec00000| Complete 
| 247|0x000000071ee00000, 0x000000071f000000, 0x000000071f000000|100%| E|CS|TAMS 0x000000071ee00000, 0x000000071ee00000| Complete 
| 248|0x000000071f000000, 0x000000071f200000, 0x000000071f200000|100%| E|CS|TAMS 0x000000071f000000, 0x000000071f000000| Complete 
| 249|0x000000071f200000, 0x000000071f400000, 0x000000071f400000|100%| E|CS|TAMS 0x000000071f200000, 0x000000071f200000| Complete 
| 250|0x000000071f400000, 0x000000071f600000, 0x000000071f600000|100%| E|CS|TAMS 0x000000071f400000, 0x000000071f400000| Complete 
| 251|0x000000071f600000, 0x000000071f800000, 0x000000071f800000|100%| E|CS|TAMS 0x000000071f600000, 0x000000071f600000| Complete 
| 252|0x000000071f800000, 0x000000071fa00000, 0x000000071fa00000|100%| E|CS|TAMS 0x000000071f800000, 0x000000071f800000| Complete 
| 253|0x000000071fa00000, 0x000000071fc00000, 0x000000071fc00000|100%| E|CS|TAMS 0x000000071fa00000, 0x000000071fa00000| Complete 
| 254|0x000000071fc00000, 0x000000071fe00000, 0x000000071fe00000|100%| E|CS|TAMS 0x000000071fc00000, 0x000000071fc00000| Complete 
| 255|0x000000071fe00000, 0x0000000720000000, 0x0000000720000000|100%| E|CS|TAMS 0x000000071fe00000, 0x000000071fe00000| Complete 
| 256|0x0000000720000000, 0x0000000720200000, 0x0000000720200000|100%| E|CS|TAMS 0x0000000720000000, 0x0000000720000000| Complete 
| 257|0x0000000720200000, 0x0000000720400000, 0x0000000720400000|100%| E|CS|TAMS 0x0000000720200000, 0x0000000720200000| Complete 
| 258|0x0000000720400000, 0x0000000720600000, 0x0000000720600000|100%| E|CS|TAMS 0x0000000720400000, 0x0000000720400000| Complete 
| 259|0x0000000720600000, 0x0000000720800000, 0x0000000720800000|100%| E|CS|TAMS 0x0000000720600000, 0x0000000720600000| Complete 
| 260|0x0000000720800000, 0x0000000720a00000, 0x0000000720a00000|100%| E|CS|TAMS 0x0000000720800000, 0x0000000720800000| Complete 
| 261|0x0000000720a00000, 0x0000000720c00000, 0x0000000720c00000|100%| E|CS|TAMS 0x0000000720a00000, 0x0000000720a00000| Complete 
| 262|0x0000000720c00000, 0x0000000720e00000, 0x0000000720e00000|100%| E|CS|TAMS 0x0000000720c00000, 0x0000000720c00000| Complete 
| 263|0x0000000720e00000, 0x0000000721000000, 0x0000000721000000|100%| E|CS|TAMS 0x0000000720e00000, 0x0000000720e00000| Complete 
| 264|0x0000000721000000, 0x0000000721200000, 0x0000000721200000|100%| E|CS|TAMS 0x0000000721000000, 0x0000000721000000| Complete 
| 265|0x0000000721200000, 0x0000000721400000, 0x0000000721400000|100%| E|CS|TAMS 0x0000000721200000, 0x0000000721200000| Complete 
| 266|0x0000000721400000, 0x0000000721600000, 0x0000000721600000|100%| E|CS|TAMS 0x0000000721400000, 0x0000000721400000| Complete 
| 267|0x0000000721600000, 0x0000000721800000, 0x0000000721800000|100%| E|CS|TAMS 0x0000000721600000, 0x0000000721600000| Complete 
| 268|0x0000000721800000, 0x0000000721a00000, 0x0000000721a00000|100%| E|CS|TAMS 0x0000000721800000, 0x0000000721800000| Complete 
| 269|0x0000000721a00000, 0x0000000721c00000, 0x0000000721c00000|100%| E|CS|TAMS 0x0000000721a00000, 0x0000000721a00000| Complete 
| 270|0x0000000721c00000, 0x0000000721e00000, 0x0000000721e00000|100%| E|CS|TAMS 0x0000000721c00000, 0x0000000721c00000| Complete 
| 271|0x0000000721e00000, 0x0000000722000000, 0x0000000722000000|100%| E|CS|TAMS 0x0000000721e00000, 0x0000000721e00000| Complete 
| 272|0x0000000722000000, 0x0000000722200000, 0x0000000722200000|100%| E|CS|TAMS 0x0000000722000000, 0x0000000722000000| Complete 
| 273|0x0000000722200000, 0x0000000722400000, 0x0000000722400000|100%| E|CS|TAMS 0x0000000722200000, 0x0000000722200000| Complete 
| 274|0x0000000722400000, 0x0000000722600000, 0x0000000722600000|100%| E|CS|TAMS 0x0000000722400000, 0x0000000722400000| Complete 
| 275|0x0000000722600000, 0x0000000722800000, 0x0000000722800000|100%| E|CS|TAMS 0x0000000722600000, 0x0000000722600000| Complete 
| 276|0x0000000722800000, 0x0000000722a00000, 0x0000000722a00000|100%| E|CS|TAMS 0x0000000722800000, 0x0000000722800000| Complete 
| 277|0x0000000722a00000, 0x0000000722c00000, 0x0000000722c00000|100%| E|CS|TAMS 0x0000000722a00000, 0x0000000722a00000| Complete 
| 278|0x0000000722c00000, 0x0000000722e00000, 0x0000000722e00000|100%| E|CS|TAMS 0x0000000722c00000, 0x0000000722c00000| Complete 
| 279|0x0000000722e00000, 0x0000000723000000, 0x0000000723000000|100%| E|CS|TAMS 0x0000000722e00000, 0x0000000722e00000| Complete 
| 280|0x0000000723000000, 0x0000000723200000, 0x0000000723200000|100%| E|CS|TAMS 0x0000000723000000, 0x0000000723000000| Complete 
| 281|0x0000000723200000, 0x0000000723400000, 0x0000000723400000|100%| E|CS|TAMS 0x0000000723200000, 0x0000000723200000| Complete 
| 282|0x0000000723400000, 0x0000000723600000, 0x0000000723600000|100%| E|CS|TAMS 0x0000000723400000, 0x0000000723400000| Complete 
| 283|0x0000000723600000, 0x0000000723800000, 0x0000000723800000|100%| E|CS|TAMS 0x0000000723600000, 0x0000000723600000| Complete 
| 284|0x0000000723800000, 0x0000000723a00000, 0x0000000723a00000|100%| E|CS|TAMS 0x0000000723800000, 0x0000000723800000| Complete 
| 285|0x0000000723a00000, 0x0000000723c00000, 0x0000000723c00000|100%| E|CS|TAMS 0x0000000723a00000, 0x0000000723a00000| Complete 
| 286|0x0000000723c00000, 0x0000000723e00000, 0x0000000723e00000|100%| E|CS|TAMS 0x0000000723c00000, 0x0000000723c00000| Complete 
| 287|0x0000000723e00000, 0x0000000724000000, 0x0000000724000000|100%| E|CS|TAMS 0x0000000723e00000, 0x0000000723e00000| Complete 
| 288|0x0000000724000000, 0x0000000724200000, 0x0000000724200000|100%| E|CS|TAMS 0x0000000724000000, 0x0000000724000000| Complete 
| 289|0x0000000724200000, 0x0000000724400000, 0x0000000724400000|100%| E|CS|TAMS 0x0000000724200000, 0x0000000724200000| Complete 
| 290|0x0000000724400000, 0x0000000724600000, 0x0000000724600000|100%| E|CS|TAMS 0x0000000724400000, 0x0000000724400000| Complete 
| 291|0x0000000724600000, 0x0000000724800000, 0x0000000724800000|100%| E|CS|TAMS 0x0000000724600000, 0x0000000724600000| Complete 
| 292|0x0000000724800000, 0x0000000724a00000, 0x0000000724a00000|100%| E|CS|TAMS 0x0000000724800000, 0x0000000724800000| Complete 
| 293|0x0000000724a00000, 0x0000000724c00000, 0x0000000724c00000|100%| E|CS|TAMS 0x0000000724a00000, 0x0000000724a00000| Complete 
| 294|0x0000000724c00000, 0x0000000724e00000, 0x0000000724e00000|100%| E|CS|TAMS 0x0000000724c00000, 0x0000000724c00000| Complete 
| 295|0x0000000724e00000, 0x0000000725000000, 0x0000000725000000|100%| E|CS|TAMS 0x0000000724e00000, 0x0000000724e00000| Complete 
| 296|0x0000000725000000, 0x0000000725200000, 0x0000000725200000|100%| E|CS|TAMS 0x0000000725000000, 0x0000000725000000| Complete 
| 297|0x0000000725200000, 0x0000000725400000, 0x0000000725400000|100%| E|CS|TAMS 0x0000000725200000, 0x0000000725200000| Complete 
| 298|0x0000000725400000, 0x0000000725600000, 0x0000000725600000|100%| E|CS|TAMS 0x0000000725400000, 0x0000000725400000| Complete 
| 299|0x0000000725600000, 0x0000000725800000, 0x0000000725800000|100%| E|CS|TAMS 0x0000000725600000, 0x0000000725600000| Complete 
| 300|0x0000000725800000, 0x0000000725a00000, 0x0000000725a00000|100%| E|CS|TAMS 0x0000000725800000, 0x0000000725800000| Complete 
| 301|0x0000000725a00000, 0x0000000725c00000, 0x0000000725c00000|100%| E|CS|TAMS 0x0000000725a00000, 0x0000000725a00000| Complete 
| 302|0x0000000725c00000, 0x0000000725e00000, 0x0000000725e00000|100%| E|CS|TAMS 0x0000000725c00000, 0x0000000725c00000| Complete 
| 303|0x0000000725e00000, 0x0000000726000000, 0x0000000726000000|100%| E|CS|TAMS 0x0000000725e00000, 0x0000000725e00000| Complete 
| 304|0x0000000726000000, 0x0000000726200000, 0x0000000726200000|100%| E|CS|TAMS 0x0000000726000000, 0x0000000726000000| Complete 
| 305|0x0000000726200000, 0x0000000726400000, 0x0000000726400000|100%| E|CS|TAMS 0x0000000726200000, 0x0000000726200000| Complete 
| 306|0x0000000726400000, 0x0000000726600000, 0x0000000726600000|100%| E|CS|TAMS 0x0000000726400000, 0x0000000726400000| Complete 
| 307|0x0000000726600000, 0x0000000726800000, 0x0000000726800000|100%| E|CS|TAMS 0x0000000726600000, 0x0000000726600000| Complete 
| 308|0x0000000726800000, 0x0000000726a00000, 0x0000000726a00000|100%| E|CS|TAMS 0x0000000726800000, 0x0000000726800000| Complete 
| 309|0x0000000726a00000, 0x0000000726c00000, 0x0000000726c00000|100%| E|CS|TAMS 0x0000000726a00000, 0x0000000726a00000| Complete 
| 310|0x0000000726c00000, 0x0000000726e00000, 0x0000000726e00000|100%| E|CS|TAMS 0x0000000726c00000, 0x0000000726c00000| Complete 
| 311|0x0000000726e00000, 0x0000000727000000, 0x0000000727000000|100%| E|CS|TAMS 0x0000000726e00000, 0x0000000726e00000| Complete 
| 312|0x0000000727000000, 0x0000000727200000, 0x0000000727200000|100%| E|CS|TAMS 0x0000000727000000, 0x0000000727000000| Complete 
| 313|0x0000000727200000, 0x0000000727400000, 0x0000000727400000|100%| E|CS|TAMS 0x0000000727200000, 0x0000000727200000| Complete 
| 314|0x0000000727400000, 0x0000000727600000, 0x0000000727600000|100%| E|CS|TAMS 0x0000000727400000, 0x0000000727400000| Complete 
| 315|0x0000000727600000, 0x0000000727800000, 0x0000000727800000|100%| E|CS|TAMS 0x0000000727600000, 0x0000000727600000| Complete 
| 316|0x0000000727800000, 0x0000000727a00000, 0x0000000727a00000|100%| E|CS|TAMS 0x0000000727800000, 0x0000000727800000| Complete 

Card table byte_map: [0x0000025356060000,0x0000025356860000] _byte_map_base: 0x0000025352860000

Marking Bits (Prev, Next): (CMBitMap*) 0x000002533f0055b0, (CMBitMap*) 0x000002533f0055f0
 Prev Bits: [0x0000025357060000, 0x000002535b060000)
 Next Bits: [0x000002535b060000, 0x000002535f060000)

Polling page: 0x000002533cf90000

Metaspace:

Usage:
  Non-class:     84.34 MB used.
      Class:     13.61 MB used.
       Both:     97.95 MB used.

Virtual space:
  Non-class space:      128.00 MB reserved,      85.44 MB ( 67%) committed,  2 nodes.
      Class space:        1.00 GB reserved,      14.44 MB (  1%) committed,  1 nodes.
             Both:        1.12 GB reserved,      99.88 MB (  9%) committed. 

Chunk freelists:
   Non-Class:  9.91 MB
       Class:  1.58 MB
        Both:  11.49 MB

MaxMetaspaceSize: 2.00 GB
CompressedClassSpaceSize: 1.00 GB
Initial GC threshold: 21.00 MB
Current GC threshold: 143.38 MB
CDS: on
MetaspaceReclaimPolicy: balanced
 - commit_granule_bytes: 65536.
 - commit_granule_words: 8192.
 - virtual_space_node_default_size: 8388608.
 - enlarge_chunks_in_place: 1.
 - new_chunks_are_fully_committed: 0.
 - uncommit_free_chunks: 1.
 - use_allocation_guard: 0.
 - handle_deallocations: 1.


Internal statistics:

num_allocs_failed_limit: 9.
num_arena_births: 2442.
num_arena_deaths: 0.
num_vsnodes_births: 3.
num_vsnodes_deaths: 0.
num_space_committed: 1598.
num_space_uncommitted: 0.
num_chunks_returned_to_freelist: 9.
num_chunks_taken_from_freelist: 7246.
num_chunk_merges: 9.
num_chunk_splits: 4388.
num_chunks_enlarged: 2395.
num_inconsistent_stats: 0.

CodeHeap 'non-profiled nmethods': size=120000Kb used=12377Kb max_used=12377Kb free=107622Kb
 bounds [0x000002534e330000, 0x000002534ef50000, 0x0000025355860000]
CodeHeap 'profiled nmethods': size=120000Kb used=31078Kb max_used=31078Kb free=88921Kb
 bounds [0x0000025346860000, 0x00000253486c0000, 0x000002534dd90000]
CodeHeap 'non-nmethods': size=5760Kb used=2412Kb max_used=2534Kb free=3348Kb
 bounds [0x000002534dd90000, 0x000002534e020000, 0x000002534e330000]
 total_blobs=17300 nmethods=16352 adapters=858
 compilation: enabled
              stopped_count=0, restarted_count=0
 full_count=0

Compilation events (20 events):
Event: 93.920 Thread 0x0000025361540470 19676       1       java.io.ObjectStreamField::setOffset (6 bytes)
Event: 93.920 Thread 0x0000025361540470 nmethod 19676 0x000002534ef3e590 code [0x000002534ef3e720, 0x000002534ef3e7f8]
Event: 93.921 Thread 0x0000025361540470 19677       2       java.io.DataOutputStream::writeUTF (7 bytes)
Event: 93.921 Thread 0x0000025361540470 nmethod 19677 0x00000253486b7b10 code [0x00000253486b7ca0, 0x00000253486b7dc8]
Event: 93.923 Thread 0x0000025361540470 19678       1       jdk.internal.event.SecurityProviderServiceEvent::isEnabled (2 bytes)
Event: 93.923 Thread 0x0000025361540470 nmethod 19678 0x000002534ef3e890 code [0x000002534ef3ea20, 0x000002534ef3eaf8]
Event: 93.924 Thread 0x0000025361540470 19679       2       java.io.ObjectOutputStream$HandleTable::clear (27 bytes)
Event: 93.924 Thread 0x0000025361540470 nmethod 19679 0x00000253486b7e90 code [0x00000253486b8040, 0x00000253486b8278]
Event: 93.949 Thread 0x0000025361540470 19680       3       java.util.TimSort::binarySort (223 bytes)
Event: 93.950 Thread 0x0000025361540470 nmethod 19680 0x00000253486b8410 code [0x00000253486b8620, 0x00000253486b9178]
Event: 93.958 Thread 0x0000025361540470 19681       3       org.gradle.internal.execution.history.changes.DefaultExecutionStateChangeDetector::collectChanges (27 bytes)
Event: 93.959 Thread 0x0000025361540470 nmethod 19681 0x00000253486b9490 code [0x00000253486b96a0, 0x00000253486b9dd8]
Event: 93.992 Thread 0x0000025361540470 19684       2       org.gradle.api.internal.artifacts.transform.TransformationResult$Builder$$Lambda$1492/0x0000025363e311f0::accept (12 bytes)
Event: 93.993 Thread 0x0000025361540470 nmethod 19684 0x00000253486ba090 code [0x00000253486ba240, 0x00000253486ba408]
Event: 93.993 Thread 0x0000025361540470 19685       2       org.gradle.api.internal.artifacts.transform.TransformationResult$Builder::lambda$convertToProducedOutputLocations$0 (13 bytes)
Event: 93.993 Thread 0x0000025361540470 nmethod 19685 0x00000253486ba510 code [0x00000253486ba6c0, 0x00000253486ba808]
Event: 94.020 Thread 0x000002536153f6a0 nmethod 19650 0x000002534ef3eb90 code [0x000002534ef3f1e0, 0x000002534ef43960]
Event: 94.021 Thread 0x000002536153f6a0 19671       4       org.gradle.internal.component.model.AttributeConfigurationSelector::selectVariantsUsingAttributeMatching (461 bytes)
Event: 94.178 Thread 0x0000025361540470 19686       3       org.gradle.api.internal.artifacts.transform.TransformationResult$Builder$ResolvingTransformationResult::resolveOutputsForInputArtifact (30 bytes)
Event: 94.178 Thread 0x0000025361540470 nmethod 19686 0x00000253486ba910 code [0x00000253486bab80, 0x00000253486bb708]

GC Heap History (20 events):
Event: 26.773 GC heap after
{Heap after GC invocations=45 (full 0):
 garbage-first heap   total 335872K, used 151103K [0x0000000700000000, 0x0000000800000000)
  region size 2048K, 3 young (6144K), 3 survivors (6144K)
 Metaspace       used 84653K, committed 85824K, reserved 1179648K
  class space    used 11885K, committed 12416K, reserved 1048576K
}
Event: 28.801 GC heap before
{Heap before GC invocations=46 (full 0):
 garbage-first heap   total 335872K, used 249407K [0x0000000700000000, 0x0000000800000000)
  region size 2048K, 48 young (98304K), 3 survivors (6144K)
 Metaspace       used 85739K, committed 86976K, reserved 1179648K
  class space    used 12048K, committed 12608K, reserved 1048576K
}
Event: 28.832 GC heap after
{Heap after GC invocations=47 (full 0):
 garbage-first heap   total 335872K, used 176656K [0x0000000700000000, 0x0000000800000000)
  region size 2048K, 6 young (12288K), 6 survivors (12288K)
 Metaspace       used 85739K, committed 86976K, reserved 1179648K
  class space    used 12048K, committed 12608K, reserved 1048576K
}
Event: 28.893 GC heap before
{Heap before GC invocations=47 (full 0):
 garbage-first heap   total 335872K, used 180752K [0x0000000700000000, 0x0000000800000000)
  region size 2048K, 8 young (16384K), 6 survivors (12288K)
 Metaspace       used 85787K, committed 87040K, reserved 1179648K
  class space    used 12052K, committed 12608K, reserved 1048576K
}
Event: 28.905 GC heap after
{Heap after GC invocations=48 (full 0):
 garbage-first heap   total 335872K, used 177576K [0x0000000700000000, 0x0000000800000000)
  region size 2048K, 1 young (2048K), 1 survivors (2048K)
 Metaspace       used 85787K, committed 87040K, reserved 1179648K
  class space    used 12052K, committed 12608K, reserved 1048576K
}
Event: 30.264 GC heap before
{Heap before GC invocations=48 (full 0):
 garbage-first heap   total 335872K, used 251304K [0x0000000700000000, 0x0000000800000000)
  region size 2048K, 38 young (77824K), 1 survivors (2048K)
 Metaspace       used 86481K, committed 87936K, reserved 1179648K
  class space    used 12156K, committed 12800K, reserved 1048576K
}
Event: 30.283 GC heap after
{Heap after GC invocations=49 (full 0):
 garbage-first heap   total 335872K, used 190310K [0x0000000700000000, 0x0000000800000000)
  region size 2048K, 5 young (10240K), 5 survivors (10240K)
 Metaspace       used 86481K, committed 87936K, reserved 1179648K
  class space    used 12156K, committed 12800K, reserved 1048576K
}
Event: 32.193 GC heap before
{Heap before GC invocations=50 (full 0):
 garbage-first heap   total 342016K, used 259942K [0x0000000700000000, 0x0000000800000000)
  region size 2048K, 39 young (79872K), 5 survivors (10240K)
 Metaspace       used 87075K, committed 88576K, reserved 1179648K
  class space    used 12245K, committed 12928K, reserved 1048576K
}
Event: 32.224 GC heap after
{Heap after GC invocations=51 (full 0):
 garbage-first heap   total 342016K, used 201955K [0x0000000700000000, 0x0000000800000000)
  region size 2048K, 5 young (10240K), 5 survivors (10240K)
 Metaspace       used 87075K, committed 88576K, reserved 1179648K
  class space    used 12245K, committed 12928K, reserved 1048576K
}
Event: 32.393 GC heap before
{Heap before GC invocations=51 (full 0):
 garbage-first heap   total 342016K, used 208099K [0x0000000700000000, 0x0000000800000000)
  region size 2048K, 8 young (16384K), 5 survivors (10240K)
 Metaspace       used 87166K, committed 88704K, reserved 1179648K
  class space    used 12256K, committed 12928K, reserved 1048576K
}
Event: 32.416 GC heap after
{Heap after GC invocations=52 (full 0):
 garbage-first heap   total 342016K, used 203265K [0x0000000700000000, 0x0000000800000000)
  region size 2048K, 1 young (2048K), 1 survivors (2048K)
 Metaspace       used 87166K, committed 88704K, reserved 1179648K
  class space    used 12256K, committed 12928K, reserved 1048576K
}
Event: 33.225 GC heap before
{Heap before GC invocations=52 (full 0):
 garbage-first heap   total 342016K, used 266753K [0x0000000700000000, 0x0000000800000000)
  region size 2048K, 32 young (65536K), 1 survivors (2048K)
 Metaspace       used 87939K, committed 89472K, reserved 1179648K
  class space    used 12366K, committed 13056K, reserved 1048576K
}
Event: 33.253 GC heap after
{Heap after GC invocations=53 (full 0):
 garbage-first heap   total 649216K, used 218833K [0x0000000700000000, 0x0000000800000000)
  region size 2048K, 4 young (8192K), 4 survivors (8192K)
 Metaspace       used 87939K, committed 89472K, reserved 1179648K
  class space    used 12366K, committed 13056K, reserved 1048576K
}
Event: 37.818 GC heap before
{Heap before GC invocations=53 (full 0):
 garbage-first heap   total 649216K, used 440017K [0x0000000700000000, 0x0000000800000000)
  region size 2048K, 113 young (231424K), 4 survivors (8192K)
 Metaspace       used 96075K, committed 97792K, reserved 1179648K
  class space    used 13472K, committed 14208K, reserved 1048576K
}
Event: 37.885 GC heap after
{Heap after GC invocations=54 (full 0):
 garbage-first heap   total 649216K, used 261478K [0x0000000700000000, 0x0000000800000000)
  region size 2048K, 15 young (30720K), 15 survivors (30720K)
 Metaspace       used 96075K, committed 97792K, reserved 1179648K
  class space    used 13472K, committed 14208K, reserved 1048576K
}
Event: 81.876 GC heap before
{Heap before GC invocations=54 (full 0):
 garbage-first heap   total 649216K, used 433510K [0x0000000700000000, 0x0000000800000000)
  region size 2048K, 100 young (204800K), 15 survivors (30720K)
 Metaspace       used 98006K, committed 99840K, reserved 1179648K
  class space    used 13773K, committed 14592K, reserved 1048576K
}
Event: 81.961 GC heap after
{Heap after GC invocations=55 (full 0):
 garbage-first heap   total 649216K, used 279365K [0x0000000700000000, 0x0000000800000000)
  region size 2048K, 8 young (16384K), 8 survivors (16384K)
 Metaspace       used 98006K, committed 99840K, reserved 1179648K
  class space    used 13773K, committed 14592K, reserved 1048576K
}
Event: 90.824 GC heap before
{Heap before GC invocations=55 (full 0):
 garbage-first heap   total 649216K, used 461637K [0x0000000700000000, 0x0000000800000000)
  region size 2048K, 98 young (200704K), 8 survivors (16384K)
 Metaspace       used 99899K, committed 101824K, reserved 1179648K
  class space    used 13921K, committed 14784K, reserved 1048576K
}
Event: 90.869 GC heap after
{Heap after GC invocations=56 (full 0):
 garbage-first heap   total 649216K, used 288767K [0x0000000700000000, 0x0000000800000000)
  region size 2048K, 7 young (14336K), 7 survivors (14336K)
 Metaspace       used 99899K, committed 101824K, reserved 1179648K
  class space    used 13921K, committed 14784K, reserved 1048576K
}
Event: 94.201 GC heap before
{Heap before GC invocations=56 (full 0):
 garbage-first heap   total 649216K, used 485375K [0x0000000700000000, 0x0000000800000000)
  region size 2048K, 104 young (212992K), 7 survivors (14336K)
 Metaspace       used 100300K, committed 102272K, reserved 1179648K
  class space    used 13940K, committed 14784K, reserved 1048576K
}

Deoptimization events (20 events):
Event: 93.769 Thread 0x00000253a99f1060 DEOPT PACKING pc=0x0000025346bab71e sp=0x0000007206cfbe90
Event: 93.769 Thread 0x00000253a99f1060 DEOPT UNPACKING pc=0x000002534dde2b43 sp=0x0000007206cfb3a0 mode 0
Event: 93.921 Thread 0x00000253a99f7090 Uncommon trap: trap_request=0xffffffd6 fr.pc=0x000002534eae08e8 relative=0x00000000000009c8
Event: 93.921 Thread 0x00000253a99f7090 Uncommon trap: reason=array_check action=maybe_recompile pc=0x000002534eae08e8 method=java.util.TimSort.binarySort([Ljava/lang/Object;IIILjava/util/Comparator;)V @ 183 c2
Event: 93.921 Thread 0x00000253a99f7090 DEOPT PACKING pc=0x000002534eae08e8 sp=0x0000007206bfb750
Event: 93.921 Thread 0x00000253a99f7090 DEOPT UNPACKING pc=0x000002534dde23a3 sp=0x0000007206bfb6f8 mode 2
Event: 93.922 Thread 0x00000253a99f7090 Uncommon trap: trap_request=0xffffffd6 fr.pc=0x000002534eae08e8 relative=0x00000000000009c8
Event: 93.922 Thread 0x00000253a99f7090 Uncommon trap: reason=array_check action=maybe_recompile pc=0x000002534eae08e8 method=java.util.TimSort.binarySort([Ljava/lang/Object;IIILjava/util/Comparator;)V @ 183 c2
Event: 93.922 Thread 0x00000253a99f7090 DEOPT PACKING pc=0x000002534eae08e8 sp=0x0000007206bfb750
Event: 93.922 Thread 0x00000253a99f7090 DEOPT UNPACKING pc=0x000002534dde23a3 sp=0x0000007206bfb6f8 mode 2
Event: 93.932 Thread 0x00000253a99f7090 Uncommon trap: trap_request=0xffffff45 fr.pc=0x000002534ee78398 relative=0x0000000000002ad8
Event: 93.932 Thread 0x00000253a99f7090 Uncommon trap: reason=unstable_if action=reinterpret pc=0x000002534ee78398 method=org.gradle.api.internal.artifacts.ivyservice.resolveengine.graph.builder.SelectorState.trackDetailsForOverrideMetadata(Lorg/gradle/api/internal/artifacts/ivyservice/resolvee
Event: 93.932 Thread 0x00000253a99f7090 DEOPT PACKING pc=0x000002534ee78398 sp=0x0000007206bf8df0
Event: 93.932 Thread 0x00000253a99f7090 DEOPT UNPACKING pc=0x000002534dde23a3 sp=0x0000007206bf8c40 mode 2
Event: 93.933 Thread 0x00000253a99f7090 Uncommon trap: trap_request=0xffffff45 fr.pc=0x000002534ef3d2b0 relative=0x0000000000000b70
Event: 93.933 Thread 0x00000253a99f7090 Uncommon trap: reason=unstable_if action=reinterpret pc=0x000002534ef3d2b0 method=org.gradle.api.internal.artifacts.ivyservice.clientmodule.ClientModuleResolver.resolve(Lorg/gradle/api/artifacts/component/ComponentIdentifier;Lorg/gradle/internal/component
Event: 93.933 Thread 0x00000253a99f7090 DEOPT PACKING pc=0x000002534ef3d2b0 sp=0x0000007206bf8f00
Event: 93.933 Thread 0x00000253a99f7090 DEOPT UNPACKING pc=0x000002534dde23a3 sp=0x0000007206bf8e58 mode 2
Event: 94.171 Thread 0x00000253a99f7090 DEOPT PACKING pc=0x0000025346bab71e sp=0x0000007206bfb590
Event: 94.171 Thread 0x00000253a99f7090 DEOPT UNPACKING pc=0x000002534dde2b43 sp=0x0000007206bfaaa0 mode 0

Classes unloaded (0 events):
No events

Classes redefined (0 events):
No events

Internal exceptions (20 events):
Event: 40.356 Thread 0x00000253a99f7090 Exception <a 'java/lang/ClassNotFoundException'{0x00000007214181b8}: org/gradle/process/internal/DefaultExecAction_DecoratedCustomizer> (0x00000007214181b8) 
thrown [s\open\src\hotspot\share\classfile\systemDictionary.cpp, line 256]
Event: 40.358 Thread 0x00000253a99f7090 Exception <a 'java/lang/ClassNotFoundException'{0x0000000721451ac0}: org/gradle/api/logging/LogLevelBeanInfo> (0x0000000721451ac0) 
thrown [s\open\src\hotspot\share\classfile\systemDictionary.cpp, line 256]
Event: 40.359 Thread 0x00000253a99f7090 Exception <a 'java/lang/ClassNotFoundException'{0x0000000721463578}: org/gradle/api/logging/LogLevelCustomizer> (0x0000000721463578) 
thrown [s\open\src\hotspot\share\classfile\systemDictionary.cpp, line 256]
Event: 40.362 Thread 0x00000253a99f7090 Exception <a 'java/lang/ClassNotFoundException'{0x00000007214ab818}: org/gradle/internal/logging/services/DefaultLoggingManagerBeanInfo> (0x00000007214ab818) 
thrown [s\open\src\hotspot\share\classfile\systemDictionary.cpp, line 256]
Event: 40.363 Thread 0x00000253a99f7090 Exception <a 'java/lang/ClassNotFoundException'{0x00000007214bdc38}: org/gradle/internal/logging/services/DefaultLoggingManagerCustomizer> (0x00000007214bdc38) 
thrown [s\open\src\hotspot\share\classfile\systemDictionary.cpp, line 256]
Event: 40.365 Thread 0x00000253a99f7090 Exception <a 'java/lang/ClassNotFoundException'{0x00000007214ee7b8}: java/lang/BooleanBeanInfo> (0x00000007214ee7b8) 
thrown [s\open\src\hotspot\share\classfile\systemDictionary.cpp, line 256]
Event: 40.365 Thread 0x00000253a99f7090 Exception <a 'java/lang/ClassNotFoundException'{0x00000007214f51f0}: java/lang/BooleanCustomizer> (0x00000007214f51f0) 
thrown [s\open\src\hotspot\share\classfile\systemDictionary.cpp, line 256]
Event: 40.391 Thread 0x00000253a9d0e5d0 Exception <a 'java/lang/NoSuchMethodError'{0x000000072159c158}: 'void java.lang.invoke.DirectMethodHandle$Holder.invokeStatic(java.lang.Object, long)'> (0x000000072159c158) 
thrown [s\open\src\hotspot\share\interpreter\linkResolver.cpp, line 759]
Event: 40.391 Thread 0x00000253a9d0e5d0 Exception <a 'java/lang/NoSuchMethodError'{0x00000007215a1508}: 'java.lang.Object java.lang.invoke.DirectMethodHandle$Holder.newInvokeSpecial(java.lang.Object, long)'> (0x00000007215a1508) 
thrown [s\open\src\hotspot\share\interpreter\linkResolver.cpp, line 759]
Event: 40.394 Thread 0x00000253a9d0e5d0 Exception <a 'java/lang/NoSuchMethodError'{0x00000007215a7ff8}: 'java.lang.Object java.lang.invoke.DirectMethodHandle$Holder.invokeStatic(java.lang.Object, java.lang.Object, long, java.lang.Object)'> (0x00000007215a7ff8) 
thrown [s\open\src\hotspot\share\interpreter\linkResolver.cpp, line 759]
Event: 40.396 Thread 0x00000253a9d0e5d0 Exception <a 'java/lang/NoSuchMethodError'{0x00000007215ab7d0}: 'java.lang.Object java.lang.invoke.DirectMethodHandle$Holder.invokeStaticInit(java.lang.Object, java.lang.Object, long, java.lang.Object)'> (0x00000007215ab7d0) 
thrown [s\open\src\hotspot\share\interpreter\linkResolver.cpp, line 759]
Event: 80.699 Thread 0x00000253a8ee1740 Exception <a 'java/lang/NoSuchMethodError'{0x000000071fbf3c90}: 'java.lang.Object java.lang.invoke.DirectMethodHandle$Holder.invokeSpecialIFC(java.lang.Object, java.lang.Object, java.lang.Object)'> (0x000000071fbf3c90) 
thrown [s\open\src\hotspot\share\interpreter\linkResolver.cpp, line 759]
Event: 80.699 Thread 0x00000253a8ee3090 Exception <a 'java/lang/NoSuchMethodError'{0x000000071fbf7598}: 'java.lang.Object java.lang.invoke.DirectMethodHandle$Holder.invokeSpecialIFC(java.lang.Object, java.lang.Object, java.lang.Object)'> (0x000000071fbf7598) 
thrown [s\open\src\hotspot\share\interpreter\linkResolver.cpp, line 759]
Event: 84.461 Thread 0x00000253a99f5230 Exception <a 'java/lang/NoSuchMethodError'{0x0000000722326d40}: static Lcom/android/ide/common/resources/MergedAssetWriter$AssetWorkAction;.<clinit>()V> (0x0000000722326d40) 
thrown [s\open\src\hotspot\share\prims\jni.cpp, line 1112]
Event: 93.921 Thread 0x00000253a99f7090 Exception <a 'java/lang/NoSuchMethodError'{0x000000071d7a04d0}: static Lcom/android/build/gradle/internal/scope/InternalArtifactType;.<clinit>()V> (0x000000071d7a04d0) 
thrown [s\open\src\hotspot\share\prims\jni.cpp, line 1112]
Event: 93.921 Thread 0x00000253a99f7090 Exception <a 'java/lang/NoSuchMethodError'{0x000000071d7a1d08}: static Lcom/android/build/gradle/internal/scope/InternalArtifactType;.<clinit>()V> (0x000000071d7a1d08) 
thrown [s\open\src\hotspot\share\prims\jni.cpp, line 1112]
Event: 93.921 Thread 0x00000253a99f7090 Exception <a 'java/lang/NoSuchMethodError'{0x000000071d7a4b28}: static Lcom/android/build/api/artifact/Artifact$Single;.<clinit>()V> (0x000000071d7a4b28) 
thrown [s\open\src\hotspot\share\prims\jni.cpp, line 1112]
Event: 93.922 Thread 0x00000253a99f7090 Exception <a 'java/lang/NoSuchMethodError'{0x000000071d7a7328}: static Ljava/lang/Object;.<clinit>()V> (0x000000071d7a7328) 
thrown [s\open\src\hotspot\share\prims\jni.cpp, line 1112]
Event: 93.923 Thread 0x00000253a99f7090 Exception <a 'java/lang/NoSuchMethodError'{0x000000071d7c09a8}: static Lcom/android/build/api/artifact/ArtifactKind;.<clinit>()V> (0x000000071d7c09a8) 
thrown [s\open\src\hotspot\share\prims\jni.cpp, line 1112]
Event: 93.923 Thread 0x00000253a99f7090 Exception <a 'java/lang/NoSuchMethodError'{0x000000071d7c1e10}: static Lcom/android/build/api/artifact/ArtifactKind;.<clinit>()V> (0x000000071d7c1e10) 
thrown [s\open\src\hotspot\share\prims\jni.cpp, line 1112]

VM Operations (20 events):
Event: 86.556 Executing VM operation: Cleanup done
Event: 88.578 Executing VM operation: Cleanup
Event: 88.578 Executing VM operation: Cleanup done
Event: 89.125 Executing VM operation: ICBufferFull
Event: 89.125 Executing VM operation: ICBufferFull done
Event: 90.139 Executing VM operation: Cleanup
Event: 90.139 Executing VM operation: Cleanup done
Event: 90.824 Executing VM operation: G1CollectForAllocation
Event: 90.870 Executing VM operation: G1CollectForAllocation done
Event: 91.872 Executing VM operation: Cleanup
Event: 91.872 Executing VM operation: Cleanup done
Event: 92.743 Executing VM operation: ICBufferFull
Event: 92.743 Executing VM operation: ICBufferFull done
Event: 92.806 Executing VM operation: HandshakeAllThreads
Event: 92.807 Executing VM operation: HandshakeAllThreads done
Event: 93.217 Executing VM operation: ICBufferFull
Event: 93.217 Executing VM operation: ICBufferFull done
Event: 93.938 Executing VM operation: HandshakeAllThreads
Event: 93.938 Executing VM operation: HandshakeAllThreads done
Event: 94.201 Executing VM operation: G1CollectForAllocation

Events (20 events):
Event: 92.827 Thread 0x00000253615ad5e0 flushing nmethod 0x00000253477ba490
Event: 92.828 Thread 0x00000253615ad5e0 flushing nmethod 0x000002534786bb10
Event: 92.830 Thread 0x00000253615ad5e0 flushing nmethod 0x0000025347b63890
Event: 92.831 Thread 0x00000253615ad5e0 flushing nmethod 0x0000025347c2c610
Event: 92.832 Thread 0x00000253615ad5e0 flushing nmethod 0x0000025347c7a510
Event: 92.832 Thread 0x00000253615ad5e0 flushing nmethod 0x0000025347c7bb90
Event: 92.832 Thread 0x00000253615ad5e0 flushing nmethod 0x0000025347c7c010
Event: 92.835 Thread 0x00000253615ad5e0 flushing nmethod 0x0000025347f55590
Event: 92.836 Thread 0x00000253615ad5e0 flushing nmethod 0x0000025348142610
Event: 92.837 Thread 0x00000253615ad5e0 flushing nmethod 0x0000025348171d90
Event: 92.838 Thread 0x00000253615ad5e0 flushing nmethod 0x00000253482d8690
Event: 92.838 Thread 0x00000253615ad5e0 flushing nmethod 0x00000253482d9790
Event: 92.838 Thread 0x00000253615ad5e0 flushing nmethod 0x00000253482d9c10
Event: 92.838 Thread 0x00000253615ad5e0 flushing nmethod 0x00000253482dab10
Event: 92.838 Thread 0x00000253615ad5e0 flushing nmethod 0x00000253482eaf90
Event: 92.838 Thread 0x00000253615ad5e0 flushing nmethod 0x00000253482eb610
Event: 92.839 Thread 0x00000253615ad5e0 flushing nmethod 0x00000253483a2c10
Event: 92.839 Thread 0x00000253615ad5e0 flushing nmethod 0x00000253483a8510
Event: 92.840 Thread 0x00000253615ad5e0 flushing nmethod 0x00000253484bf410
Event: 92.840 Thread 0x00000253615ad5e0 flushing nmethod 0x00000253484c1510


Dynamic libraries:
0x00007ff73a400000 - 0x00007ff73a410000 	C:\Program Files\Java\jdk-17\bin\java.exe
0x00007ffb493b0000 - 0x00007ffb495a8000 	C:\Windows\SYSTEM32\ntdll.dll
0x00007ffb488c0000 - 0x00007ffb48982000 	C:\Windows\System32\KERNEL32.DLL
0x00007ffb46d00000 - 0x00007ffb46ffe000 	C:\Windows\System32\KERNELBASE.dll
0x00007ffb46b10000 - 0x00007ffb46c10000 	C:\Windows\System32\ucrtbase.dll
0x00007ffb3d540000 - 0x00007ffb3d55b000 	C:\Program Files\Java\jdk-17\bin\VCRUNTIME140.dll
0x00007ffb3d8c0000 - 0x00007ffb3d8d9000 	C:\Program Files\Java\jdk-17\bin\jli.dll
0x00007ffb47cc0000 - 0x00007ffb47d71000 	C:\Windows\System32\ADVAPI32.dll
0x00007ffb48680000 - 0x00007ffb4871e000 	C:\Windows\System32\msvcrt.dll
0x00007ffb47d80000 - 0x00007ffb47e1f000 	C:\Windows\System32\sechost.dll
0x00007ffb49170000 - 0x00007ffb49293000 	C:\Windows\System32\RPCRT4.dll
0x00007ffb46ae0000 - 0x00007ffb46b07000 	C:\Windows\System32\bcrypt.dll
0x00007ffb48720000 - 0x00007ffb488bd000 	C:\Windows\System32\USER32.dll
0x00007ffb47000000 - 0x00007ffb47022000 	C:\Windows\System32\win32u.dll
0x00007ffb47bc0000 - 0x00007ffb47beb000 	C:\Windows\System32\GDI32.dll
0x00007ffb47200000 - 0x00007ffb47317000 	C:\Windows\System32\gdi32full.dll
0x00007ffb31a30000 - 0x00007ffb31cca000 	C:\Windows\WinSxS\amd64_microsoft.windows.common-controls_6595b64144ccf1df_6.0.19041.4355_none_60b8b9eb71f62e16\COMCTL32.dll
0x00007ffb46c60000 - 0x00007ffb46cfd000 	C:\Windows\System32\msvcp_win.dll
0x00007ffb3d950000 - 0x00007ffb3d95a000 	C:\Windows\SYSTEM32\VERSION.dll
0x00007ffb48be0000 - 0x00007ffb48c0f000 	C:\Windows\System32\IMM32.DLL
0x00007ffb3e760000 - 0x00007ffb3e76c000 	C:\Program Files\Java\jdk-17\bin\vcruntime140_1.dll
0x00007ffb12190000 - 0x00007ffb1221e000 	C:\Program Files\Java\jdk-17\bin\msvcp140.dll
0x00007ffaedde0000 - 0x00007ffaee9c0000 	C:\Program Files\Java\jdk-17\bin\server\jvm.dll
0x00007ffb48670000 - 0x00007ffb48678000 	C:\Windows\System32\PSAPI.DLL
0x00007ffb3d420000 - 0x00007ffb3d429000 	C:\Windows\SYSTEM32\WSOCK32.dll
0x00007ffb2f4f0000 - 0x00007ffb2f517000 	C:\Windows\SYSTEM32\WINMM.dll
0x00007ffb47c50000 - 0x00007ffb47cbb000 	C:\Windows\System32\WS2_32.dll
0x00007ffb452c0000 - 0x00007ffb452d2000 	C:\Windows\SYSTEM32\kernel.appcore.dll
0x00007ffb3d410000 - 0x00007ffb3d41a000 	C:\Program Files\Java\jdk-17\bin\jimage.dll
0x00007ffb41780000 - 0x00007ffb41964000 	C:\Windows\SYSTEM32\DBGHELP.DLL
0x00007ffb23e00000 - 0x00007ffb23e34000 	C:\Windows\SYSTEM32\dbgcore.DLL
0x00007ffb46a50000 - 0x00007ffb46ad2000 	C:\Windows\System32\bcryptPrimitives.dll
0x00007ffb19c50000 - 0x00007ffb19c75000 	C:\Program Files\Java\jdk-17\bin\java.dll
0x00007ffb0a2d0000 - 0x00007ffb0a3a7000 	C:\Program Files\Java\jdk-17\bin\jsvml.dll
0x00007ffb47ed0000 - 0x00007ffb4863d000 	C:\Windows\System32\SHELL32.dll
0x00007ffb41970000 - 0x00007ffb42114000 	C:\Windows\SYSTEM32\windows.storage.dll
0x00007ffb48c10000 - 0x00007ffb48f63000 	C:\Windows\System32\combase.dll
0x00007ffb46480000 - 0x00007ffb464ae000 	C:\Windows\SYSTEM32\Wldp.dll
0x00007ffb492a0000 - 0x00007ffb4936d000 	C:\Windows\System32\OLEAUT32.dll
0x00007ffb47e20000 - 0x00007ffb47ecd000 	C:\Windows\System32\SHCORE.dll
0x00007ffb49020000 - 0x00007ffb49075000 	C:\Windows\System32\shlwapi.dll
0x00007ffb46980000 - 0x00007ffb469a4000 	C:\Windows\SYSTEM32\profapi.dll
0x00007ffb3b870000 - 0x00007ffb3b889000 	C:\Program Files\Java\jdk-17\bin\net.dll
0x00007ffb3a120000 - 0x00007ffb3a22d000 	C:\Windows\SYSTEM32\WINHTTP.dll
0x00007ffb461e0000 - 0x00007ffb4624a000 	C:\Windows\system32\mswsock.dll
0x00007ffb32f10000 - 0x00007ffb32f26000 	C:\Program Files\Java\jdk-17\bin\nio.dll
0x00007ffb30880000 - 0x00007ffb30898000 	C:\Program Files\Java\jdk-17\bin\zip.dll
0x00007ffb2e630000 - 0x00007ffb2e640000 	C:\Program Files\Java\jdk-17\bin\verify.dll
0x00007ffb27cf0000 - 0x00007ffb27d17000 	C:\Users\Al-Mahdi\.gradle\native\c067742578af261105cb4f569cf0c3c89f3d7b1fecec35dd04571415982c5e48\windows-amd64\native-platform.dll
0x00007ffb149b0000 - 0x00007ffb14af4000 	C:\Users\Al-Mahdi\.gradle\native\38dada09dfb8b06ba9b0570ebf7e218e3eb74d4ef43ca46872605cf95ebc2f47\windows-amd64\native-platform-file-events.dll
0x00007ffb3e8a0000 - 0x00007ffb3e8aa000 	C:\Program Files\Java\jdk-17\bin\management.dll
0x00007ffb3e890000 - 0x00007ffb3e89b000 	C:\Program Files\Java\jdk-17\bin\management_ext.dll
0x00007ffb463d0000 - 0x00007ffb463e8000 	C:\Windows\SYSTEM32\CRYPTSP.dll
0x00007ffb45a90000 - 0x00007ffb45ac4000 	C:\Windows\system32\rsaenh.dll
0x00007ffb46940000 - 0x00007ffb4696e000 	C:\Windows\SYSTEM32\USERENV.dll
0x00007ffb463f0000 - 0x00007ffb463fc000 	C:\Windows\SYSTEM32\CRYPTBASE.dll
0x00007ffb45e70000 - 0x00007ffb45eab000 	C:\Windows\SYSTEM32\IPHLPAPI.DLL
0x00007ffb49160000 - 0x00007ffb49168000 	C:\Windows\System32\NSI.dll
0x00007ffb3aeb0000 - 0x00007ffb3aec7000 	C:\Windows\SYSTEM32\dhcpcsvc6.DLL
0x00007ffb3c620000 - 0x00007ffb3c63d000 	C:\Windows\SYSTEM32\dhcpcsvc.DLL
0x00007ffb45ec0000 - 0x00007ffb45f8a000 	C:\Windows\SYSTEM32\DNSAPI.dll
0x00007ffb39590000 - 0x00007ffb3959e000 	C:\Program Files\Java\jdk-17\bin\sunmscapi.dll
0x00007ffb470a0000 - 0x00007ffb471fc000 	C:\Windows\System32\CRYPT32.dll
0x00007ffb464f0000 - 0x00007ffb46517000 	C:\Windows\SYSTEM32\ncrypt.dll
0x00007ffb464b0000 - 0x00007ffb464eb000 	C:\Windows\SYSTEM32\NTASN1.dll
0x00007ffb328d0000 - 0x00007ffb328d7000 	C:\Windows\system32\wshunix.dll
0x00007ffb3d6c0000 - 0x00007ffb3d6d7000 	C:\Windows\system32\napinsp.dll
0x00007ffb3cce0000 - 0x00007ffb3ccfb000 	C:\Windows\system32\pnrpnsp.dll
0x00007ffb236b0000 - 0x00007ffb236c5000 	C:\Windows\system32\wshbth.dll
0x00007ffb3e490000 - 0x00007ffb3e4ad000 	C:\Windows\system32\NLAapi.dll
0x00007ffb39500000 - 0x00007ffb39512000 	C:\Windows\System32\winrnr.dll
0x00007ffb30b20000 - 0x00007ffb30b2a000 	C:\Windows\System32\rasadhlp.dll
0x00007ffb30cf0000 - 0x00007ffb30d70000 	C:\Windows\System32\fwpuclnt.dll

dbghelp: loaded successfully - version: 4.0.5 - missing functions: none
symbol engine: initialized successfully - sym options: 0x614 - pdb path: .;C:\Program Files\Java\jdk-17\bin;C:\Windows\SYSTEM32;C:\Windows\WinSxS\amd64_microsoft.windows.common-controls_6595b64144ccf1df_6.0.19041.4355_none_60b8b9eb71f62e16;C:\Program Files\Java\jdk-17\bin\server;C:\Users\Al-Mahdi\.gradle\native\c067742578af261105cb4f569cf0c3c89f3d7b1fecec35dd04571415982c5e48\windows-amd64;C:\Users\Al-Mahdi\.gradle\native\38dada09dfb8b06ba9b0570ebf7e218e3eb74d4ef43ca46872605cf95ebc2f47\windows-amd64

VM Arguments:
jvm_args: -XX:MaxMetaspaceSize=2G -XX:+HeapDumpOnOutOfMemoryError --add-opens=java.base/java.util=ALL-UNNAMED --add-opens=java.base/java.lang=ALL-UNNAMED --add-opens=java.base/java.lang.invoke=ALL-UNNAMED --add-opens=java.prefs/java.util.prefs=ALL-UNNAMED --add-opens=java.base/java.nio.charset=ALL-UNNAMED --add-opens=java.base/java.net=ALL-UNNAMED --add-opens=java.base/java.util.concurrent.atomic=ALL-UNNAMED -Xmx4G -Dfile.encoding=windows-1252 -Duser.country=US -Duser.language=en -Duser.variant 
java_command: org.gradle.launcher.daemon.bootstrap.GradleDaemon 7.6.3
java_class_path (initial): C:\Users\Al-Mahdi\.gradle\wrapper\dists\gradle-7.6.3-all\aocdy2d2z8kodnny3rsumj8i8\gradle-7.6.3\lib\gradle-launcher-7.6.3.jar
Launcher Type: SUN_STANDARD

[Global flags]
     intx CICompilerCount                          = 3                                         {product} {ergonomic}
     uint ConcGCThreads                            = 1                                         {product} {ergonomic}
     uint G1ConcRefinementThreads                  = 4                                         {product} {ergonomic}
   size_t G1HeapRegionSize                         = 2097152                                   {product} {ergonomic}
    uintx GCDrainStackTargetSize                   = 64                                        {product} {ergonomic}
     bool HeapDumpOnOutOfMemoryError               = true                                   {manageable} {command line}
   size_t InitialHeapSize                          = 132120576                                 {product} {ergonomic}
   size_t MarkStackSize                            = 4194304                                   {product} {ergonomic}
   size_t MaxHeapSize                              = 4294967296                                {product} {command line}
   size_t MaxMetaspaceSize                         = 2147483648                                {product} {command line}
   size_t MaxNewSize                               = 2575302656                                {product} {ergonomic}
   size_t MinHeapDeltaBytes                        = 2097152                                   {product} {ergonomic}
   size_t MinHeapSize                              = 8388608                                   {product} {ergonomic}
    uintx NonNMethodCodeHeapSize                   = 5832780                                {pd product} {ergonomic}
    uintx NonProfiledCodeHeapSize                  = 122912730                              {pd product} {ergonomic}
    uintx ProfiledCodeHeapSize                     = 122912730                              {pd product} {ergonomic}
    uintx ReservedCodeCacheSize                    = 251658240                              {pd product} {ergonomic}
     bool SegmentedCodeCache                       = true                                      {product} {ergonomic}
   size_t SoftMaxHeapSize                          = 4294967296                             {manageable} {ergonomic}
     bool UseCompressedClassPointers               = true                           {product lp64_product} {ergonomic}
     bool UseCompressedOops                        = true                           {product lp64_product} {ergonomic}
     bool UseG1GC                                  = true                                      {product} {ergonomic}
     bool UseLargePagesIndividualAllocation        = false                                  {pd product} {ergonomic}

Logging:
Log output configuration:
 #0: stdout all=warning uptime,level,tags
 #1: stderr all=off uptime,level,tags

Environment Variables:
JAVA_HOME=C:\Program Files\Java\jdk-17
CLASSPATH=E:\anas\rct_app\android\\gradle\wrapper\gradle-wrapper.jar
PATH=C:\Program Files\Java\jdk-17\bin;C:\Program Files\Common Files\Oracle\Java\javapath;C:\Program Files (x86)\Common Files\Intel\Shared Libraries\redist\intel64\compiler;C:\Windows\system32;C:\Windows;C:\Windows\System32\Wbem;C:\Windows\System32\WindowsPowerShell\v1.0\;C:\Windows\System32\OpenSSH\;C:\Program Files\Git\cmd;C:\Users\Al-Mahdi\AppData\Local\Pub\Cache\bin;C:\Program Files\nodejs\;C:\Program Files\Java\jdk-17\bin;C:\Users\Al-Mahdi\AppData\Local\Microsoft\WindowsApps;C:\src\flutter\bin;C:\dart-sdk\bin;C:\Users\Al-Mahdi\Downloads\flutter_tools;C:\Users\Al-Mahdi\AppData\Local\Programs\Microsoft VS Code\bin;C:\ProgramData\Microsoft\Windows\Start Menu\Programs\Android Studio;C:\Users\Al-Mahdi\AppData\Local\Pub\Cache\bin;C:\Users\Al-Mahdi\AppData\Roaming\npm;C:\Program Files\Java\jdk-17\bin;;C:\src\flutter\bin\mingit\cmd;C:\src\flutter\bin\mingit\cmd
USERNAME=Al-Mahdi
OS=Windows_NT
PROCESSOR_IDENTIFIER=Intel64 Family 6 Model 142 Stepping 9, GenuineIntel



---------------  S Y S T E M  ---------------

OS:
 Windows 10 , 64 bit Build 19041 (10.0.19041.5198)
OS uptime: 0 days 5:09 hours

CPU: total 4 (initial active 4) (2 cores per cpu, 2 threads per core) family 6 model 142 stepping 9 microcode 0xf4, cx8, cmov, fxsr, ht, mmx, 3dnowpref, sse, sse2, sse3, ssse3, sse4.1, sse4.2, popcnt, lzcnt, tsc, tscinvbit, avx, avx2, aes, erms, clmul, bmi1, bmi2, rtm, adx, fma, vzeroupper, clflush, clflushopt

Memory: 4k page, system-wide physical 8050M (1486M free)
TotalPageFile size 14706M (AvailPageFile size 5372M)
current process WorkingSet (physical memory assigned to process): 916M, peak: 916M
current process commit charge ("private bytes"): 1015M, peak: 1017M

vm_info: Java HotSpot(TM) 64-Bit Server VM (17.0.12+8-LTS-286) for windows-amd64 JRE (17.0.12+8-LTS-286), built on Jun  5 2024 06:46:59 by "mach5one" with MS VC++ 17.6 (VS2022)

END.
