#
# A fatal error has been detected by the Java Runtime Environment:
#
#  EXCEPTION_ACCESS_VIOLATION (0xc0000005) at pc=0x00007ff9b5df4c09, pid=16352, tid=16528
#
# JRE version: Java(TM) SE Runtime Environment (17.0.12+8) (build 17.0.12+8-LTS-286)
# Java VM: Java HotSpot(TM) 64-Bit Server VM (17.0.12+8-LTS-286, mixed mode, sharing, tiered, compressed oops, compressed class ptrs, g1 gc, windows-amd64)
# Problematic frame:
# V  [jvm.dll+0x304c09]
#
# No core dump will be written. Minidumps are not enabled by default on client versions of Windows
#
# If you would like to submit a bug report, please visit:
#   https://bugreport.java.com/bugreport/crash.jsp
#

---------------  S U M M A R Y ------------

Command Line: -XX:MaxMetaspaceSize=2G -XX:+HeapDumpOnOutOfMemoryError --add-opens=java.base/java.util=ALL-UNNAMED --add-opens=java.base/java.lang=ALL-UNNAMED --add-opens=java.base/java.lang.invoke=ALL-UNNAMED --add-opens=java.prefs/java.util.prefs=ALL-UNNAMED --add-opens=java.base/java.nio.charset=ALL-UNNAMED --add-opens=java.base/java.net=ALL-UNNAMED --add-opens=java.base/java.util.concurrent.atomic=ALL-UNNAMED -Xmx4G -Dfile.encoding=windows-1252 -Duser.country=US -Duser.language=en -Duser.variant org.gradle.launcher.daemon.bootstrap.GradleDaemon 7.6.3

Host: Intel(R) Core(TM) i5-7300U CPU @ 2.60GHz, 4 cores, 7G,  Windows 10 , 64 bit Build 19041 (10.0.19041.5198)
Time: Thu Jan 23 11:24:35 2025 Egypt Standard Time elapsed time: 179.309651 seconds (0d 0h 2m 59s)

---------------  T H R E A D  ---------------

Current thread (0x0000015c908508c0):  GCTaskThread "GC Thread#3" [stack: 0x0000001599800000,0x0000001599900000] [id=16528]

Stack: [0x0000001599800000,0x0000001599900000],  sp=0x00000015998ff910,  free space=1022k
Native frames: (J=compiled Java code, j=interpreted, Vv=VM code, C=native code)
V  [jvm.dll+0x304c09]
V  [jvm.dll+0x30190e]
V  [jvm.dll+0x310113]
V  [jvm.dll+0x311f2b]
V  [jvm.dll+0x31070d]
V  [jvm.dll+0x311ada]
V  [jvm.dll+0x2dc663]
V  [jvm.dll+0x2ddf0b]
V  [jvm.dll+0x80832b]
V  [jvm.dll+0x808376]
V  [jvm.dll+0x78abea]
V  [jvm.dll+0x678f35]
C  [ucrtbase.dll+0x21bb2]
C  [KERNEL32.DLL+0x17374]
C  [ntdll.dll+0x4cc91]


siginfo: EXCEPTION_ACCESS_VIOLATION (0xc0000005), reading address 0x0000000600027770


Registers:
RAX=0x0000000000000000, RBX=0x000000071a80eef1, RCX=0x0000000000000015, RDX=0x0000000000000000
RSP=0x00000015998ff910, RBP=0x0000000000000e00, RSI=0x000000071a80eef0, RDI=0x0000015c90851950
R8 =0x000000071cd951f8, R9 =0x0000000700117700, R10=0x0000000600027770, R11=0x0000000000000001
R12=0x00000015998ffb70, R13=0x0000015c27fc2fa0, R14=0x0000000000000040, R15=0x0000000000000000
RIP=0x00007ff9b5df4c09, EFLAGS=0x0000000000010246


Register to memory mapping:

RIP=0x00007ff9b5df4c09 jvm.dll
RAX=0x0 is NULL
RBX=0x000000071a80eef1 is pointing into object: org.gradle.internal.component.model.LocalComponentDependencyMetadata 
{0x000000071a80eec8} - klass: 'org/gradle/internal/component/model/LocalComponentDependencyMetadata'
 - ---- fields (total size 7 words):
 - private final 'force' 'Z' @12  false
 - private final 'changing' 'Z' @13  false
 - private final 'transitive' 'Z' @14  false
 - private final 'constraint' 'Z' @15  true
 - private final 'endorsing' 'Z' @16  false
 - private final 'fromLock' 'Z' @17  false
 - private final 'componentId' 'Lorg/gradle/api/artifacts/component/ComponentIdentifier;' @20  a 'org/gradle/api/internal/artifacts/DefaultProjectComponentIdentifier'{0x0000000703d3c768} (e07a78ed)
 - private final 'selector' 'Lorg/gradle/api/artifacts/component/ComponentSelector;' @24  a 'org/gradle/internal/component/external/model/DefaultModuleComponentSelector'{0x000000071a80ef00} (e3501de0)
 - private final 'moduleConfiguration' 'Ljava/lang/String;' @28  "debugCompileClasspath"{0x0000000709b6e9c0} (e136dd38)
 - private final 'dependencyConfiguration' 'Ljava/lang/String;' @32  NULL (0)
 - private final 'excludes' 'Ljava/util/List;' @36  a 'java/util/Collections$EmptyList'{0x0000000700027770} (e0004eee)
 - private final 'artifactNames' 'Ljava/util/List;' @40  
[error occurred during error reporting (printing register info), id 0xc0000005, EXCEPTION_ACCESS_VIOLATION (0xc0000005) at pc=0x00007ff9b5e7eb3e]

Top of Stack: (sp=0x00000015998ff910)
0x00000015998ff910:   0000000000010000 0000000003810001
0x00000015998ff920:   0000000000000008 0000000000000001
0x00000015998ff930:   0000015c3f068e40 0000000000000001
0x00000015998ff940:   0000000000000040 00000015998ffb70
0x00000015998ff950:   00000007031cee00 00007ff9b5df190e
0x00000015998ff960:   000000070318d000 0000015c90851950
0x00000015998ff970:   0000015c27fc2fa0 0000015c3f068e40
0x00000015998ff980:   000000006adc3490 000000712d57be6b
0x00000015998ff990:   00000015998ffb70 00000007031cee00
0x00000015998ff9a0:   00000007031cf008 00007ff9b5e00113
0x00000015998ff9b0:   00000007031cee00 00000015998ff9d0
0x00000015998ff9c0:   00000015998ff9e0 00000015998ffb70
0x00000015998ff9d0:   00000007031cee00 0000000000000040
0x00000015998ff9e0:   00007ff9b63efe88 0000000000000000
0x00000015998ff9f0:   0000015c27fba7d0 0000015c90851950
0x00000015998ffa00:   0000015c3f068e80 00007ff9b5e01f2b 

Instructions: (pc=0x00007ff9b5df4c09)
0x00007ff9b5df4b09:   ff 48 8d 53 fe 48 8b cf e8 aa f6 ff ff e9 35 fd
0x00007ff9b5df4b19:   ff ff 0f 1f 44 00 00 48 8b 77 10 8b ae 80 00 00
0x00007ff9b5df4b29:   00 8b cd 8b 86 00 01 00 00 2b c8 81 e1 ff ff 01
0x00007ff9b5df4b39:   00 41 3b ce 0f 86 e9 02 00 00 ff cd 81 e5 ff ff
0x00007ff9b5df4b49:   01 00 89 ae 80 00 00 00 e8 ba 6c 36 00 90 8b d5
0x00007ff9b5df4b59:   8b 86 00 01 00 00 8b cd 48 8b 9e 80 01 00 00 2b
0x00007ff9b5df4b69:   c8 81 e1 ff ff 01 00 81 f9 ff ff 01 00 48 8b 1c
0x00007ff9b5df4b79:   eb 41 0f 44 cf 85 c9 75 3d 90 89 6c 24 50 48 8b
0x00007ff9b5df4b89:   86 00 01 00 00 48 8b c8 48 c1 e9 20 ff c1 89 4c
0x00007ff9b5df4b99:   24 54 3b e8 0f 85 77 02 00 00 48 c1 e1 20 48 0b
0x00007ff9b5df4ba9:   ca f0 48 0f b1 8e 00 01 00 00 0f 85 61 02 00 00
0x00007ff9b5df4bb9:   8b 86 00 01 00 00 f6 c3 01 0f 84 2f 01 00 00 8b
0x00007ff9b5df4bc9:   0d ea c6 79 00 48 8d 73 ff 48 8b 47 08 44 8b 16
0x00007ff9b5df4bd9:   49 d3 e2 4c 03 15 cd c6 79 00 8b 88 90 05 00 00
0x00007ff9b5df4be9:   49 8b d2 48 8b 80 80 05 00 00 48 d3 ea 0f b7 14
0x00007ff9b5df4bf9:   50 0f b7 c2 66 c1 e8 08 84 c0 0f 88 17 ff ff ff
0x00007ff9b5df4c09:   4d 8b 02 41 0f b6 c0 24 03 3c 03 75 1e 44 38 3d
0x00007ff9b5df4c19:   c4 43 80 00 74 0f 41 0f b6 c0 24 07 3c 05 75 05
0x00007ff9b5df4c29:   4d 8b c7 eb 17 49 83 e0 fc eb 11 4d 8b c8 48 8b
0x00007ff9b5df4c39:   cf 4d 8b c2 e8 be f0 ff ff 4c 8b c0 8b 0d 6d c6
0x00007ff9b5df4c49:   79 00 49 8b d0 48 2b 15 5b c6 79 00 48 d3 ea 89
0x00007ff9b5df4c59:   16 48 8b d6 8b 0d 0d 4c 80 00 49 33 d0 48 d3 ea
0x00007ff9b5df4c69:   48 85 d2 0f 84 ae fe ff ff 48 8b 47 08 48 8b d6
0x00007ff9b5df4c79:   8b 88 c0 01 00 00 48 8b 80 b0 01 00 00 48 d3 ea
0x00007ff9b5df4c89:   48 8b 0c d0 8b 81 94 00 00 00 d1 e8 a8 01 0f 85
0x00007ff9b5df4c99:   83 fe ff ff 48 8b 47 08 8b 88 90 05 00 00 48 8b
0x00007ff9b5df4ca9:   80 80 05 00 00 49 d3 e8 46 38 3c 40 0f 84 65 fe
0x00007ff9b5df4cb9:   ff ff 48 8b 47 60 48 c1 ee 09 48 8b 58 40 48 8b
0x00007ff9b5df4cc9:   48 38 48 03 de 48 2b d9 48 39 9f b0 01 00 00 0f
0x00007ff9b5df4cd9:   84 42 fe ff ff 48 8d 14 19 48 8d 4f 18 e8 45 40
0x00007ff9b5df4ce9:   00 00 48 89 9f b0 01 00 00 e9 29 fe ff ff f6 c3
0x00007ff9b5df4cf9:   03 0f 85 09 01 00 00 48 8b 47 08 4c 8b 13 49 8b 


Stack slot to memory mapping:
stack at sp + 0 slots: 0x0000000000010000 is an unknown value
stack at sp + 1 slots: 0x0000000003810001 is an unknown value
stack at sp + 2 slots: 0x0000000000000008 is an unknown value
stack at sp + 3 slots: 0x0000000000000001 is an unknown value
stack at sp + 4 slots: 0x0000015c3f068e40 points into unknown readable memory: 0xffffffffffffffff | ff ff ff ff ff ff ff ff
stack at sp + 5 slots: 0x0000000000000001 is an unknown value
stack at sp + 6 slots: 0x0000000000000040 is an unknown value
stack at sp + 7 slots: 0x00000015998ffb70 points into unknown readable memory: 0x00007ff9b63f0078 | 78 00 3f b6 f9 7f 00 00


---------------  P R O C E S S  ---------------

Threads class SMR info:
_java_thread_list=0x0000015c95bfd760, length=99, elements={
0x0000015c27fa9f90, 0x0000015c4a50fad0, 0x0000015c4a511870, 0x0000015c4a523460,
0x0000015c4a524f40, 0x0000015c4a527920, 0x0000015c4a5281f0, 0x0000015c4a529eb0,
0x0000015c4a52e890, 0x0000015c4a6a6b10, 0x0000015c4a7753c0, 0x0000015c4a7792f0,
0x0000015c915022c0, 0x0000015c914b7d50, 0x0000015c90fecb30, 0x0000015c4a9e6600,
0x0000015c91f18820, 0x0000015c9069a6b0, 0x0000015c9069b5e0, 0x0000015c9069c510,
0x0000015c9069ca20, 0x0000015c90699c90, 0x0000015c9069cf30, 0x0000015c90699780,
0x0000015c9069baf0, 0x0000015c9069c000, 0x0000015c9069abc0, 0x0000015c9069b0d0,
0x0000015c91b53660, 0x0000015c91b53150, 0x0000015c91b53b70, 0x0000015c91b503c0,
0x0000015c91b52220, 0x0000015c91b508d0, 0x0000015c91b52730, 0x0000015c91b50de0,
0x0000015c91b51d10, 0x0000015c91b512f0, 0x0000015c91b52c40, 0x0000015c91dc4700,
0x0000015c91dc5120, 0x0000015c91dc5630, 0x0000015c91dc6050, 0x0000015c91dc6560,
0x0000015c91dc5b40, 0x0000015c91dc4c10, 0x0000015c91dc79a0, 0x0000015c919400a0,
0x0000015c9193ce00, 0x0000015c9193dd30, 0x0000015c9193f680, 0x0000015c9193fb90,
0x0000015c9193bed0, 0x0000015c9193d310, 0x0000015c919405b0, 0x0000015c91943850,
0x0000015c919419f0, 0x0000015c9193c3e0, 0x0000015c9193c8f0, 0x0000015c9193d820,
0x0000015c91942920, 0x0000015c9193e240, 0x0000015c9193e750, 0x0000015c91942e30,
0x0000015c9193f170, 0x0000015c91940ac0, 0x0000015c91940fd0, 0x0000015c919414e0,
0x0000015c91941f00, 0x0000015c91942410, 0x0000015c91943340, 0x0000015c93067630,
0x0000015c93063970, 0x0000015c93067b40, 0x0000015c93066700, 0x0000015c93063e80,
0x0000015c93062f50, 0x0000015c93068560, 0x0000015c93064390, 0x0000015c930648a0,
0x0000015c93068050, 0x0000015c93066c10, 0x0000015c93064db0, 0x0000015c930652c0,
0x0000015c930657d0, 0x0000015c93065ce0, 0x0000015c93068f80, 0x0000015c93063460,
0x0000015c96e07a00, 0x0000015c96e00aa0, 0x0000015c96e02e10, 0x0000015c96e05ba0,
0x0000015c96e04c70, 0x0000015c96e023f0, 0x0000015c96e03320, 0x0000015c96e03830,
0x0000015c96e06ad0, 0x0000015c94c5baf0, 0x0000015c96e00080
}

Java Threads: ( => current thread )
  0x0000015c27fa9f90 JavaThread "main" [_thread_blocked, id=18376, stack(0x0000001598200000,0x0000001598300000)]
  0x0000015c4a50fad0 JavaThread "Reference Handler" daemon [_thread_blocked, id=9588, stack(0x0000001598900000,0x0000001598a00000)]
  0x0000015c4a511870 JavaThread "Finalizer" daemon [_thread_blocked, id=4932, stack(0x0000001598a00000,0x0000001598b00000)]
  0x0000015c4a523460 JavaThread "Signal Dispatcher" daemon [_thread_blocked, id=14992, stack(0x0000001598b00000,0x0000001598c00000)]
  0x0000015c4a524f40 JavaThread "Attach Listener" daemon [_thread_blocked, id=17712, stack(0x0000001598c00000,0x0000001598d00000)]
  0x0000015c4a527920 JavaThread "Service Thread" daemon [_thread_blocked, id=10796, stack(0x0000001598d00000,0x0000001598e00000)]
  0x0000015c4a5281f0 JavaThread "Monitor Deflation Thread" daemon [_thread_blocked, id=4936, stack(0x0000001598e00000,0x0000001598f00000)]
  0x0000015c4a529eb0 JavaThread "C2 CompilerThread0" daemon [_thread_blocked, id=8244, stack(0x0000001598f00000,0x0000001599000000)]
  0x0000015c4a52e890 JavaThread "C1 CompilerThread0" daemon [_thread_blocked, id=9504, stack(0x0000001599000000,0x0000001599100000)]
  0x0000015c4a6a6b10 JavaThread "Sweeper thread" daemon [_thread_blocked, id=6612, stack(0x0000001599100000,0x0000001599200000)]
  0x0000015c4a7753c0 JavaThread "Common-Cleaner" daemon [_thread_blocked, id=12604, stack(0x0000001599200000,0x0000001599300000)]
  0x0000015c4a7792f0 JavaThread "Notification Thread" daemon [_thread_blocked, id=13716, stack(0x0000001599300000,0x0000001599400000)]
  0x0000015c915022c0 JavaThread "Daemon health stats" [_thread_blocked, id=17516, stack(0x0000001599900000,0x0000001599a00000)]
  0x0000015c914b7d50 JavaThread "Incoming local TCP Connector on port 57832" [_thread_in_native, id=4788, stack(0x0000001599500000,0x0000001599600000)]
  0x0000015c90fecb30 JavaThread "Daemon periodic checks" [_thread_blocked, id=15664, stack(0x0000001599a00000,0x0000001599b00000)]
  0x0000015c4a9e6600 JavaThread "Daemon" [_thread_blocked, id=7832, stack(0x0000001599b00000,0x0000001599c00000)]
  0x0000015c91f18820 JavaThread "Handler for socket connection from /127.0.0.1:57832 to /127.0.0.1:57833" [_thread_in_native, id=15548, stack(0x0000001599c00000,0x0000001599d00000)]
  0x0000015c9069a6b0 JavaThread "Cancel handler" [_thread_blocked, id=11504, stack(0x0000001599d00000,0x0000001599e00000)]
  0x0000015c9069b5e0 JavaThread "Daemon worker" [_thread_blocked, id=1920, stack(0x0000001599e00000,0x0000001599f00000)]
  0x0000015c9069c510 JavaThread "Asynchronous log dispatcher for DefaultDaemonConnection: socket connection from /127.0.0.1:57832 to /127.0.0.1:57833" [_thread_blocked, id=17720, stack(0x0000001599f00000,0x000000159a000000)]
  0x0000015c9069ca20 JavaThread "Stdin handler" [_thread_blocked, id=17428, stack(0x000000159a000000,0x000000159a100000)]
  0x0000015c90699c90 JavaThread "Daemon client event forwarder" [_thread_blocked, id=4136, stack(0x000000159a100000,0x000000159a200000)]
  0x0000015c9069cf30 JavaThread "Cache worker for journal cache (C:\Users\Al-Mahdi\.gradle\caches\journal-1)" [_thread_blocked, id=18240, stack(0x000000159a200000,0x000000159a300000)]
  0x0000015c90699780 JavaThread "File lock request listener" [_thread_in_native, id=15380, stack(0x000000159a300000,0x000000159a400000)]
  0x0000015c9069baf0 JavaThread "Cache worker for file hash cache (C:\Users\Al-Mahdi\.gradle\caches\7.6.3\fileHashes)" [_thread_blocked, id=14380, stack(0x000000159a400000,0x000000159a500000)]
  0x0000015c9069c000 JavaThread "File watcher server" daemon [_thread_blocked, id=18184, stack(0x000000159a500000,0x000000159a600000)]
  0x0000015c9069abc0 JavaThread "File watcher consumer" daemon [_thread_blocked, id=9176, stack(0x000000159a600000,0x000000159a700000)]
  0x0000015c9069b0d0 JavaThread "Cache worker for checksums cache (E:\TranslatedRCT\RCT-Mobile 2\RCT-Mobile 2\android\.gradle\7.6.3\checksums)" [_thread_blocked, id=11856, stack(0x000000159a800000,0x000000159a900000)]
  0x0000015c91b53660 JavaThread "Cache worker for cache directory md-rule (C:\Users\Al-Mahdi\.gradle\caches\7.6.3\md-rule)" [_thread_blocked, id=11304, stack(0x000000159a900000,0x000000159aa00000)]
  0x0000015c91b53150 JavaThread "Cache worker for file content cache (C:\Users\Al-Mahdi\.gradle\caches\7.6.3\fileContent)" [_thread_blocked, id=7464, stack(0x000000159aa00000,0x000000159ab00000)]
  0x0000015c91b53b70 JavaThread "Cache worker for file hash cache (E:\TranslatedRCT\RCT-Mobile 2\RCT-Mobile 2\android\.gradle\7.6.3\fileHashes)" [_thread_blocked, id=15680, stack(0x000000159a700000,0x000000159a800000)]
  0x0000015c91b503c0 JavaThread "Cache worker for cache directory md-supplier (C:\Users\Al-Mahdi\.gradle\caches\7.6.3\md-supplier)" [_thread_blocked, id=2484, stack(0x000000159ab00000,0x000000159ac00000)]
  0x0000015c91b52220 JavaThread "Cache worker for execution history cache (C:\Users\Al-Mahdi\.gradle\caches\7.6.3\executionHistory)" [_thread_blocked, id=16624, stack(0x000000159ad00000,0x000000159ae00000)]
  0x0000015c91b508d0 JavaThread "jar transforms" [_thread_blocked, id=14416, stack(0x000000159af00000,0x000000159b000000)]
  0x0000015c91b52730 JavaThread "Cache worker for kotlin-dsl (C:\Users\Al-Mahdi\.gradle\caches\7.6.3\kotlin-dsl)" [_thread_blocked, id=13300, stack(0x000000159b000000,0x000000159b100000)]
  0x0000015c91b50de0 JavaThread "jar transforms Thread 2" [_thread_blocked, id=17644, stack(0x000000159b100000,0x000000159b200000)]
  0x0000015c91b51d10 JavaThread "Cache worker for dependencies-accessors (E:\TranslatedRCT\RCT-Mobile 2\RCT-Mobile 2\android\.gradle\7.6.3\dependencies-accessors)" [_thread_blocked, id=7656, stack(0x000000159b200000,0x000000159b300000)]
  0x0000015c91b512f0 JavaThread "Cache worker for Build Output Cleanup Cache (C:\src\flutter\packages\flutter_tools\gradle\.gradle\buildOutputCleanup)" [_thread_blocked, id=16020, stack(0x000000159ae00000,0x000000159af00000)]
  0x0000015c91b52c40 JavaThread "jar transforms Thread 3" [_thread_blocked, id=16696, stack(0x000000159b300000,0x000000159b400000)]
  0x0000015c91dc4700 JavaThread "Memory manager" [_thread_blocked, id=4104, stack(0x000000159b400000,0x000000159b500000)]
  0x0000015c91dc5120 JavaThread "jar transforms Thread 4" [_thread_blocked, id=17304, stack(0x000000159b600000,0x000000159b700000)]
  0x0000015c91dc5630 JavaThread "included builds" [_thread_blocked, id=11560, stack(0x000000159b700000,0x000000159b800000)]
  0x0000015c91dc6050 JavaThread "Execution worker" [_thread_blocked, id=14620, stack(0x000000159b800000,0x000000159b900000)]
  0x0000015c91dc6560 JavaThread "Execution worker Thread 2" [_thread_blocked, id=556, stack(0x000000159b900000,0x000000159ba00000)]
  0x0000015c91dc5b40 JavaThread "Execution worker Thread 3" [_thread_blocked, id=3976, stack(0x000000159ba00000,0x000000159bb00000)]
  0x0000015c91dc4c10 JavaThread "Cache worker for execution history cache (C:\src\flutter\packages\flutter_tools\gradle\.gradle\7.6.3\executionHistory)" [_thread_blocked, id=4684, stack(0x000000159bb00000,0x000000159bc00000)]
  0x0000015c91dc79a0 JavaThread "Unconstrained build operations" [_thread_blocked, id=7060, stack(0x000000159b500000,0x000000159b600000)]
  0x0000015c919400a0 JavaThread "Unconstrained build operations Thread 2" [_thread_blocked, id=17284, stack(0x000000159bc00000,0x000000159bd00000)]
  0x0000015c9193ce00 JavaThread "Unconstrained build operations Thread 3" [_thread_blocked, id=10416, stack(0x000000159bd00000,0x000000159be00000)]
  0x0000015c9193dd30 JavaThread "Unconstrained build operations Thread 4" [_thread_blocked, id=1288, stack(0x000000159be00000,0x000000159bf00000)]
  0x0000015c9193f680 JavaThread "Unconstrained build operations Thread 5" [_thread_blocked, id=13248, stack(0x000000159bf00000,0x000000159c000000)]
  0x0000015c9193fb90 JavaThread "Unconstrained build operations Thread 6" [_thread_blocked, id=8208, stack(0x000000159c000000,0x000000159c100000)]
  0x0000015c9193bed0 JavaThread "Unconstrained build operations Thread 7" [_thread_blocked, id=16676, stack(0x000000159c100000,0x000000159c200000)]
  0x0000015c9193d310 JavaThread "Unconstrained build operations Thread 8" [_thread_blocked, id=12220, stack(0x000000159c200000,0x000000159c300000)]
  0x0000015c919405b0 JavaThread "Unconstrained build operations Thread 9" [_thread_blocked, id=17876, stack(0x000000159c300000,0x000000159c400000)]
  0x0000015c91943850 JavaThread "Unconstrained build operations Thread 10" [_thread_blocked, id=1240, stack(0x000000159c400000,0x000000159c500000)]
  0x0000015c919419f0 JavaThread "Unconstrained build operations Thread 11" [_thread_blocked, id=11640, stack(0x000000159c600000,0x000000159c700000)]
  0x0000015c9193c3e0 JavaThread "Unconstrained build operations Thread 12" [_thread_blocked, id=1868, stack(0x000000159c700000,0x000000159c800000)]
  0x0000015c9193c8f0 JavaThread "Unconstrained build operations Thread 13" [_thread_blocked, id=13376, stack(0x000000159c800000,0x000000159c900000)]
  0x0000015c9193d820 JavaThread "Unconstrained build operations Thread 14" [_thread_blocked, id=17740, stack(0x000000159c900000,0x000000159ca00000)]
  0x0000015c91942920 JavaThread "Unconstrained build operations Thread 15" [_thread_blocked, id=17448, stack(0x000000159ca00000,0x000000159cb00000)]
  0x0000015c9193e240 JavaThread "Unconstrained build operations Thread 16" [_thread_blocked, id=12556, stack(0x000000159cb00000,0x000000159cc00000)]
  0x0000015c9193e750 JavaThread "Unconstrained build operations Thread 17" [_thread_blocked, id=7452, stack(0x000000159cc00000,0x000000159cd00000)]
  0x0000015c91942e30 JavaThread "Unconstrained build operations Thread 18" [_thread_blocked, id=9856, stack(0x000000159cd00000,0x000000159ce00000)]
  0x0000015c9193f170 JavaThread "Unconstrained build operations Thread 19" [_thread_blocked, id=9868, stack(0x000000159ce00000,0x000000159cf00000)]
  0x0000015c91940ac0 JavaThread "Unconstrained build operations Thread 20" [_thread_blocked, id=12224, stack(0x000000159cf00000,0x000000159d000000)]
  0x0000015c91940fd0 JavaThread "Unconstrained build operations Thread 21" [_thread_blocked, id=11036, stack(0x000000159d000000,0x000000159d100000)]
  0x0000015c919414e0 JavaThread "Unconstrained build operations Thread 22" [_thread_blocked, id=12164, stack(0x000000159d100000,0x000000159d200000)]
  0x0000015c91941f00 JavaThread "Unconstrained build operations Thread 23" [_thread_blocked, id=924, stack(0x000000159d200000,0x000000159d300000)]
  0x0000015c91942410 JavaThread "Unconstrained build operations Thread 24" [_thread_blocked, id=5512, stack(0x000000159d300000,0x000000159d400000)]
  0x0000015c91943340 JavaThread "Unconstrained build operations Thread 25" [_thread_blocked, id=1568, stack(0x000000159d400000,0x000000159d500000)]
  0x0000015c93067630 JavaThread "Unconstrained build operations Thread 26" [_thread_blocked, id=18308, stack(0x000000159d500000,0x000000159d600000)]
  0x0000015c93063970 JavaThread "Unconstrained build operations Thread 27" [_thread_blocked, id=15524, stack(0x000000159d600000,0x000000159d700000)]
  0x0000015c93067b40 JavaThread "Unconstrained build operations Thread 28" [_thread_blocked, id=14548, stack(0x000000159d700000,0x000000159d800000)]
  0x0000015c93066700 JavaThread "Unconstrained build operations Thread 29" [_thread_blocked, id=6156, stack(0x000000159d800000,0x000000159d900000)]
  0x0000015c93063e80 JavaThread "Unconstrained build operations Thread 30" [_thread_blocked, id=8124, stack(0x000000159d900000,0x000000159da00000)]
  0x0000015c93062f50 JavaThread "Unconstrained build operations Thread 31" [_thread_blocked, id=15852, stack(0x000000159da00000,0x000000159db00000)]
  0x0000015c93068560 JavaThread "Unconstrained build operations Thread 32" [_thread_blocked, id=3380, stack(0x000000159db00000,0x000000159dc00000)]
  0x0000015c93064390 JavaThread "Unconstrained build operations Thread 33" [_thread_blocked, id=17604, stack(0x000000159dc00000,0x000000159dd00000)]
  0x0000015c930648a0 JavaThread "Unconstrained build operations Thread 34" [_thread_blocked, id=1800, stack(0x000000159dd00000,0x000000159de00000)]
  0x0000015c93068050 JavaThread "Unconstrained build operations Thread 35" [_thread_blocked, id=16780, stack(0x000000159de00000,0x000000159df00000)]
  0x0000015c93066c10 JavaThread "Unconstrained build operations Thread 36" [_thread_blocked, id=14788, stack(0x000000159df00000,0x000000159e000000)]
  0x0000015c93064db0 JavaThread "Unconstrained build operations Thread 37" [_thread_blocked, id=16604, stack(0x000000159e000000,0x000000159e100000)]
  0x0000015c930652c0 JavaThread "Unconstrained build operations Thread 38" [_thread_blocked, id=11268, stack(0x000000159e100000,0x000000159e200000)]
  0x0000015c930657d0 JavaThread "Unconstrained build operations Thread 39" [_thread_blocked, id=7732, stack(0x000000159e200000,0x000000159e300000)]
  0x0000015c93065ce0 JavaThread "Unconstrained build operations Thread 40" [_thread_blocked, id=16984, stack(0x000000159e300000,0x000000159e400000)]
  0x0000015c93068f80 JavaThread "Cache worker for Build Output Cleanup Cache (E:\TranslatedRCT\RCT-Mobile 2\RCT-Mobile 2\android\.gradle\buildOutputCleanup)" [_thread_blocked, id=15808, stack(0x000000159e400000,0x000000159e500000)]
  0x0000015c93063460 JavaThread "build event listener" [_thread_blocked, id=11444, stack(0x000000159c500000,0x000000159c600000)]
  0x0000015c96e07a00 JavaThread "Cache worker for execution history cache (E:\TranslatedRCT\RCT-Mobile 2\RCT-Mobile 2\android\.gradle\7.6.3\executionHistory)" [_thread_blocked, id=9308, stack(0x000000159e700000,0x000000159e800000)]
  0x0000015c96e00aa0 JavaThread "Exec process" [_thread_blocked, id=10832, stack(0x000000159e800000,0x000000159e900000)]
  0x0000015c96e02e10 JavaThread "Exec process Thread 2" [_thread_blocked, id=9748, stack(0x000000159e900000,0x000000159ea00000)]
  0x0000015c96e05ba0 JavaThread "Exec process Thread 3" [_thread_blocked, id=16964, stack(0x000000159ea00000,0x000000159eb00000)]
  0x0000015c96e04c70 JavaThread "File lock release action executor" [_thread_blocked, id=4832, stack(0x0000001598100000,0x0000001598200000)]
  0x0000015c96e023f0 JavaThread "WorkerExecutor Queue Thread 3" [_thread_blocked, id=13400, stack(0x000000159ed00000,0x000000159ee00000)]
  0x0000015c96e03320 JavaThread "WorkerExecutor Queue Thread 4" [_thread_blocked, id=18200, stack(0x000000159ee00000,0x000000159ef00000)]
  0x0000015c96e03830 JavaThread "WorkerExecutor Queue Thread 5" [_thread_blocked, id=17320, stack(0x000000159ef00000,0x000000159f000000)]
  0x0000015c96e06ad0 JavaThread "WorkerExecutor Queue Thread 6" [_thread_blocked, id=12128, stack(0x000000159ec00000,0x000000159ed00000)]
  0x0000015c94c5baf0 JavaThread "C2 CompilerThread1" daemon [_thread_blocked, id=16080, stack(0x000000159eb00000,0x000000159ec00000)]
  0x0000015c96e00080 JavaThread "WorkerExecutor Queue Thread 7" [_thread_blocked, id=16980, stack(0x000000159f000000,0x000000159f100000)]

Other Threads:
  0x0000015c4a508b70 VMThread "VM Thread" [stack: 0x0000001598800000,0x0000001598900000] [id=18268]
  0x0000015c4a782000 WatcherThread [stack: 0x0000001599400000,0x0000001599500000] [id=13292]
  0x0000015c28016830 GCTaskThread "GC Thread#0" [stack: 0x0000001598300000,0x0000001598400000] [id=6600]
  0x0000015c90182c60 GCTaskThread "GC Thread#1" [stack: 0x0000001599600000,0x0000001599700000] [id=6528]
  0x0000015c4a9679f0 GCTaskThread "GC Thread#2" [stack: 0x0000001599700000,0x0000001599800000] [id=17068]
=>0x0000015c908508c0 GCTaskThread "GC Thread#3" [stack: 0x0000001599800000,0x0000001599900000] [id=16528]
  0x0000015c280286a0 ConcurrentGCThread "G1 Main Marker" [stack: 0x0000001598400000,0x0000001598500000] [id=5160]
  0x0000015c28028fc0 ConcurrentGCThread "G1 Conc#0" [stack: 0x0000001598500000,0x0000001598600000] [id=1224]
  0x0000015c2805da00 ConcurrentGCThread "G1 Refine#0" [stack: 0x0000001598600000,0x0000001598700000] [id=17592]
  0x0000015c92301160 ConcurrentGCThread "G1 Refine#1" [stack: 0x000000159ac00000,0x000000159ad00000] [id=9032]
  0x0000015c9455b970 ConcurrentGCThread "G1 Refine#2" [stack: 0x0000001598000000,0x0000001598100000] [id=15708]
  0x0000015c2805e340 ConcurrentGCThread "G1 Service" [stack: 0x0000001598700000,0x0000001598800000] [id=7200]

Threads with active compile tasks:
C2 CompilerThread0   179441 24411       4       org.gradle.api.internal.artifacts.ivyservice.resolveengine.result.DefaultResolutionResultBuilder::visitOutgoingEdges (281 bytes)
C2 CompilerThread1   179441 24418       4       org.gradle.api.internal.artifacts.ivyservice.ivyresolve.strategy.StaticVersionComparator::compare (326 bytes)

VM state: at safepoint (normal execution)

VM Mutex/Monitor currently owned by a thread:  ([mutex/lock_event])
[0x0000015c27fa4a70] Threads_lock - owner thread: 0x0000015c4a508b70
[0x0000015c27fa5ac0] Heap_lock - owner thread: 0x0000015c91dc5630

Heap address: 0x0000000700000000, size: 4096 MB, Compressed Oops mode: Zero based, Oop shift amount: 3

CDS archive(s) mapped at: [0x0000015c4b000000-0x0000015c4bbd0000-0x0000015c4bbd0000), size 12386304, SharedBaseAddress: 0x0000015c4b000000, ArchiveRelocationMode: 1.
Compressed class space mapped at: 0x0000015c4c000000-0x0000015c8c000000, reserved size: 1073741824
Narrow klass base: 0x0000015c4b000000, Narrow klass shift: 0, Narrow klass range: 0x100000000

GC Precious Log:
 CPUs: 4 total, 4 available
 Memory: 8050M
 Large Page Support: Disabled
 NUMA Support: Disabled
 Compressed Oops: Enabled (Zero based)
 Heap Region Size: 2M
 Heap Min Capacity: 8M
 Heap Initial Capacity: 126M
 Heap Max Capacity: 4G
 Pre-touch: Disabled
 Parallel Workers: 4
 Concurrent Workers: 1
 Concurrent Refinement Workers: 4
 Periodic GC: Disabled

Heap:
 garbage-first heap   total 649216K, used 510434K [0x0000000700000000, 0x0000000800000000)
  region size 2048K, 98 young (200704K), 12 survivors (24576K)
 Metaspace       used 111256K, committed 113216K, reserved 1179648K
  class space    used 14842K, committed 15744K, reserved 1048576K

Heap Regions: E=young(eden), S=young(survivor), O=old, HS=humongous(starts), HC=humongous(continues), CS=collection set, F=free, OA=open archive, CA=closed archive, TAMS=top-at-mark-start (previous, next)
|   0|0x0000000700000000, 0x0000000700200000, 0x0000000700200000|100%| O|  |TAMS 0x0000000700200000, 0x0000000700000000| Untracked 
|   1|0x0000000700200000, 0x0000000700400000, 0x0000000700400000|100%|HS|  |TAMS 0x0000000700400000, 0x0000000700200000| Complete 
|   2|0x0000000700400000, 0x0000000700600000, 0x0000000700600000|100%|HC|  |TAMS 0x0000000700600000, 0x0000000700400000| Complete 
|   3|0x0000000700600000, 0x0000000700800000, 0x0000000700800000|100%| O|  |TAMS 0x0000000700800000, 0x0000000700600000| Untracked 
|   4|0x0000000700800000, 0x0000000700a00000, 0x0000000700a00000|100%| O|  |TAMS 0x0000000700a00000, 0x0000000700800000| Untracked 
|   5|0x0000000700a00000, 0x0000000700c00000, 0x0000000700c00000|100%| O|  |TAMS 0x0000000700c00000, 0x0000000700a00000| Untracked 
|   6|0x0000000700c00000, 0x0000000700e00000, 0x0000000700e00000|100%| O|  |TAMS 0x0000000700e00000, 0x0000000700c00000| Untracked 
|   7|0x0000000700e00000, 0x0000000701000000, 0x0000000701000000|100%| O|  |TAMS 0x0000000701000000, 0x0000000700e00000| Untracked 
|   8|0x0000000701000000, 0x0000000701200000, 0x0000000701200000|100%| O|  |TAMS 0x0000000701200000, 0x0000000701000000| Untracked 
|   9|0x0000000701200000, 0x0000000701400000, 0x0000000701400000|100%| O|  |TAMS 0x0000000701400000, 0x0000000701200000| Untracked 
|  10|0x0000000701400000, 0x0000000701600000, 0x0000000701600000|100%| O|  |TAMS 0x0000000701600000, 0x0000000701400000| Untracked 
|  11|0x0000000701600000, 0x0000000701800000, 0x0000000701800000|100%| O|  |TAMS 0x0000000701800000, 0x0000000701600000| Untracked 
|  12|0x0000000701800000, 0x0000000701a00000, 0x0000000701a00000|100%| O|  |TAMS 0x0000000701a00000, 0x0000000701800000| Untracked 
|  13|0x0000000701a00000, 0x0000000701c00000, 0x0000000701c00000|100%| O|  |TAMS 0x0000000701c00000, 0x0000000701a00000| Untracked 
|  14|0x0000000701c00000, 0x0000000701e00000, 0x0000000701e00000|100%| O|  |TAMS 0x0000000701e00000, 0x0000000701c00000| Untracked 
|  15|0x0000000701e00000, 0x0000000702000000, 0x0000000702000000|100%| O|  |TAMS 0x0000000702000000, 0x0000000701e00000| Untracked 
|  16|0x0000000702000000, 0x0000000702200000, 0x0000000702200000|100%| O|  |TAMS 0x0000000702200000, 0x0000000702000000| Untracked 
|  17|0x0000000702200000, 0x0000000702400000, 0x0000000702400000|100%| O|  |TAMS 0x0000000702400000, 0x0000000702200000| Untracked 
|  18|0x0000000702400000, 0x0000000702600000, 0x0000000702600000|100%| O|  |TAMS 0x0000000702600000, 0x0000000702400000| Untracked 
|  19|0x0000000702600000, 0x0000000702800000, 0x0000000702800000|100%| O|  |TAMS 0x0000000702800000, 0x0000000702600000| Untracked 
|  20|0x0000000702800000, 0x0000000702a00000, 0x0000000702a00000|100%| O|  |TAMS 0x0000000702a00000, 0x0000000702800000| Untracked 
|  21|0x0000000702a00000, 0x0000000702c00000, 0x0000000702c00000|100%| O|  |TAMS 0x0000000702c00000, 0x0000000702a00000| Untracked 
|  22|0x0000000702c00000, 0x0000000702e00000, 0x0000000702e00000|100%|HS|  |TAMS 0x0000000702e00000, 0x0000000702c00000| Complete 
|  23|0x0000000702e00000, 0x0000000703000000, 0x0000000703000000|100%|HS|  |TAMS 0x0000000703000000, 0x0000000702e00000| Complete 
|  24|0x0000000703000000, 0x0000000703200000, 0x0000000703200000|100%| O|  |TAMS 0x0000000703000000, 0x0000000703000000| Untracked 
|  25|0x0000000703200000, 0x0000000703400000, 0x0000000703400000|100%|HS|  |TAMS 0x0000000703400000, 0x0000000703200000| Complete 
|  26|0x0000000703400000, 0x0000000703600000, 0x0000000703600000|100%|HC|  |TAMS 0x0000000703600000, 0x0000000703400000| Complete 
|  27|0x0000000703600000, 0x0000000703800000, 0x0000000703800000|100%| O|  |TAMS 0x0000000703800000, 0x0000000703600000| Untracked 
|  28|0x0000000703800000, 0x0000000703a00000, 0x0000000703a00000|100%| O|  |TAMS 0x0000000703a00000, 0x0000000703800000| Untracked 
|  29|0x0000000703a00000, 0x0000000703c00000, 0x0000000703c00000|100%|HS|  |TAMS 0x0000000703c00000, 0x0000000703a00000| Complete 
|  30|0x0000000703c00000, 0x0000000703e00000, 0x0000000703e00000|100%| O|  |TAMS 0x0000000703e00000, 0x0000000703c00000| Untracked 
|  31|0x0000000703e00000, 0x0000000704000000, 0x0000000704000000|100%| O|  |TAMS 0x0000000704000000, 0x0000000703e00000| Untracked 
|  32|0x0000000704000000, 0x0000000704200000, 0x0000000704200000|100%| O|  |TAMS 0x0000000704200000, 0x0000000704000000| Untracked 
|  33|0x0000000704200000, 0x0000000704400000, 0x0000000704400000|100%| O|  |TAMS 0x0000000704400000, 0x0000000704200000| Untracked 
|  34|0x0000000704400000, 0x0000000704600000, 0x0000000704600000|100%| O|  |TAMS 0x0000000704600000, 0x0000000704400000| Untracked 
|  35|0x0000000704600000, 0x0000000704800000, 0x0000000704800000|100%| O|  |TAMS 0x0000000704800000, 0x0000000704600000| Untracked 
|  36|0x0000000704800000, 0x0000000704a00000, 0x0000000704a00000|100%| O|  |TAMS 0x0000000704a00000, 0x0000000704800000| Untracked 
|  37|0x0000000704a00000, 0x0000000704c00000, 0x0000000704c00000|100%| O|  |TAMS 0x0000000704c00000, 0x0000000704a00000| Untracked 
|  38|0x0000000704c00000, 0x0000000704e00000, 0x0000000704e00000|100%| O|  |TAMS 0x0000000704e00000, 0x0000000704c00000| Untracked 
|  39|0x0000000704e00000, 0x0000000705000000, 0x0000000705000000|100%| O|  |TAMS 0x0000000705000000, 0x0000000704e00000| Untracked 
|  40|0x0000000705000000, 0x0000000705200000, 0x0000000705200000|100%| O|  |TAMS 0x0000000705200000, 0x0000000705000000| Untracked 
|  41|0x0000000705200000, 0x0000000705400000, 0x0000000705400000|100%| O|  |TAMS 0x0000000705400000, 0x0000000705200000| Untracked 
|  42|0x0000000705400000, 0x0000000705600000, 0x0000000705600000|100%|HS|  |TAMS 0x0000000705600000, 0x0000000705400000| Complete 
|  43|0x0000000705600000, 0x0000000705800000, 0x0000000705800000|100%|HC|  |TAMS 0x0000000705800000, 0x0000000705600000| Complete 
|  44|0x0000000705800000, 0x0000000705a00000, 0x0000000705a00000|100%| O|  |TAMS 0x0000000705a00000, 0x0000000705800000| Untracked 
|  45|0x0000000705a00000, 0x0000000705c00000, 0x0000000705c00000|100%| O|  |TAMS 0x0000000705c00000, 0x0000000705a00000| Untracked 
|  46|0x0000000705c00000, 0x0000000705e00000, 0x0000000705e00000|100%| O|  |TAMS 0x0000000705e00000, 0x0000000705c00000| Untracked 
|  47|0x0000000705e00000, 0x0000000706000000, 0x0000000706000000|100%| O|  |TAMS 0x0000000706000000, 0x0000000705e00000| Untracked 
|  48|0x0000000706000000, 0x0000000706200000, 0x0000000706200000|100%| O|  |TAMS 0x0000000706200000, 0x0000000706000000| Untracked 
|  49|0x0000000706200000, 0x0000000706400000, 0x0000000706400000|100%| O|  |TAMS 0x0000000706400000, 0x0000000706200000| Untracked 
|  50|0x0000000706400000, 0x0000000706600000, 0x0000000706600000|100%| O|  |TAMS 0x0000000706600000, 0x0000000706400000| Untracked 
|  51|0x0000000706600000, 0x0000000706800000, 0x0000000706800000|100%| O|  |TAMS 0x0000000706800000, 0x0000000706600000| Untracked 
|  52|0x0000000706800000, 0x0000000706a00000, 0x0000000706a00000|100%| O|  |TAMS 0x0000000706a00000, 0x0000000706800000| Untracked 
|  53|0x0000000706a00000, 0x0000000706c00000, 0x0000000706c00000|100%| O|  |TAMS 0x0000000706c00000, 0x0000000706a00000| Untracked 
|  54|0x0000000706c00000, 0x0000000706e00000, 0x0000000706e00000|100%| O|  |TAMS 0x0000000706e00000, 0x0000000706c00000| Untracked 
|  55|0x0000000706e00000, 0x0000000707000000, 0x0000000707000000|100%| O|  |TAMS 0x0000000707000000, 0x0000000706e00000| Untracked 
|  56|0x0000000707000000, 0x0000000707200000, 0x0000000707200000|100%| O|  |TAMS 0x0000000707200000, 0x0000000707000000| Untracked 
|  57|0x0000000707200000, 0x0000000707400000, 0x0000000707400000|100%| O|  |TAMS 0x0000000707400000, 0x0000000707200000| Untracked 
|  58|0x0000000707400000, 0x0000000707600000, 0x0000000707600000|100%| O|  |TAMS 0x0000000707600000, 0x0000000707400000| Untracked 
|  59|0x0000000707600000, 0x0000000707800000, 0x0000000707800000|100%| O|  |TAMS 0x0000000707800000, 0x0000000707600000| Untracked 
|  60|0x0000000707800000, 0x0000000707a00000, 0x0000000707a00000|100%|HS|  |TAMS 0x0000000707a00000, 0x0000000707800000| Complete 
|  61|0x0000000707a00000, 0x0000000707c00000, 0x0000000707c00000|100%|HC|  |TAMS 0x0000000707c00000, 0x0000000707a00000| Complete 
|  62|0x0000000707c00000, 0x0000000707e00000, 0x0000000707e00000|100%| O|  |TAMS 0x0000000707e00000, 0x0000000707c00000| Untracked 
|  63|0x0000000707e00000, 0x0000000708000000, 0x0000000708000000|100%| O|  |TAMS 0x0000000708000000, 0x0000000707e00000| Untracked 
|  64|0x0000000708000000, 0x0000000708200000, 0x0000000708200000|100%| O|  |TAMS 0x0000000708200000, 0x0000000708000000| Untracked 
|  65|0x0000000708200000, 0x0000000708400000, 0x0000000708400000|100%| O|  |TAMS 0x0000000708400000, 0x0000000708200000| Untracked 
|  66|0x0000000708400000, 0x0000000708600000, 0x0000000708600000|100%| O|  |TAMS 0x0000000708600000, 0x0000000708400000| Untracked 
|  67|0x0000000708600000, 0x0000000708800000, 0x0000000708800000|100%|HS|  |TAMS 0x0000000708800000, 0x0000000708600000| Complete 
|  68|0x0000000708800000, 0x0000000708a00000, 0x0000000708a00000|100%|HS|  |TAMS 0x0000000708a00000, 0x0000000708800000| Complete 
|  69|0x0000000708a00000, 0x0000000708c00000, 0x0000000708c00000|100%|HC|  |TAMS 0x0000000708c00000, 0x0000000708a00000| Complete 
|  70|0x0000000708c00000, 0x0000000708e00000, 0x0000000708e00000|100%| O|  |TAMS 0x0000000708e00000, 0x0000000708c00000| Untracked 
|  71|0x0000000708e00000, 0x0000000709000000, 0x0000000709000000|100%| O|  |TAMS 0x0000000709000000, 0x0000000708e00000| Untracked 
|  72|0x0000000709000000, 0x0000000709200000, 0x0000000709200000|100%| O|  |TAMS 0x0000000709200000, 0x0000000709000000| Untracked 
|  73|0x0000000709200000, 0x0000000709400000, 0x0000000709400000|100%| O|  |TAMS 0x0000000709400000, 0x0000000709200000| Untracked 
|  74|0x0000000709400000, 0x0000000709600000, 0x0000000709600000|100%| O|  |TAMS 0x0000000709600000, 0x0000000709400000| Untracked 
|  75|0x0000000709600000, 0x0000000709800000, 0x0000000709800000|100%| O|  |TAMS 0x0000000709800000, 0x0000000709600000| Untracked 
|  76|0x0000000709800000, 0x0000000709a00000, 0x0000000709a00000|100%| O|  |TAMS 0x0000000709a00000, 0x0000000709800000| Untracked 
|  77|0x0000000709a00000, 0x0000000709c00000, 0x0000000709c00000|100%| O|  |TAMS 0x0000000709c00000, 0x0000000709a00000| Untracked 
|  78|0x0000000709c00000, 0x0000000709e00000, 0x0000000709e00000|100%| O|  |TAMS 0x0000000709e00000, 0x0000000709c00000| Untracked 
|  79|0x0000000709e00000, 0x000000070a000000, 0x000000070a000000|100%| O|  |TAMS 0x000000070a000000, 0x0000000709e00000| Untracked 
|  80|0x000000070a000000, 0x000000070a200000, 0x000000070a200000|100%| O|  |TAMS 0x000000070a200000, 0x000000070a000000| Untracked 
|  81|0x000000070a200000, 0x000000070a400000, 0x000000070a400000|100%| O|  |TAMS 0x000000070a200000, 0x000000070a200000| Untracked 
|  82|0x000000070a400000, 0x000000070a600000, 0x000000070a600000|100%| O|  |TAMS 0x000000070a600000, 0x000000070a400000| Untracked 
|  83|0x000000070a600000, 0x000000070a800000, 0x000000070a800000|100%| O|  |TAMS 0x000000070a800000, 0x000000070a600000| Untracked 
|  84|0x000000070a800000, 0x000000070aa00000, 0x000000070aa00000|100%| O|  |TAMS 0x000000070aa00000, 0x000000070a800000| Untracked 
|  85|0x000000070aa00000, 0x000000070ac00000, 0x000000070ac00000|100%| O|  |TAMS 0x000000070ac00000, 0x000000070aa00000| Untracked 
|  86|0x000000070ac00000, 0x000000070ae00000, 0x000000070ae00000|100%| O|  |TAMS 0x000000070ae00000, 0x000000070ac00000| Untracked 
|  87|0x000000070ae00000, 0x000000070b000000, 0x000000070b000000|100%| O|  |TAMS 0x000000070b000000, 0x000000070ae00000| Untracked 
|  88|0x000000070b000000, 0x000000070b200000, 0x000000070b200000|100%| O|  |TAMS 0x000000070b200000, 0x000000070b000000| Untracked 
|  89|0x000000070b200000, 0x000000070b400000, 0x000000070b400000|100%| O|  |TAMS 0x000000070b400000, 0x000000070b200000| Untracked 
|  90|0x000000070b400000, 0x000000070b600000, 0x000000070b600000|100%| O|  |TAMS 0x000000070b400000, 0x000000070b400000| Untracked 
|  91|0x000000070b600000, 0x000000070b800000, 0x000000070b800000|100%| O|  |TAMS 0x000000070b800000, 0x000000070b600000| Untracked 
|  92|0x000000070b800000, 0x000000070ba00000, 0x000000070ba00000|100%| O|  |TAMS 0x000000070ba00000, 0x000000070b800000| Untracked 
|  93|0x000000070ba00000, 0x000000070bc00000, 0x000000070bc00000|100%| O|  |TAMS 0x000000070bc00000, 0x000000070ba00000| Untracked 
|  94|0x000000070bc00000, 0x000000070be00000, 0x000000070be00000|100%| O|  |TAMS 0x000000070be00000, 0x000000070bc00000| Untracked 
|  95|0x000000070be00000, 0x000000070c000000, 0x000000070c000000|100%| O|  |TAMS 0x000000070c000000, 0x000000070be00000| Untracked 
|  96|0x000000070c000000, 0x000000070c200000, 0x000000070c200000|100%| O|  |TAMS 0x000000070c200000, 0x000000070c000000| Untracked 
|  97|0x000000070c200000, 0x000000070c400000, 0x000000070c400000|100%| O|  |TAMS 0x000000070c400000, 0x000000070c200000| Untracked 
|  98|0x000000070c400000, 0x000000070c600000, 0x000000070c600000|100%| O|  |TAMS 0x000000070c600000, 0x000000070c400000| Untracked 
|  99|0x000000070c600000, 0x000000070c800000, 0x000000070c800000|100%| O|  |TAMS 0x000000070c800000, 0x000000070c600000| Untracked 
| 100|0x000000070c800000, 0x000000070ca00000, 0x000000070ca00000|100%| O|  |TAMS 0x000000070c800000, 0x000000070c800000| Untracked 
| 101|0x000000070ca00000, 0x000000070cc00000, 0x000000070cc00000|100%| O|  |TAMS 0x000000070cc00000, 0x000000070ca00000| Untracked 
| 102|0x000000070cc00000, 0x000000070ce00000, 0x000000070ce00000|100%| O|  |TAMS 0x000000070ce00000, 0x000000070cc00000| Untracked 
| 103|0x000000070ce00000, 0x000000070d000000, 0x000000070d000000|100%| O|  |TAMS 0x000000070d000000, 0x000000070ce00000| Untracked 
| 104|0x000000070d000000, 0x000000070d200000, 0x000000070d200000|100%| O|  |TAMS 0x000000070d200000, 0x000000070d000000| Untracked 
| 105|0x000000070d200000, 0x000000070d400000, 0x000000070d400000|100%| O|  |TAMS 0x000000070d400000, 0x000000070d200000| Untracked 
| 106|0x000000070d400000, 0x000000070d600000, 0x000000070d600000|100%| O|  |TAMS 0x000000070d600000, 0x000000070d400000| Untracked 
| 107|0x000000070d600000, 0x000000070d800000, 0x000000070d800000|100%| O|  |TAMS 0x000000070d800000, 0x000000070d600000| Untracked 
| 108|0x000000070d800000, 0x000000070da00000, 0x000000070da00000|100%| O|  |TAMS 0x000000070d8d8800, 0x000000070d800000| Untracked 
| 109|0x000000070da00000, 0x000000070dc00000, 0x000000070dc00000|100%| O|  |TAMS 0x000000070da00000, 0x000000070da00000| Untracked 
| 110|0x000000070dc00000, 0x000000070de00000, 0x000000070de00000|100%| O|  |TAMS 0x000000070dc00000, 0x000000070dc00000| Untracked 
| 111|0x000000070de00000, 0x000000070e000000, 0x000000070e000000|100%| O|  |TAMS 0x000000070de00000, 0x000000070de00000| Untracked 
| 112|0x000000070e000000, 0x000000070e200000, 0x000000070e200000|100%| O|  |TAMS 0x000000070e000000, 0x000000070e000000| Untracked 
| 113|0x000000070e200000, 0x000000070e400000, 0x000000070e400000|100%| O|  |TAMS 0x000000070e200000, 0x000000070e200000| Untracked 
| 114|0x000000070e400000, 0x000000070e600000, 0x000000070e600000|100%| O|  |TAMS 0x000000070e400000, 0x000000070e400000| Untracked 
| 115|0x000000070e600000, 0x000000070e800000, 0x000000070e800000|100%| O|  |TAMS 0x000000070e600000, 0x000000070e600000| Untracked 
| 116|0x000000070e800000, 0x000000070ea00000, 0x000000070ea00000|100%| O|  |TAMS 0x000000070e800000, 0x000000070e800000| Untracked 
| 117|0x000000070ea00000, 0x000000070ec00000, 0x000000070ec00000|100%| O|  |TAMS 0x000000070ea00000, 0x000000070ea00000| Untracked 
| 118|0x000000070ec00000, 0x000000070ee00000, 0x000000070ee00000|100%| O|  |TAMS 0x000000070ec00000, 0x000000070ec00000| Untracked 
| 119|0x000000070ee00000, 0x000000070f000000, 0x000000070f000000|100%| O|  |TAMS 0x000000070ee00000, 0x000000070ee00000| Untracked 
| 120|0x000000070f000000, 0x000000070f200000, 0x000000070f200000|100%| O|  |TAMS 0x000000070f000000, 0x000000070f000000| Untracked 
| 121|0x000000070f200000, 0x000000070f400000, 0x000000070f400000|100%| O|  |TAMS 0x000000070f200000, 0x000000070f200000| Untracked 
| 122|0x000000070f400000, 0x000000070f600000, 0x000000070f600000|100%| O|  |TAMS 0x000000070f400000, 0x000000070f400000| Untracked 
| 123|0x000000070f600000, 0x000000070f800000, 0x000000070f800000|100%| O|  |TAMS 0x000000070f600000, 0x000000070f600000| Untracked 
| 124|0x000000070f800000, 0x000000070fa00000, 0x000000070fa00000|100%| O|  |TAMS 0x000000070f800000, 0x000000070f800000| Untracked 
| 125|0x000000070fa00000, 0x000000070fc00000, 0x000000070fc00000|100%|HS|  |TAMS 0x000000070fa00000, 0x000000070fa00000| Complete 
| 126|0x000000070fc00000, 0x000000070fe00000, 0x000000070fe00000|100%| O|  |TAMS 0x000000070fc00000, 0x000000070fc00000| Untracked 
| 127|0x000000070fe00000, 0x0000000710000000, 0x0000000710000000|100%| O|  |TAMS 0x000000070fe00000, 0x000000070fe00000| Untracked 
| 128|0x0000000710000000, 0x0000000710200000, 0x0000000710200000|100%| O|  |TAMS 0x0000000710000000, 0x0000000710000000| Untracked 
| 129|0x0000000710200000, 0x0000000710400000, 0x0000000710400000|100%| O|  |TAMS 0x0000000710200000, 0x0000000710200000| Untracked 
| 130|0x0000000710400000, 0x0000000710600000, 0x0000000710600000|100%| O|  |TAMS 0x0000000710400000, 0x0000000710400000| Untracked 
| 131|0x0000000710600000, 0x0000000710800000, 0x0000000710800000|100%| O|  |TAMS 0x0000000710600000, 0x0000000710600000| Untracked 
| 132|0x0000000710800000, 0x0000000710a00000, 0x0000000710a00000|100%| O|  |TAMS 0x0000000710800000, 0x0000000710800000| Untracked 
| 133|0x0000000710a00000, 0x0000000710c00000, 0x0000000710c00000|100%| O|  |TAMS 0x0000000710a00000, 0x0000000710a00000| Untracked 
| 134|0x0000000710c00000, 0x0000000710e00000, 0x0000000710e00000|100%| O|  |TAMS 0x0000000710c00000, 0x0000000710c00000| Untracked 
| 135|0x0000000710e00000, 0x0000000711000000, 0x0000000711000000|100%| O|  |TAMS 0x0000000710e00000, 0x0000000710e00000| Untracked 
| 136|0x0000000711000000, 0x0000000711200000, 0x0000000711200000|100%| O|  |TAMS 0x0000000711000000, 0x0000000711000000| Untracked 
| 137|0x0000000711200000, 0x0000000711400000, 0x0000000711400000|100%| O|  |TAMS 0x0000000711200000, 0x0000000711200000| Untracked 
| 138|0x0000000711400000, 0x0000000711600000, 0x0000000711600000|100%| O|  |TAMS 0x0000000711400000, 0x0000000711400000| Untracked 
| 139|0x0000000711600000, 0x0000000711800000, 0x0000000711800000|100%| O|  |TAMS 0x0000000711600000, 0x0000000711600000| Untracked 
| 140|0x0000000711800000, 0x0000000711a00000, 0x0000000711a00000|100%| O|  |TAMS 0x0000000711800000, 0x0000000711800000| Untracked 
| 141|0x0000000711a00000, 0x0000000711b653f0, 0x0000000711c00000| 69%| O|  |TAMS 0x0000000711a00000, 0x0000000711a00000| Untracked 
| 142|0x0000000711c00000, 0x0000000711c00000, 0x0000000711e00000|  0%| F|  |TAMS 0x0000000711c00000, 0x0000000711c00000| Untracked 
| 143|0x0000000711e00000, 0x0000000711e00000, 0x0000000712000000|  0%| F|  |TAMS 0x0000000711e00000, 0x0000000711e00000| Untracked 
| 144|0x0000000712000000, 0x0000000712200000, 0x0000000712200000|100%| O|  |TAMS 0x0000000712000000, 0x0000000712000000| Untracked 
| 145|0x0000000712200000, 0x0000000712400000, 0x0000000712400000|100%| O|  |TAMS 0x0000000712200000, 0x0000000712200000| Untracked 
| 146|0x0000000712400000, 0x0000000712600000, 0x0000000712600000|100%| O|  |TAMS 0x0000000712400000, 0x0000000712400000| Untracked 
| 147|0x0000000712600000, 0x0000000712800000, 0x0000000712800000|100%| O|  |TAMS 0x0000000712600000, 0x0000000712600000| Untracked 
| 148|0x0000000712800000, 0x0000000712a00000, 0x0000000712a00000|100%| O|  |TAMS 0x0000000712800000, 0x0000000712800000| Untracked 
| 149|0x0000000712a00000, 0x0000000712c00000, 0x0000000712c00000|100%| O|  |TAMS 0x0000000712a00000, 0x0000000712a00000| Untracked 
| 150|0x0000000712c00000, 0x0000000712e00000, 0x0000000712e00000|100%| O|  |TAMS 0x0000000712c00000, 0x0000000712c00000| Untracked 
| 151|0x0000000712e00000, 0x0000000713000000, 0x0000000713000000|100%| O|  |TAMS 0x0000000712e00000, 0x0000000712e00000| Untracked 
| 152|0x0000000713000000, 0x0000000713200000, 0x0000000713200000|100%| O|  |TAMS 0x0000000713000000, 0x0000000713000000| Untracked 
| 153|0x0000000713200000, 0x0000000713400000, 0x0000000713400000|100%| O|  |TAMS 0x0000000713200000, 0x0000000713200000| Untracked 
| 154|0x0000000713400000, 0x0000000713600000, 0x0000000713600000|100%| O|  |TAMS 0x0000000713400000, 0x0000000713400000| Untracked 
| 155|0x0000000713600000, 0x0000000713800000, 0x0000000713800000|100%| O|  |TAMS 0x0000000713600000, 0x0000000713600000| Untracked 
| 156|0x0000000713800000, 0x0000000713a00000, 0x0000000713a00000|100%| O|  |TAMS 0x0000000713800000, 0x0000000713800000| Untracked 
| 157|0x0000000713a00000, 0x0000000713c00000, 0x0000000713c00000|100%| O|  |TAMS 0x0000000713a00000, 0x0000000713a00000| Untracked 
| 158|0x0000000713c00000, 0x0000000713e00000, 0x0000000713e00000|100%| O|  |TAMS 0x0000000713c00000, 0x0000000713c00000| Untracked 
| 159|0x0000000713e00000, 0x0000000714000000, 0x0000000714000000|100%| O|  |TAMS 0x0000000713e00000, 0x0000000713e00000| Untracked 
| 160|0x0000000714000000, 0x0000000714200000, 0x0000000714200000|100%| O|  |TAMS 0x0000000714000000, 0x0000000714000000| Untracked 
| 161|0x0000000714200000, 0x0000000714400000, 0x0000000714400000|100%| O|  |TAMS 0x0000000714200000, 0x0000000714200000| Untracked 
| 162|0x0000000714400000, 0x0000000714400000, 0x0000000714600000|  0%| F|  |TAMS 0x0000000714400000, 0x0000000714400000| Untracked 
| 163|0x0000000714600000, 0x0000000714600000, 0x0000000714800000|  0%| F|  |TAMS 0x0000000714600000, 0x0000000714600000| Untracked 
| 164|0x0000000714800000, 0x0000000714800000, 0x0000000714a00000|  0%| F|  |TAMS 0x0000000714800000, 0x0000000714800000| Untracked 
| 165|0x0000000714a00000, 0x0000000714a00000, 0x0000000714c00000|  0%| F|  |TAMS 0x0000000714a00000, 0x0000000714a00000| Untracked 
| 166|0x0000000714c00000, 0x0000000714c00000, 0x0000000714e00000|  0%| F|  |TAMS 0x0000000714c00000, 0x0000000714c00000| Untracked 
| 167|0x0000000714e00000, 0x0000000714e00000, 0x0000000715000000|  0%| F|  |TAMS 0x0000000714e00000, 0x0000000714e00000| Untracked 
| 168|0x0000000715000000, 0x0000000715000000, 0x0000000715200000|  0%| F|  |TAMS 0x0000000715000000, 0x0000000715000000| Untracked 
| 169|0x0000000715200000, 0x0000000715200000, 0x0000000715400000|  0%| F|  |TAMS 0x0000000715200000, 0x0000000715200000| Untracked 
| 170|0x0000000715400000, 0x0000000715400000, 0x0000000715600000|  0%| F|  |TAMS 0x0000000715400000, 0x0000000715400000| Untracked 
| 171|0x0000000715600000, 0x0000000715600000, 0x0000000715800000|  0%| F|  |TAMS 0x0000000715600000, 0x0000000715600000| Untracked 
| 172|0x0000000715800000, 0x0000000715800000, 0x0000000715a00000|  0%| F|  |TAMS 0x0000000715800000, 0x0000000715800000| Untracked 
| 173|0x0000000715a00000, 0x0000000715a00000, 0x0000000715c00000|  0%| F|  |TAMS 0x0000000715a00000, 0x0000000715a00000| Untracked 
| 174|0x0000000715c00000, 0x0000000715c00000, 0x0000000715e00000|  0%| F|  |TAMS 0x0000000715c00000, 0x0000000715c00000| Untracked 
| 175|0x0000000715e00000, 0x0000000715e00000, 0x0000000716000000|  0%| F|  |TAMS 0x0000000715e00000, 0x0000000715e00000| Untracked 
| 176|0x0000000716000000, 0x0000000716000000, 0x0000000716200000|  0%| F|  |TAMS 0x0000000716000000, 0x0000000716000000| Untracked 
| 177|0x0000000716200000, 0x0000000716200000, 0x0000000716400000|  0%| F|  |TAMS 0x0000000716200000, 0x0000000716200000| Untracked 
| 178|0x0000000716400000, 0x0000000716400000, 0x0000000716600000|  0%| F|  |TAMS 0x0000000716400000, 0x0000000716400000| Untracked 
| 179|0x0000000716600000, 0x0000000716600000, 0x0000000716800000|  0%| F|  |TAMS 0x0000000716600000, 0x0000000716600000| Untracked 
| 180|0x0000000716800000, 0x0000000716800000, 0x0000000716a00000|  0%| F|  |TAMS 0x0000000716800000, 0x0000000716800000| Untracked 
| 181|0x0000000716a00000, 0x0000000716a00000, 0x0000000716c00000|  0%| F|  |TAMS 0x0000000716a00000, 0x0000000716a00000| Untracked 
| 182|0x0000000716c00000, 0x0000000716c00000, 0x0000000716e00000|  0%| F|  |TAMS 0x0000000716c00000, 0x0000000716c00000| Untracked 
| 183|0x0000000716e00000, 0x0000000716e00000, 0x0000000717000000|  0%| F|  |TAMS 0x0000000716e00000, 0x0000000716e00000| Untracked 
| 184|0x0000000717000000, 0x0000000717000000, 0x0000000717200000|  0%| F|  |TAMS 0x0000000717000000, 0x0000000717000000| Untracked 
| 185|0x0000000717200000, 0x0000000717200000, 0x0000000717400000|  0%| F|  |TAMS 0x0000000717200000, 0x0000000717200000| Untracked 
| 186|0x0000000717400000, 0x0000000717400000, 0x0000000717600000|  0%| F|  |TAMS 0x0000000717400000, 0x0000000717400000| Untracked 
| 187|0x0000000717600000, 0x0000000717600000, 0x0000000717800000|  0%| F|  |TAMS 0x0000000717600000, 0x0000000717600000| Untracked 
| 188|0x0000000717800000, 0x0000000717800000, 0x0000000717a00000|  0%| F|  |TAMS 0x0000000717800000, 0x0000000717800000| Untracked 
| 189|0x0000000717a00000, 0x0000000717a00000, 0x0000000717c00000|  0%| F|  |TAMS 0x0000000717a00000, 0x0000000717a00000| Untracked 
| 190|0x0000000717c00000, 0x0000000717c00000, 0x0000000717e00000|  0%| F|  |TAMS 0x0000000717c00000, 0x0000000717c00000| Untracked 
| 191|0x0000000717e00000, 0x0000000717e00000, 0x0000000718000000|  0%| F|  |TAMS 0x0000000717e00000, 0x0000000717e00000| Untracked 
| 192|0x0000000718000000, 0x0000000718000000, 0x0000000718200000|  0%| F|  |TAMS 0x0000000718000000, 0x0000000718000000| Untracked 
| 193|0x0000000718200000, 0x0000000718200000, 0x0000000718400000|  0%| F|  |TAMS 0x0000000718200000, 0x0000000718200000| Untracked 
| 194|0x0000000718400000, 0x0000000718400000, 0x0000000718600000|  0%| F|  |TAMS 0x0000000718400000, 0x0000000718400000| Untracked 
| 195|0x0000000718600000, 0x0000000718600000, 0x0000000718800000|  0%| F|  |TAMS 0x0000000718600000, 0x0000000718600000| Untracked 
| 196|0x0000000718800000, 0x0000000718800000, 0x0000000718a00000|  0%| F|  |TAMS 0x0000000718800000, 0x0000000718800000| Untracked 
| 197|0x0000000718a00000, 0x0000000718a00000, 0x0000000718c00000|  0%| F|  |TAMS 0x0000000718a00000, 0x0000000718a00000| Untracked 
| 198|0x0000000718c00000, 0x0000000718c00000, 0x0000000718e00000|  0%| F|  |TAMS 0x0000000718c00000, 0x0000000718c00000| Untracked 
| 199|0x0000000718e00000, 0x0000000718e00000, 0x0000000719000000|  0%| F|  |TAMS 0x0000000718e00000, 0x0000000718e00000| Untracked 
| 200|0x0000000719000000, 0x0000000719000000, 0x0000000719200000|  0%| F|  |TAMS 0x0000000719000000, 0x0000000719000000| Untracked 
| 201|0x0000000719200000, 0x0000000719200000, 0x0000000719400000|  0%| F|  |TAMS 0x0000000719200000, 0x0000000719200000| Untracked 
| 202|0x0000000719400000, 0x0000000719400000, 0x0000000719600000|  0%| F|  |TAMS 0x0000000719400000, 0x0000000719400000| Untracked 
| 203|0x0000000719600000, 0x0000000719600000, 0x0000000719800000|  0%| F|  |TAMS 0x0000000719600000, 0x0000000719600000| Untracked 
| 204|0x0000000719800000, 0x0000000719800000, 0x0000000719a00000|  0%| F|  |TAMS 0x0000000719800000, 0x0000000719800000| Untracked 
| 205|0x0000000719a00000, 0x0000000719a00000, 0x0000000719c00000|  0%| F|  |TAMS 0x0000000719a00000, 0x0000000719a00000| Untracked 
| 206|0x0000000719c00000, 0x0000000719c00000, 0x0000000719e00000|  0%| F|  |TAMS 0x0000000719c00000, 0x0000000719c00000| Untracked 
| 207|0x0000000719e00000, 0x0000000719e00000, 0x000000071a000000|  0%| F|  |TAMS 0x0000000719e00000, 0x0000000719e00000| Untracked 
| 208|0x000000071a000000, 0x000000071a0d8b40, 0x000000071a200000| 42%| S|  |TAMS 0x000000071a000000, 0x000000071a000000| Complete 
| 209|0x000000071a200000, 0x000000071a400000, 0x000000071a400000|100%| S|  |TAMS 0x000000071a200000, 0x000000071a200000| Complete 
| 210|0x000000071a400000, 0x000000071a600000, 0x000000071a600000|100%| S|  |TAMS 0x000000071a400000, 0x000000071a400000| Complete 
| 211|0x000000071a600000, 0x000000071a800000, 0x000000071a800000|100%| S|  |TAMS 0x000000071a600000, 0x000000071a600000| Complete 
| 212|0x000000071a800000, 0x000000071aa00000, 0x000000071aa00000|100%| S|  |TAMS 0x000000071a800000, 0x000000071a800000| Complete 
| 213|0x000000071aa00000, 0x000000071ac00000, 0x000000071ac00000|100%| S|  |TAMS 0x000000071aa00000, 0x000000071aa00000| Complete 
| 214|0x000000071ac00000, 0x000000071ae00000, 0x000000071ae00000|100%| S|  |TAMS 0x000000071ac00000, 0x000000071ac00000| Complete 
| 215|0x000000071ae00000, 0x000000071ae78868, 0x000000071b000000| 23%| E|CS|TAMS 0x000000071ae00000, 0x000000071ae00000| Complete 
| 216|0x000000071b000000, 0x000000071b200000, 0x000000071b200000|100%| E|CS|TAMS 0x000000071b000000, 0x000000071b000000| Complete 
| 217|0x000000071b200000, 0x000000071b400000, 0x000000071b400000|100%| E|CS|TAMS 0x000000071b200000, 0x000000071b200000| Complete 
| 218|0x000000071b400000, 0x000000071b600000, 0x000000071b600000|100%| E|CS|TAMS 0x000000071b400000, 0x000000071b400000| Complete 
| 219|0x000000071b600000, 0x000000071b800000, 0x000000071b800000|100%| E|CS|TAMS 0x000000071b600000, 0x000000071b600000| Complete 
| 220|0x000000071b800000, 0x000000071ba00000, 0x000000071ba00000|100%| E|CS|TAMS 0x000000071b800000, 0x000000071b800000| Complete 
| 221|0x000000071ba00000, 0x000000071bc00000, 0x000000071bc00000|100%| E|CS|TAMS 0x000000071ba00000, 0x000000071ba00000| Complete 
| 222|0x000000071bc00000, 0x000000071be00000, 0x000000071be00000|100%| E|CS|TAMS 0x000000071bc00000, 0x000000071bc00000| Complete 
| 223|0x000000071be00000, 0x000000071c000000, 0x000000071c000000|100%| E|CS|TAMS 0x000000071be00000, 0x000000071be00000| Complete 
| 224|0x000000071c000000, 0x000000071c200000, 0x000000071c200000|100%| E|CS|TAMS 0x000000071c000000, 0x000000071c000000| Complete 
| 225|0x000000071c200000, 0x000000071c400000, 0x000000071c400000|100%| E|CS|TAMS 0x000000071c200000, 0x000000071c200000| Complete 
| 226|0x000000071c400000, 0x000000071c600000, 0x000000071c600000|100%| S|  |TAMS 0x000000071c400000, 0x000000071c400000| Complete 
| 227|0x000000071c600000, 0x000000071c800000, 0x000000071c800000|100%| S|  |TAMS 0x000000071c600000, 0x000000071c600000| Complete 
| 228|0x000000071c800000, 0x000000071ca00000, 0x000000071ca00000|100%| S|  |TAMS 0x000000071c800000, 0x000000071c800000| Complete 
| 229|0x000000071ca00000, 0x000000071cc00000, 0x000000071cc00000|100%| S|  |TAMS 0x000000071ca00000, 0x000000071ca00000| Complete 
| 230|0x000000071cc00000, 0x000000071ce00000, 0x000000071ce00000|100%| S|  |TAMS 0x000000071cc00000, 0x000000071cc00000| Complete 
| 231|0x000000071ce00000, 0x000000071d000000, 0x000000071d000000|100%| E|CS|TAMS 0x000000071ce00000, 0x000000071ce00000| Complete 
| 232|0x000000071d000000, 0x000000071d200000, 0x000000071d200000|100%| E|CS|TAMS 0x000000071d000000, 0x000000071d000000| Complete 
| 233|0x000000071d200000, 0x000000071d400000, 0x000000071d400000|100%| E|CS|TAMS 0x000000071d200000, 0x000000071d200000| Complete 
| 234|0x000000071d400000, 0x000000071d600000, 0x000000071d600000|100%| E|CS|TAMS 0x000000071d400000, 0x000000071d400000| Complete 
| 235|0x000000071d600000, 0x000000071d800000, 0x000000071d800000|100%| E|CS|TAMS 0x000000071d600000, 0x000000071d600000| Complete 
| 236|0x000000071d800000, 0x000000071da00000, 0x000000071da00000|100%| E|CS|TAMS 0x000000071d800000, 0x000000071d800000| Complete 
| 237|0x000000071da00000, 0x000000071dc00000, 0x000000071dc00000|100%| E|CS|TAMS 0x000000071da00000, 0x000000071da00000| Complete 
| 238|0x000000071dc00000, 0x000000071de00000, 0x000000071de00000|100%| E|CS|TAMS 0x000000071dc00000, 0x000000071dc00000| Complete 
| 239|0x000000071de00000, 0x000000071e000000, 0x000000071e000000|100%| E|CS|TAMS 0x000000071de00000, 0x000000071de00000| Complete 
| 240|0x000000071e000000, 0x000000071e200000, 0x000000071e200000|100%| E|CS|TAMS 0x000000071e000000, 0x000000071e000000| Complete 
| 241|0x000000071e200000, 0x000000071e400000, 0x000000071e400000|100%| E|CS|TAMS 0x000000071e200000, 0x000000071e200000| Complete 
| 242|0x000000071e400000, 0x000000071e600000, 0x000000071e600000|100%| E|CS|TAMS 0x000000071e400000, 0x000000071e400000| Complete 
| 243|0x000000071e600000, 0x000000071e800000, 0x000000071e800000|100%| E|CS|TAMS 0x000000071e600000, 0x000000071e600000| Complete 
| 244|0x000000071e800000, 0x000000071ea00000, 0x000000071ea00000|100%| E|CS|TAMS 0x000000071e800000, 0x000000071e800000| Complete 
| 245|0x000000071ea00000, 0x000000071ec00000, 0x000000071ec00000|100%| E|CS|TAMS 0x000000071ea00000, 0x000000071ea00000| Complete 
| 246|0x000000071ec00000, 0x000000071ee00000, 0x000000071ee00000|100%| E|CS|TAMS 0x000000071ec00000, 0x000000071ec00000| Complete 
| 247|0x000000071ee00000, 0x000000071f000000, 0x000000071f000000|100%| E|CS|TAMS 0x000000071ee00000, 0x000000071ee00000| Complete 
| 248|0x000000071f000000, 0x000000071f200000, 0x000000071f200000|100%| E|CS|TAMS 0x000000071f000000, 0x000000071f000000| Complete 
| 249|0x000000071f200000, 0x000000071f400000, 0x000000071f400000|100%| E|CS|TAMS 0x000000071f200000, 0x000000071f200000| Complete 
| 250|0x000000071f400000, 0x000000071f600000, 0x000000071f600000|100%| E|CS|TAMS 0x000000071f400000, 0x000000071f400000| Complete 
| 251|0x000000071f600000, 0x000000071f800000, 0x000000071f800000|100%| E|CS|TAMS 0x000000071f600000, 0x000000071f600000| Complete 
| 252|0x000000071f800000, 0x000000071fa00000, 0x000000071fa00000|100%| E|CS|TAMS 0x000000071f800000, 0x000000071f800000| Complete 
| 253|0x000000071fa00000, 0x000000071fc00000, 0x000000071fc00000|100%| E|CS|TAMS 0x000000071fa00000, 0x000000071fa00000| Complete 
| 254|0x000000071fc00000, 0x000000071fe00000, 0x000000071fe00000|100%| E|CS|TAMS 0x000000071fc00000, 0x000000071fc00000| Complete 
| 255|0x000000071fe00000, 0x0000000720000000, 0x0000000720000000|100%| E|CS|TAMS 0x000000071fe00000, 0x000000071fe00000| Complete 
| 256|0x0000000720000000, 0x0000000720200000, 0x0000000720200000|100%| E|CS|TAMS 0x0000000720000000, 0x0000000720000000| Complete 
| 257|0x0000000720200000, 0x0000000720400000, 0x0000000720400000|100%| E|CS|TAMS 0x0000000720200000, 0x0000000720200000| Complete 
| 258|0x0000000720400000, 0x0000000720600000, 0x0000000720600000|100%| E|CS|TAMS 0x0000000720400000, 0x0000000720400000| Complete 
| 259|0x0000000720600000, 0x0000000720800000, 0x0000000720800000|100%| E|CS|TAMS 0x0000000720600000, 0x0000000720600000| Complete 
| 260|0x0000000720800000, 0x0000000720a00000, 0x0000000720a00000|100%| E|CS|TAMS 0x0000000720800000, 0x0000000720800000| Complete 
| 261|0x0000000720a00000, 0x0000000720c00000, 0x0000000720c00000|100%| E|CS|TAMS 0x0000000720a00000, 0x0000000720a00000| Complete 
| 262|0x0000000720c00000, 0x0000000720e00000, 0x0000000720e00000|100%| E|CS|TAMS 0x0000000720c00000, 0x0000000720c00000| Complete 
| 263|0x0000000720e00000, 0x0000000721000000, 0x0000000721000000|100%| E|CS|TAMS 0x0000000720e00000, 0x0000000720e00000| Complete 
| 264|0x0000000721000000, 0x0000000721200000, 0x0000000721200000|100%| E|CS|TAMS 0x0000000721000000, 0x0000000721000000| Complete 
| 265|0x0000000721200000, 0x0000000721400000, 0x0000000721400000|100%| E|CS|TAMS 0x0000000721200000, 0x0000000721200000| Complete 
| 266|0x0000000721400000, 0x0000000721600000, 0x0000000721600000|100%| E|CS|TAMS 0x0000000721400000, 0x0000000721400000| Complete 
| 267|0x0000000721600000, 0x0000000721800000, 0x0000000721800000|100%| E|CS|TAMS 0x0000000721600000, 0x0000000721600000| Complete 
| 268|0x0000000721800000, 0x0000000721a00000, 0x0000000721a00000|100%| E|CS|TAMS 0x0000000721800000, 0x0000000721800000| Complete 
| 269|0x0000000721a00000, 0x0000000721c00000, 0x0000000721c00000|100%| E|CS|TAMS 0x0000000721a00000, 0x0000000721a00000| Complete 
| 270|0x0000000721c00000, 0x0000000721e00000, 0x0000000721e00000|100%| E|CS|TAMS 0x0000000721c00000, 0x0000000721c00000| Complete 
| 271|0x0000000721e00000, 0x0000000722000000, 0x0000000722000000|100%| E|CS|TAMS 0x0000000721e00000, 0x0000000721e00000| Complete 
| 272|0x0000000722000000, 0x0000000722200000, 0x0000000722200000|100%| E|CS|TAMS 0x0000000722000000, 0x0000000722000000| Complete 
| 273|0x0000000722200000, 0x0000000722400000, 0x0000000722400000|100%| E|CS|TAMS 0x0000000722200000, 0x0000000722200000| Complete 
| 274|0x0000000722400000, 0x0000000722600000, 0x0000000722600000|100%| E|CS|TAMS 0x0000000722400000, 0x0000000722400000| Complete 
| 275|0x0000000722600000, 0x0000000722800000, 0x0000000722800000|100%| E|CS|TAMS 0x0000000722600000, 0x0000000722600000| Complete 
| 276|0x0000000722800000, 0x0000000722a00000, 0x0000000722a00000|100%| E|CS|TAMS 0x0000000722800000, 0x0000000722800000| Complete 
| 277|0x0000000722a00000, 0x0000000722c00000, 0x0000000722c00000|100%| E|CS|TAMS 0x0000000722a00000, 0x0000000722a00000| Complete 
| 278|0x0000000722c00000, 0x0000000722e00000, 0x0000000722e00000|100%| E|CS|TAMS 0x0000000722c00000, 0x0000000722c00000| Complete 
| 279|0x0000000722e00000, 0x0000000723000000, 0x0000000723000000|100%| E|CS|TAMS 0x0000000722e00000, 0x0000000722e00000| Complete 
| 280|0x0000000723000000, 0x0000000723200000, 0x0000000723200000|100%| E|CS|TAMS 0x0000000723000000, 0x0000000723000000| Complete 
| 281|0x0000000723200000, 0x0000000723400000, 0x0000000723400000|100%| E|CS|TAMS 0x0000000723200000, 0x0000000723200000| Complete 
| 282|0x0000000723400000, 0x0000000723600000, 0x0000000723600000|100%| E|CS|TAMS 0x0000000723400000, 0x0000000723400000| Complete 
| 283|0x0000000723600000, 0x0000000723800000, 0x0000000723800000|100%| E|CS|TAMS 0x0000000723600000, 0x0000000723600000| Complete 
| 284|0x0000000723800000, 0x0000000723a00000, 0x0000000723a00000|100%| E|CS|TAMS 0x0000000723800000, 0x0000000723800000| Complete 
| 285|0x0000000723a00000, 0x0000000723c00000, 0x0000000723c00000|100%| E|CS|TAMS 0x0000000723a00000, 0x0000000723a00000| Complete 
| 286|0x0000000723c00000, 0x0000000723e00000, 0x0000000723e00000|100%| E|CS|TAMS 0x0000000723c00000, 0x0000000723c00000| Complete 
| 287|0x0000000723e00000, 0x0000000724000000, 0x0000000724000000|100%| E|CS|TAMS 0x0000000723e00000, 0x0000000723e00000| Complete 
| 288|0x0000000724000000, 0x0000000724200000, 0x0000000724200000|100%| E|CS|TAMS 0x0000000724000000, 0x0000000724000000| Complete 
| 289|0x0000000724200000, 0x0000000724400000, 0x0000000724400000|100%| E|CS|TAMS 0x0000000724200000, 0x0000000724200000| Complete 
| 290|0x0000000724400000, 0x0000000724600000, 0x0000000724600000|100%| E|CS|TAMS 0x0000000724400000, 0x0000000724400000| Complete 
| 291|0x0000000724600000, 0x0000000724800000, 0x0000000724800000|100%| E|CS|TAMS 0x0000000724600000, 0x0000000724600000| Complete 
| 292|0x0000000724800000, 0x0000000724a00000, 0x0000000724a00000|100%| E|CS|TAMS 0x0000000724800000, 0x0000000724800000| Complete 
| 293|0x0000000724a00000, 0x0000000724c00000, 0x0000000724c00000|100%| E|CS|TAMS 0x0000000724a00000, 0x0000000724a00000| Complete 
| 294|0x0000000724c00000, 0x0000000724e00000, 0x0000000724e00000|100%| E|CS|TAMS 0x0000000724c00000, 0x0000000724c00000| Complete 
| 295|0x0000000724e00000, 0x0000000725000000, 0x0000000725000000|100%| E|CS|TAMS 0x0000000724e00000, 0x0000000724e00000| Complete 
| 296|0x0000000725000000, 0x0000000725200000, 0x0000000725200000|100%| E|CS|TAMS 0x0000000725000000, 0x0000000725000000| Complete 
| 297|0x0000000725200000, 0x0000000725400000, 0x0000000725400000|100%| E|CS|TAMS 0x0000000725200000, 0x0000000725200000| Complete 
| 298|0x0000000725400000, 0x0000000725600000, 0x0000000725600000|100%| E|CS|TAMS 0x0000000725400000, 0x0000000725400000| Complete 
| 299|0x0000000725600000, 0x0000000725800000, 0x0000000725800000|100%| E|CS|TAMS 0x0000000725600000, 0x0000000725600000| Complete 
| 300|0x0000000725800000, 0x0000000725a00000, 0x0000000725a00000|100%| E|CS|TAMS 0x0000000725800000, 0x0000000725800000| Complete 
| 301|0x0000000725a00000, 0x0000000725c00000, 0x0000000725c00000|100%| E|CS|TAMS 0x0000000725a00000, 0x0000000725a00000| Complete 
| 302|0x0000000725c00000, 0x0000000725e00000, 0x0000000725e00000|100%| E|CS|TAMS 0x0000000725c00000, 0x0000000725c00000| Complete 
| 303|0x0000000725e00000, 0x0000000726000000, 0x0000000726000000|100%| E|CS|TAMS 0x0000000725e00000, 0x0000000725e00000| Complete 
| 304|0x0000000726000000, 0x0000000726200000, 0x0000000726200000|100%| E|CS|TAMS 0x0000000726000000, 0x0000000726000000| Complete 
| 305|0x0000000726200000, 0x0000000726400000, 0x0000000726400000|100%| E|CS|TAMS 0x0000000726200000, 0x0000000726200000| Complete 
| 306|0x0000000726400000, 0x0000000726600000, 0x0000000726600000|100%| E|CS|TAMS 0x0000000726400000, 0x0000000726400000| Complete 
| 307|0x0000000726600000, 0x0000000726800000, 0x0000000726800000|100%| E|CS|TAMS 0x0000000726600000, 0x0000000726600000| Complete 
| 308|0x0000000726800000, 0x0000000726a00000, 0x0000000726a00000|100%| E|CS|TAMS 0x0000000726800000, 0x0000000726800000| Complete 
| 309|0x0000000726a00000, 0x0000000726c00000, 0x0000000726c00000|100%| E|CS|TAMS 0x0000000726a00000, 0x0000000726a00000| Complete 
| 310|0x0000000726c00000, 0x0000000726e00000, 0x0000000726e00000|100%| E|CS|TAMS 0x0000000726c00000, 0x0000000726c00000| Complete 
| 311|0x0000000726e00000, 0x0000000727000000, 0x0000000727000000|100%| E|CS|TAMS 0x0000000726e00000, 0x0000000726e00000| Complete 
| 312|0x0000000727000000, 0x0000000727200000, 0x0000000727200000|100%| E|CS|TAMS 0x0000000727000000, 0x0000000727000000| Complete 
| 313|0x0000000727200000, 0x0000000727400000, 0x0000000727400000|100%| E|CS|TAMS 0x0000000727200000, 0x0000000727200000| Complete 
| 314|0x0000000727400000, 0x0000000727600000, 0x0000000727600000|100%| E|CS|TAMS 0x0000000727400000, 0x0000000727400000| Complete 
| 315|0x0000000727600000, 0x0000000727800000, 0x0000000727800000|100%| E|CS|TAMS 0x0000000727600000, 0x0000000727600000| Complete 
| 316|0x0000000727800000, 0x0000000727a00000, 0x0000000727a00000|100%| E|CS|TAMS 0x0000000727800000, 0x0000000727800000| Complete 

Card table byte_map: [0x0000015c3f050000,0x0000015c3f850000] _byte_map_base: 0x0000015c3b850000

Marking Bits (Prev, Next): (CMBitMap*) 0x0000015c28017d70, (CMBitMap*) 0x0000015c28017db0
 Prev Bits: [0x0000015c40050000, 0x0000015c44050000)
 Next Bits: [0x0000015c44050000, 0x0000015c48050000)

Polling page: 0x0000015c25e30000

Metaspace:

Usage:
  Non-class:     94.15 MB used.
      Class:     14.49 MB used.
       Both:    108.65 MB used.

Virtual space:
  Non-class space:      128.00 MB reserved,      95.19 MB ( 74%) committed,  2 nodes.
      Class space:        1.00 GB reserved,      15.38 MB (  2%) committed,  1 nodes.
             Both:        1.12 GB reserved,     110.56 MB ( 10%) committed. 

Chunk freelists:
   Non-Class:  640.00 KB
       Class:  622.00 KB
        Both:  1.23 MB

MaxMetaspaceSize: 2.00 GB
CompressedClassSpaceSize: 1.00 GB
Initial GC threshold: 21.00 MB
Current GC threshold: 155.94 MB
CDS: on
MetaspaceReclaimPolicy: balanced
 - commit_granule_bytes: 65536.
 - commit_granule_words: 8192.
 - virtual_space_node_default_size: 8388608.
 - enlarge_chunks_in_place: 1.
 - new_chunks_are_fully_committed: 0.
 - uncommit_free_chunks: 1.
 - use_allocation_guard: 0.
 - handle_deallocations: 1.


Internal statistics:

num_allocs_failed_limit: 6.
num_arena_births: 2560.
num_arena_deaths: 0.
num_vsnodes_births: 3.
num_vsnodes_deaths: 0.
num_space_committed: 1768.
num_space_uncommitted: 0.
num_chunks_returned_to_freelist: 6.
num_chunks_taken_from_freelist: 7862.
num_chunk_merges: 6.
num_chunk_splits: 4750.
num_chunks_enlarged: 2632.
num_inconsistent_stats: 0.

CodeHeap 'non-profiled nmethods': size=120000Kb used=17472Kb max_used=17472Kb free=102527Kb
 bounds [0x0000015c37320000, 0x0000015c38440000, 0x0000015c3e850000]
CodeHeap 'profiled nmethods': size=120000Kb used=37643Kb max_used=37643Kb free=82356Kb
 bounds [0x0000015c2f850000, 0x0000015c31d20000, 0x0000015c36d80000]
CodeHeap 'non-nmethods': size=5760Kb used=2428Kb max_used=2570Kb free=3331Kb
 bounds [0x0000015c36d80000, 0x0000015c37010000, 0x0000015c37320000]
 total_blobs=20569 nmethods=19598 adapters=881
 compilation: enabled
              stopped_count=0, restarted_count=0
 full_count=0

Compilation events (20 events):
Event: 179.232 Thread 0x0000015c4a52e890 24429 %     3       com.google.common.collect.DenseImmutableTable::<init> @ 85 (284 bytes)
Event: 179.234 Thread 0x0000015c4a52e890 nmethod 24429% 0x0000015c31d0c410 code [0x0000015c31d0c7e0, 0x0000015c31d0eaa8]
Event: 179.236 Thread 0x0000015c4a52e890 24430       3       org.jetbrains.kotlin.gradle.plugin.KotlinPlatformType$CompatibilityRule::<init> (5 bytes)
Event: 179.237 Thread 0x0000015c4a52e890 nmethod 24430 0x0000015c31d0f710 code [0x0000015c31d0f8a0, 0x0000015c31d0f9f8]
Event: 179.237 Thread 0x0000015c4a52e890 24431       3       org.jetbrains.kotlin.gradle.plugin.KotlinPlatformType$CompatibilityRule::execute (9 bytes)
Event: 179.237 Thread 0x0000015c4a52e890 nmethod 24431 0x0000015c31d0fa90 code [0x0000015c31d0fc40, 0x0000015c31d0fe88]
Event: 179.237 Thread 0x0000015c4a52e890 24432       3       org.gradle.internal.component.model.MultipleCandidateMatcher::disambiguateExtraAttribute (111 bytes)
Event: 179.238 Thread 0x0000015c4a52e890 nmethod 24432 0x0000015c31d0ff90 code [0x0000015c31d10240, 0x0000015c31d10fa8]
Event: 179.239 Thread 0x0000015c4a52e890 24433       3       org.gradle.internal.component.model.MultipleCandidateMatcher$$Lambda$781/0x0000015c4c705140::<init> (15 bytes)
Event: 179.239 Thread 0x0000015c4a52e890 nmethod 24433 0x0000015c31d11490 code [0x0000015c31d11640, 0x0000015c31d11878]
Event: 179.239 Thread 0x0000015c4a52e890 24435       3       com.android.ide.common.symbols.Symbol$StyleableSymbolImpl::<init> (64 bytes)
Event: 179.241 Thread 0x0000015c4a52e890 nmethod 24435 0x0000015c31d11910 code [0x0000015c31d11d40, 0x0000015c31d13938]
Event: 179.241 Thread 0x0000015c4a52e890 24436       3       java.util.EnumMap$EntryIterator::next (5 bytes)
Event: 179.241 Thread 0x0000015c4a52e890 nmethod 24436 0x0000015c31d14290 code [0x0000015c31d14440, 0x0000015c31d14588]
Event: 179.241 Thread 0x0000015c4a52e890 24434       3       com.google.common.collect.ImmutableMap::keySet (23 bytes)
Event: 179.241 Thread 0x0000015c4a52e890 nmethod 24434 0x0000015c31d14610 code [0x0000015c31d147c0, 0x0000015c31d14a68]
Event: 179.251 Thread 0x0000015c4a52e890 24437       3       org.jetbrains.kotlin.gradle.plugin.KotlinPlatformType::toString (5 bytes)
Event: 179.251 Thread 0x0000015c4a52e890 nmethod 24437 0x0000015c31d14b10 code [0x0000015c31d14ca0, 0x0000015c31d14db8]
Event: 179.254 Thread 0x0000015c4a52e890 24438       3       org.gradle.api.internal.artifacts.ivyservice.resolveengine.result.DefaultResolutionResultBuilder::<init> (27 bytes)
Event: 179.255 Thread 0x0000015c4a52e890 nmethod 24438 0x0000015c31d14e90 code [0x0000015c31d150a0, 0x0000015c31d15958]

GC Heap History (20 events):
Event: 72.287 GC heap after
{Heap after GC invocations=57 (full 0):
 garbage-first heap   total 364544K, used 218579K [0x0000000700000000, 0x0000000800000000)
  region size 2048K, 6 young (12288K), 6 survivors (12288K)
 Metaspace       used 91649K, committed 93120K, reserved 1179648K
  class space    used 12883K, committed 13504K, reserved 1048576K
}
Event: 72.447 GC heap before
{Heap before GC invocations=57 (full 0):
 garbage-first heap   total 364544K, used 222675K [0x0000000700000000, 0x0000000800000000)
  region size 2048K, 8 young (16384K), 6 survivors (12288K)
 Metaspace       used 91983K, committed 93440K, reserved 1179648K
  class space    used 12921K, committed 13568K, reserved 1048576K
}
Event: 72.465 GC heap after
{Heap after GC invocations=58 (full 0):
 garbage-first heap   total 364544K, used 220002K [0x0000000700000000, 0x0000000800000000)
  region size 2048K, 1 young (2048K), 1 survivors (2048K)
 Metaspace       used 91983K, committed 93440K, reserved 1179648K
  class space    used 12921K, committed 13568K, reserved 1048576K
}
Event: 74.969 GC heap before
{Heap before GC invocations=58 (full 0):
 garbage-first heap   total 364544K, used 291682K [0x0000000700000000, 0x0000000800000000)
  region size 2048K, 36 young (73728K), 1 survivors (2048K)
 Metaspace       used 94226K, committed 95744K, reserved 1179648K
  class space    used 13176K, committed 13824K, reserved 1048576K
}
Event: 75.006 GC heap after
{Heap after GC invocations=59 (full 0):
 garbage-first heap   total 364544K, used 235520K [0x0000000700000000, 0x0000000800000000)
  region size 2048K, 5 young (10240K), 5 survivors (10240K)
 Metaspace       used 94226K, committed 95744K, reserved 1179648K
  class space    used 13176K, committed 13824K, reserved 1048576K
}
Event: 78.151 GC heap before
{Heap before GC invocations=60 (full 0):
 garbage-first heap   total 409600K, used 290816K [0x0000000700000000, 0x0000000800000000)
  region size 2048K, 32 young (65536K), 5 survivors (10240K)
 Metaspace       used 95336K, committed 96960K, reserved 1179648K
  class space    used 13322K, committed 14016K, reserved 1048576K
}
Event: 78.194 GC heap after
{Heap after GC invocations=61 (full 0):
 garbage-first heap   total 409600K, used 251169K [0x0000000700000000, 0x0000000800000000)
  region size 2048K, 4 young (8192K), 4 survivors (8192K)
 Metaspace       used 95336K, committed 96960K, reserved 1179648K
  class space    used 13322K, committed 14016K, reserved 1048576K
}
Event: 78.947 GC heap before
{Heap before GC invocations=61 (full 0):
 garbage-first heap   total 409600K, used 263457K [0x0000000700000000, 0x0000000800000000)
  region size 2048K, 10 young (20480K), 4 survivors (8192K)
 Metaspace       used 95591K, committed 97280K, reserved 1179648K
  class space    used 13369K, committed 14080K, reserved 1048576K
}
Event: 78.975 GC heap after
{Heap after GC invocations=62 (full 0):
 garbage-first heap   total 409600K, used 253557K [0x0000000700000000, 0x0000000800000000)
  region size 2048K, 2 young (4096K), 2 survivors (4096K)
 Metaspace       used 95591K, committed 97280K, reserved 1179648K
  class space    used 13369K, committed 14080K, reserved 1048576K
}
Event: 139.806 GC heap before
{Heap before GC invocations=62 (full 0):
 garbage-first heap   total 409600K, used 321141K [0x0000000700000000, 0x0000000800000000)
  region size 2048K, 36 young (73728K), 2 survivors (4096K)
 Metaspace       used 97102K, committed 98944K, reserved 1179648K
  class space    used 13626K, committed 14464K, reserved 1048576K
}
Event: 139.835 GC heap after
{Heap after GC invocations=63 (full 0):
 garbage-first heap   total 649216K, used 262144K [0x0000000700000000, 0x0000000800000000)
  region size 2048K, 5 young (10240K), 5 survivors (10240K)
 Metaspace       used 97102K, committed 98944K, reserved 1179648K
  class space    used 13626K, committed 14464K, reserved 1048576K
}
Event: 153.082 GC heap before
{Heap before GC invocations=63 (full 0):
 garbage-first heap   total 649216K, used 460800K [0x0000000700000000, 0x0000000800000000)
  region size 2048K, 103 young (210944K), 5 survivors (10240K)
 Metaspace       used 101067K, committed 103040K, reserved 1179648K
  class space    used 13993K, committed 14848K, reserved 1048576K
}
Event: 153.120 GC heap after
{Heap after GC invocations=64 (full 0):
 garbage-first heap   total 649216K, used 277780K [0x0000000700000000, 0x0000000800000000)
  region size 2048K, 13 young (26624K), 13 survivors (26624K)
 Metaspace       used 101067K, committed 103040K, reserved 1179648K
  class space    used 13993K, committed 14848K, reserved 1048576K
}
Event: 161.742 GC heap before
{Heap before GC invocations=64 (full 0):
 garbage-first heap   total 649216K, used 519444K [0x0000000700000000, 0x0000000800000000)
  region size 2048K, 111 young (227328K), 13 survivors (26624K)
 Metaspace       used 102636K, committed 104512K, reserved 1179648K
  class space    used 14092K, committed 14912K, reserved 1048576K
}
Event: 161.818 GC heap after
{Heap after GC invocations=65 (full 0):
 garbage-first heap   total 649216K, used 318448K [0x0000000700000000, 0x0000000800000000)
  region size 2048K, 14 young (28672K), 14 survivors (28672K)
 Metaspace       used 102636K, committed 104512K, reserved 1179648K
  class space    used 14092K, committed 14912K, reserved 1048576K
}
Event: 167.373 GC heap before
{Heap before GC invocations=65 (full 0):
 garbage-first heap   total 649216K, used 486384K [0x0000000700000000, 0x0000000800000000)
  region size 2048K, 97 young (198656K), 14 survivors (28672K)
 Metaspace       used 108697K, committed 110656K, reserved 1179648K
  class space    used 14627K, committed 15488K, reserved 1048576K
}
Event: 167.400 GC heap after
{Heap after GC invocations=66 (full 0):
 garbage-first heap   total 649216K, used 319488K [0x0000000700000000, 0x0000000800000000)
  region size 2048K, 3 young (6144K), 3 survivors (6144K)
 Metaspace       used 108697K, committed 110656K, reserved 1179648K
  class space    used 14627K, committed 15488K, reserved 1048576K
}
Event: 174.704 GC heap before
{Heap before GC invocations=66 (full 0):
 garbage-first heap   total 649216K, used 497664K [0x0000000700000000, 0x0000000800000000)
  region size 2048K, 91 young (186368K), 3 survivors (6144K)
 Metaspace       used 110818K, committed 112768K, reserved 1179648K
  class space    used 14822K, committed 15680K, reserved 1048576K
}
Event: 174.741 GC heap after
{Heap after GC invocations=67 (full 0):
 garbage-first heap   total 649216K, used 334306K [0x0000000700000000, 0x0000000800000000)
  region size 2048K, 11 young (22528K), 11 survivors (22528K)
 Metaspace       used 110818K, committed 112768K, reserved 1179648K
  class space    used 14822K, committed 15680K, reserved 1048576K
}
Event: 179.256 GC heap before
{Heap before GC invocations=67 (full 0):
 garbage-first heap   total 649216K, used 508386K [0x0000000700000000, 0x0000000800000000)
  region size 2048K, 97 young (198656K), 11 survivors (22528K)
 Metaspace       used 111256K, committed 113216K, reserved 1179648K
  class space    used 14842K, committed 15744K, reserved 1048576K
}

Deoptimization events (20 events):
Event: 179.080 Thread 0x0000015c96e07a00 Uncommon trap: trap_request=0xffffffbe fr.pc=0x0000015c38417eec relative=0x0000000000000eac
Event: 179.080 Thread 0x0000015c96e07a00 Uncommon trap: reason=profile_predicate action=maybe_recompile pc=0x0000015c38417eec method=com.esotericsoftware.kryo.io.Output.writeString(Ljava/lang/CharSequence;)V @ 67 c2
Event: 179.080 Thread 0x0000015c96e07a00 DEOPT PACKING pc=0x0000015c38417eec sp=0x000000159e7fe5c0
Event: 179.080 Thread 0x0000015c96e07a00 DEOPT UNPACKING pc=0x0000015c36dd23a3 sp=0x000000159e7fe4a8 mode 2
Event: 179.081 Thread 0x0000015c96e07a00 Uncommon trap: trap_request=0xffffffbe fr.pc=0x0000015c38417eec relative=0x0000000000000eac
Event: 179.081 Thread 0x0000015c96e07a00 Uncommon trap: reason=profile_predicate action=maybe_recompile pc=0x0000015c38417eec method=com.esotericsoftware.kryo.io.Output.writeString(Ljava/lang/CharSequence;)V @ 67 c2
Event: 179.081 Thread 0x0000015c96e07a00 DEOPT PACKING pc=0x0000015c38417eec sp=0x000000159e7fe5c0
Event: 179.081 Thread 0x0000015c96e07a00 DEOPT UNPACKING pc=0x0000015c36dd23a3 sp=0x000000159e7fe4a8 mode 2
Event: 179.129 Thread 0x0000015c96e07a00 Uncommon trap: trap_request=0xffffffbe fr.pc=0x0000015c38417eec relative=0x0000000000000eac
Event: 179.129 Thread 0x0000015c96e07a00 Uncommon trap: reason=profile_predicate action=maybe_recompile pc=0x0000015c38417eec method=com.esotericsoftware.kryo.io.Output.writeString(Ljava/lang/CharSequence;)V @ 67 c2
Event: 179.130 Thread 0x0000015c96e07a00 DEOPT PACKING pc=0x0000015c38417eec sp=0x000000159e7fe630
Event: 179.130 Thread 0x0000015c96e07a00 DEOPT UNPACKING pc=0x0000015c36dd23a3 sp=0x000000159e7fe518 mode 2
Event: 179.249 Thread 0x0000015c91dc5630 Uncommon trap: trap_request=0xffffffde fr.pc=0x0000015c382fc554 relative=0x0000000000001594
Event: 179.249 Thread 0x0000015c91dc5630 Uncommon trap: reason=class_check action=maybe_recompile pc=0x0000015c382fc554 method=org.gradle.internal.component.model.AttributeConfigurationSelector.filterVariantsByRequestedCapabilities(Lorg/gradle/internal/component/model/ComponentGraphResolveMetada
Event: 179.249 Thread 0x0000015c91dc5630 DEOPT PACKING pc=0x0000015c382fc554 sp=0x000000159b7f94a0
Event: 179.249 Thread 0x0000015c91dc5630 DEOPT UNPACKING pc=0x0000015c36dd23a3 sp=0x000000159b7f9458 mode 2
Event: 179.251 Thread 0x0000015c91dc5630 Uncommon trap: trap_request=0xffffffde fr.pc=0x0000015c382fc554 relative=0x0000000000001594
Event: 179.251 Thread 0x0000015c91dc5630 Uncommon trap: reason=class_check action=maybe_recompile pc=0x0000015c382fc554 method=org.gradle.internal.component.model.AttributeConfigurationSelector.filterVariantsByRequestedCapabilities(Lorg/gradle/internal/component/model/ComponentGraphResolveMetada
Event: 179.251 Thread 0x0000015c91dc5630 DEOPT PACKING pc=0x0000015c382fc554 sp=0x000000159b7f93b0
Event: 179.251 Thread 0x0000015c91dc5630 DEOPT UNPACKING pc=0x0000015c36dd23a3 sp=0x000000159b7f9368 mode 2

Classes unloaded (0 events):
No events

Classes redefined (0 events):
No events

Internal exceptions (20 events):
Event: 178.822 Thread 0x0000015c96e00080 Exception <a 'sun/nio/fs/WindowsException'{0x000000071e5eff10}> (0x000000071e5eff10) 
thrown [s\open\src\hotspot\share\prims\jni.cpp, line 516]
Event: 178.822 Thread 0x0000015c96e00080 Exception <a 'sun/nio/fs/WindowsException'{0x000000071e5effb0}> (0x000000071e5effb0) 
thrown [s\open\src\hotspot\share\prims\jni.cpp, line 516]
Event: 178.822 Thread 0x0000015c96e00080 Exception <a 'sun/nio/fs/WindowsException'{0x000000071e5f03a0}> (0x000000071e5f03a0) 
thrown [s\open\src\hotspot\share\prims\jni.cpp, line 516]
Event: 178.867 Thread 0x0000015c96e06ad0 Exception <a 'sun/nio/fs/WindowsException'{0x000000071e0e2530}> (0x000000071e0e2530) 
thrown [s\open\src\hotspot\share\prims\jni.cpp, line 516]
Event: 178.867 Thread 0x0000015c96e06ad0 Exception <a 'sun/nio/fs/WindowsException'{0x000000071e0e2680}> (0x000000071e0e2680) 
thrown [s\open\src\hotspot\share\prims\jni.cpp, line 516]
Event: 178.867 Thread 0x0000015c96e06ad0 Exception <a 'sun/nio/fs/WindowsException'{0x000000071e0e2720}> (0x000000071e0e2720) 
thrown [s\open\src\hotspot\share\prims\jni.cpp, line 516]
Event: 178.867 Thread 0x0000015c96e06ad0 Exception <a 'sun/nio/fs/WindowsException'{0x000000071e0e2b30}> (0x000000071e0e2b30) 
thrown [s\open\src\hotspot\share\prims\jni.cpp, line 516]
Event: 178.989 Thread 0x0000015c91dc5b40 Exception <a 'sun/nio/fs/WindowsException'{0x000000071dfbe228}> (0x000000071dfbe228) 
thrown [s\open\src\hotspot\share\prims\jni.cpp, line 516]
Event: 178.990 Thread 0x0000015c91dc5b40 Exception <a 'sun/nio/fs/WindowsException'{0x000000071dfbf0c0}> (0x000000071dfbf0c0) 
thrown [s\open\src\hotspot\share\prims\jni.cpp, line 516]
Event: 179.063 Thread 0x0000015c91dc6050 Exception <a 'sun/nio/fs/WindowsException'{0x000000071ddfe030}> (0x000000071ddfe030) 
thrown [s\open\src\hotspot\share\prims\jni.cpp, line 516]
Event: 179.063 Thread 0x0000015c91dc6050 Exception <a 'sun/nio/fs/WindowsException'{0x000000071ddfeee8}> (0x000000071ddfeee8) 
thrown [s\open\src\hotspot\share\prims\jni.cpp, line 516]
Event: 179.145 Thread 0x0000015c91dc5630 Exception <a 'sun/nio/fs/WindowsException'{0x000000071d991290}> (0x000000071d991290) 
thrown [s\open\src\hotspot\share\prims\jni.cpp, line 516]
Event: 179.145 Thread 0x0000015c91dc5630 Exception <a 'sun/nio/fs/WindowsException'{0x000000071d9923d0}> (0x000000071d9923d0) 
thrown [s\open\src\hotspot\share\prims\jni.cpp, line 516]
Event: 179.224 Thread 0x0000015c91dc6560 Exception <a 'sun/nio/fs/WindowsException'{0x000000071d0134f0}> (0x000000071d0134f0) 
thrown [s\open\src\hotspot\share\prims\jni.cpp, line 516]
Event: 179.224 Thread 0x0000015c91dc6560 Exception <a 'sun/nio/fs/WindowsException'{0x000000071d014380}> (0x000000071d014380) 
thrown [s\open\src\hotspot\share\prims\jni.cpp, line 516]
Event: 179.224 Thread 0x0000015c91dc6560 Exception <a 'sun/nio/fs/WindowsException'{0x000000071d0146c0}> (0x000000071d0146c0) 
thrown [s\open\src\hotspot\share\prims\jni.cpp, line 516]
Event: 179.224 Thread 0x0000015c91dc6560 Exception <a 'sun/nio/fs/WindowsException'{0x000000071d015580}> (0x000000071d015580) 
thrown [s\open\src\hotspot\share\prims\jni.cpp, line 516]
Event: 179.224 Thread 0x0000015c91dc6560 Exception <a 'sun/nio/fs/WindowsException'{0x000000071d015860}> (0x000000071d015860) 
thrown [s\open\src\hotspot\share\prims\jni.cpp, line 516]
Event: 179.224 Thread 0x0000015c91dc6560 Exception <a 'sun/nio/fs/WindowsException'{0x000000071d0166f0}> (0x000000071d0166f0) 
thrown [s\open\src\hotspot\share\prims\jni.cpp, line 516]
Event: 179.240 Thread 0x0000015c96e06ad0 Exception <a 'sun/nio/fs/WindowsException'{0x000000071cedefc8}> (0x000000071cedefc8) 
thrown [s\open\src\hotspot\share\prims\jni.cpp, line 516]

VM Operations (20 events):
Event: 171.638 Executing VM operation: HandshakeAllThreads done
Event: 172.545 Executing VM operation: ICBufferFull
Event: 172.545 Executing VM operation: ICBufferFull done
Event: 173.546 Executing VM operation: Cleanup
Event: 173.546 Executing VM operation: Cleanup done
Event: 174.549 Executing VM operation: Cleanup
Event: 174.549 Executing VM operation: Cleanup done
Event: 174.704 Executing VM operation: G1CollectForAllocation
Event: 174.741 Executing VM operation: G1CollectForAllocation done
Event: 175.566 Executing VM operation: ICBufferFull
Event: 175.566 Executing VM operation: ICBufferFull done
Event: 176.581 Executing VM operation: Cleanup
Event: 176.581 Executing VM operation: Cleanup done
Event: 177.014 Executing VM operation: HandshakeAllThreads
Event: 177.014 Executing VM operation: HandshakeAllThreads done
Event: 178.016 Executing VM operation: Cleanup
Event: 178.016 Executing VM operation: Cleanup done
Event: 179.030 Executing VM operation: Cleanup
Event: 179.030 Executing VM operation: Cleanup done
Event: 179.256 Executing VM operation: G1CollectForAllocation

Events (20 events):
Event: 177.019 Thread 0x0000015c4a6a6b10 flushing nmethod 0x0000015c37c5c490
Event: 177.020 Thread 0x0000015c4a6a6b10 flushing nmethod 0x0000015c37d8af90
Event: 177.024 Thread 0x0000015c4a6a6b10 flushing nmethod 0x0000015c2fa2ab10
Event: 177.029 Thread 0x0000015c4a6a6b10 flushing nmethod 0x0000015c2ff09810
Event: 177.029 Thread 0x0000015c4a6a6b10 flushing nmethod 0x0000015c2ff16c10
Event: 177.034 Thread 0x0000015c4a6a6b10 flushing nmethod 0x0000015c304afc10
Event: 177.034 Thread 0x0000015c4a6a6b10 flushing nmethod 0x0000015c30539090
Event: 177.034 Thread 0x0000015c4a6a6b10 flushing nmethod 0x0000015c30539510
Event: 177.036 Thread 0x0000015c4a6a6b10 flushing nmethod 0x0000015c30744a90
Event: 177.037 Thread 0x0000015c4a6a6b10 flushing nmethod 0x0000015c30913390
Event: 177.038 Thread 0x0000015c4a6a6b10 flushing nmethod 0x0000015c309dea10
Event: 177.039 Thread 0x0000015c4a6a6b10 flushing nmethod 0x0000015c30ad5d90
Event: 177.040 Thread 0x0000015c4a6a6b10 flushing nmethod 0x0000015c30c44590
Event: 177.040 Thread 0x0000015c4a6a6b10 flushing nmethod 0x0000015c30c44e90
Event: 177.040 Thread 0x0000015c4a6a6b10 flushing nmethod 0x0000015c30ca7790
Event: 177.040 Thread 0x0000015c4a6a6b10 flushing nmethod 0x0000015c30d4a990
Event: 177.040 Thread 0x0000015c4a6a6b10 flushing nmethod 0x0000015c30d4b190
Event: 177.055 Thread 0x0000015c4a6a6b10 flushing nmethod 0x0000015c31b6cf90
Event: 177.055 Thread 0x0000015c4a6a6b10 flushing nmethod 0x0000015c31b6da10
Event: 177.055 Thread 0x0000015c4a6a6b10 flushing nmethod 0x0000015c31b70f10


Dynamic libraries:
0x00007ff688d90000 - 0x00007ff688da0000 	C:\Program Files\Java\jdk-17\bin\java.exe
0x00007ffa33490000 - 0x00007ffa33688000 	C:\Windows\SYSTEM32\ntdll.dll
0x00007ffa32b10000 - 0x00007ffa32bd2000 	C:\Windows\System32\KERNEL32.DLL
0x00007ffa31060000 - 0x00007ffa3135f000 	C:\Windows\System32\KERNELBASE.dll
0x00007ffa30b50000 - 0x00007ffa30c50000 	C:\Windows\System32\ucrtbase.dll
0x00007ffa0d6c0000 - 0x00007ffa0d6d9000 	C:\Program Files\Java\jdk-17\bin\jli.dll
0x00007ffa326c0000 - 0x00007ffa32771000 	C:\Windows\System32\ADVAPI32.dll
0x00007ffa32f50000 - 0x00007ffa32fee000 	C:\Windows\System32\msvcrt.dll
0x00007ffa32460000 - 0x00007ffa324ff000 	C:\Windows\System32\sechost.dll
0x00007ffa32510000 - 0x00007ffa32633000 	C:\Windows\System32\RPCRT4.dll
0x00007ffa31030000 - 0x00007ffa31057000 	C:\Windows\System32\bcrypt.dll
0x00007ffa32db0000 - 0x00007ffa32f4d000 	C:\Windows\System32\USER32.dll
0x00007ffa30b20000 - 0x00007ffa30b42000 	C:\Windows\System32\win32u.dll
0x00007ffa322b0000 - 0x00007ffa322db000 	C:\Windows\System32\GDI32.dll
0x00007ffa30db0000 - 0x00007ffa30ec7000 	C:\Windows\System32\gdi32full.dll
0x00007ffa30f40000 - 0x00007ffa30fdd000 	C:\Windows\System32\msvcp_win.dll
0x00007ffa1b470000 - 0x00007ffa1b70a000 	C:\Windows\WinSxS\amd64_microsoft.windows.common-controls_6595b64144ccf1df_6.0.19041.4355_none_60b8b9eb71f62e16\COMCTL32.dll
0x00007ffa1c8c0000 - 0x00007ffa1c8db000 	C:\Program Files\Java\jdk-17\bin\VCRUNTIME140.dll
0x00007ffa30680000 - 0x00007ffa3068a000 	C:\Windows\SYSTEM32\VERSION.dll
0x00007ffa32be0000 - 0x00007ffa32c0f000 	C:\Windows\System32\IMM32.DLL
0x0000000070ba0000 - 0x0000000070bac000 	C:\Program Files (x86)\360\Total Security\safemon\SafeWrapper.dll
0x00007ffa27820000 - 0x00007ffa278cc000 	C:\Program Files (x86)\360\Total Security\safemon\libzdtp64.dll
0x00007ffa31ad0000 - 0x00007ffa3223e000 	C:\Windows\System32\SHELL32.dll
0x00007ffa32400000 - 0x00007ffa32455000 	C:\Windows\System32\SHLWAPI.dll
0x00007ffa28160000 - 0x00007ffa2816c000 	C:\Program Files\Java\jdk-17\bin\vcruntime140_1.dll
0x00007ff9fb180000 - 0x00007ff9fb20e000 	C:\Program Files\Java\jdk-17\bin\msvcp140.dll
0x00007ff9b5af0000 - 0x00007ff9b66d0000 	C:\Program Files\Java\jdk-17\bin\server\jvm.dll
0x00007ffa32500000 - 0x00007ffa32508000 	C:\Windows\System32\PSAPI.DLL
0x00007ffa26320000 - 0x00007ffa26329000 	C:\Windows\SYSTEM32\WSOCK32.dll
0x00007ffa32240000 - 0x00007ffa322ab000 	C:\Windows\System32\WS2_32.dll
0x00007ffa1a0d0000 - 0x00007ffa1a0f7000 	C:\Windows\SYSTEM32\WINMM.dll
0x00007ffa2f2d0000 - 0x00007ffa2f2e2000 	C:\Windows\SYSTEM32\kernel.appcore.dll
0x00007ffa1c970000 - 0x00007ffa1c97a000 	C:\Program Files\Java\jdk-17\bin\jimage.dll
0x00007ffa2b670000 - 0x00007ffa2b854000 	C:\Windows\SYSTEM32\DBGHELP.DLL
0x00007ffa0e520000 - 0x00007ffa0e554000 	C:\Windows\SYSTEM32\dbgcore.DLL
0x00007ffa31410000 - 0x00007ffa31492000 	C:\Windows\System32\bcryptPrimitives.dll
0x00007ffa0d8b0000 - 0x00007ffa0d8d5000 	C:\Program Files\Java\jdk-17\bin\java.dll
0x00007ff9e1380000 - 0x00007ff9e1457000 	C:\Program Files\Java\jdk-17\bin\jsvml.dll
0x00007ffa2eb10000 - 0x00007ffa2f2b4000 	C:\Windows\SYSTEM32\windows.storage.dll
0x00007ffa327b0000 - 0x00007ffa32b05000 	C:\Windows\System32\combase.dll
0x00007ffa304e0000 - 0x00007ffa3050f000 	C:\Windows\SYSTEM32\Wldp.dll
0x00007ffa330a0000 - 0x00007ffa3316d000 	C:\Windows\System32\OLEAUT32.dll
0x00007ffa32d00000 - 0x00007ffa32dad000 	C:\Windows\System32\SHCORE.dll
0x00007ffa30a50000 - 0x00007ffa30a74000 	C:\Windows\SYSTEM32\profapi.dll
0x00007ff9ff200000 - 0x00007ff9ff219000 	C:\Program Files\Java\jdk-17\bin\net.dll
0x00007ffa1df00000 - 0x00007ffa1e00d000 	C:\Windows\SYSTEM32\WINHTTP.dll
0x00007ffa30240000 - 0x00007ffa302aa000 	C:\Windows\system32\mswsock.dll
0x00007ff9feb00000 - 0x00007ff9feb16000 	C:\Program Files\Java\jdk-17\bin\nio.dll
0x00007ff9fd600000 - 0x00007ff9fd618000 	C:\Program Files\Java\jdk-17\bin\zip.dll
0x00007ffa1ab30000 - 0x00007ffa1ab40000 	C:\Program Files\Java\jdk-17\bin\verify.dll
0x00007ffa138e0000 - 0x00007ffa13907000 	C:\Users\Al-Mahdi\.gradle\native\c067742578af261105cb4f569cf0c3c89f3d7b1fecec35dd04571415982c5e48\windows-amd64\native-platform.dll
0x00007ffa02b10000 - 0x00007ffa02c54000 	C:\Users\Al-Mahdi\.gradle\native\38dada09dfb8b06ba9b0570ebf7e218e3eb74d4ef43ca46872605cf95ebc2f47\windows-amd64\native-platform-file-events.dll
0x00007ffa14890000 - 0x00007ffa1489a000 	C:\Program Files\Java\jdk-17\bin\management.dll
0x00007ffa0e930000 - 0x00007ffa0e93b000 	C:\Program Files\Java\jdk-17\bin\management_ext.dll
0x00007ffa30430000 - 0x00007ffa30448000 	C:\Windows\SYSTEM32\CRYPTSP.dll
0x00007ffa2faf0000 - 0x00007ffa2fb24000 	C:\Windows\system32\rsaenh.dll
0x00007ffa30a10000 - 0x00007ffa30a3e000 	C:\Windows\SYSTEM32\USERENV.dll
0x00007ffa30450000 - 0x00007ffa3045c000 	C:\Windows\SYSTEM32\CRYPTBASE.dll
0x00007ffa2fed0000 - 0x00007ffa2ff0b000 	C:\Windows\SYSTEM32\IPHLPAPI.DLL
0x00007ffa33300000 - 0x00007ffa33308000 	C:\Windows\System32\NSI.dll
0x00007ffa24b60000 - 0x00007ffa24b77000 	C:\Windows\SYSTEM32\dhcpcsvc6.DLL
0x00007ffa261a0000 - 0x00007ffa261bd000 	C:\Windows\SYSTEM32\dhcpcsvc.DLL
0x00007ffa2ff20000 - 0x00007ffa2ffea000 	C:\Windows\SYSTEM32\DNSAPI.dll
0x00007ffa0e640000 - 0x00007ffa0e64e000 	C:\Program Files\Java\jdk-17\bin\sunmscapi.dll
0x00007ffa30c50000 - 0x00007ffa30dac000 	C:\Windows\System32\CRYPT32.dll
0x00007ffa30550000 - 0x00007ffa30577000 	C:\Windows\SYSTEM32\ncrypt.dll
0x00007ffa30510000 - 0x00007ffa3054b000 	C:\Windows\SYSTEM32\NTASN1.dll
0x00007ffa0d9d0000 - 0x00007ffa0d9d7000 	C:\Windows\system32\wshunix.dll
0x00007ffa27f80000 - 0x00007ffa27f97000 	C:\Windows\system32\napinsp.dll
0x00007ffa27f20000 - 0x00007ffa27f3b000 	C:\Windows\system32\pnrpnsp.dll
0x00007ffa09720000 - 0x00007ffa09735000 	C:\Windows\system32\wshbth.dll
0x00007ffa27e60000 - 0x00007ffa27e7d000 	C:\Windows\system32\NLAapi.dll
0x00007ffa27730000 - 0x00007ffa27742000 	C:\Windows\System32\winrnr.dll
0x00007ffa1c180000 - 0x00007ffa1c18a000 	C:\Windows\System32\rasadhlp.dll
0x00007ffa1c1a0000 - 0x00007ffa1c220000 	C:\Windows\System32\fwpuclnt.dll
0x00007ffa2fd40000 - 0x00007ffa2fd73000 	C:\Windows\SYSTEM32\ntmarta.dll

dbghelp: loaded successfully - version: 4.0.5 - missing functions: none
symbol engine: initialized successfully - sym options: 0x614 - pdb path: .;C:\Program Files\Java\jdk-17\bin;C:\Windows\SYSTEM32;C:\Windows\WinSxS\amd64_microsoft.windows.common-controls_6595b64144ccf1df_6.0.19041.4355_none_60b8b9eb71f62e16;C:\Program Files (x86)\360\Total Security\safemon;C:\Program Files\Java\jdk-17\bin\server;C:\Users\Al-Mahdi\.gradle\native\c067742578af261105cb4f569cf0c3c89f3d7b1fecec35dd04571415982c5e48\windows-amd64;C:\Users\Al-Mahdi\.gradle\native\38dada09dfb8b06ba9b0570ebf7e218e3eb74d4ef43ca46872605cf95ebc2f47\windows-amd64

VM Arguments:
jvm_args: -XX:MaxMetaspaceSize=2G -XX:+HeapDumpOnOutOfMemoryError --add-opens=java.base/java.util=ALL-UNNAMED --add-opens=java.base/java.lang=ALL-UNNAMED --add-opens=java.base/java.lang.invoke=ALL-UNNAMED --add-opens=java.prefs/java.util.prefs=ALL-UNNAMED --add-opens=java.base/java.nio.charset=ALL-UNNAMED --add-opens=java.base/java.net=ALL-UNNAMED --add-opens=java.base/java.util.concurrent.atomic=ALL-UNNAMED -Xmx4G -Dfile.encoding=windows-1252 -Duser.country=US -Duser.language=en -Duser.variant 
java_command: org.gradle.launcher.daemon.bootstrap.GradleDaemon 7.6.3
java_class_path (initial): C:\Users\Al-Mahdi\.gradle\wrapper\dists\gradle-7.6.3-all\aocdy2d2z8kodnny3rsumj8i8\gradle-7.6.3\lib\gradle-launcher-7.6.3.jar
Launcher Type: SUN_STANDARD

[Global flags]
     intx CICompilerCount                          = 3                                         {product} {ergonomic}
     uint ConcGCThreads                            = 1                                         {product} {ergonomic}
     uint G1ConcRefinementThreads                  = 4                                         {product} {ergonomic}
   size_t G1HeapRegionSize                         = 2097152                                   {product} {ergonomic}
    uintx GCDrainStackTargetSize                   = 64                                        {product} {ergonomic}
     bool HeapDumpOnOutOfMemoryError               = true                                   {manageable} {command line}
   size_t InitialHeapSize                          = 132120576                                 {product} {ergonomic}
   size_t MarkStackSize                            = 4194304                                   {product} {ergonomic}
   size_t MaxHeapSize                              = 4294967296                                {product} {command line}
   size_t MaxMetaspaceSize                         = 2147483648                                {product} {command line}
   size_t MaxNewSize                               = 2575302656                                {product} {ergonomic}
   size_t MinHeapDeltaBytes                        = 2097152                                   {product} {ergonomic}
   size_t MinHeapSize                              = 8388608                                   {product} {ergonomic}
    uintx NonNMethodCodeHeapSize                   = 5832780                                {pd product} {ergonomic}
    uintx NonProfiledCodeHeapSize                  = 122912730                              {pd product} {ergonomic}
    uintx ProfiledCodeHeapSize                     = 122912730                              {pd product} {ergonomic}
    uintx ReservedCodeCacheSize                    = 251658240                              {pd product} {ergonomic}
     bool SegmentedCodeCache                       = true                                      {product} {ergonomic}
   size_t SoftMaxHeapSize                          = 4294967296                             {manageable} {ergonomic}
     bool UseCompressedClassPointers               = true                           {product lp64_product} {ergonomic}
     bool UseCompressedOops                        = true                           {product lp64_product} {ergonomic}
     bool UseG1GC                                  = true                                      {product} {ergonomic}
     bool UseLargePagesIndividualAllocation        = false                                  {pd product} {ergonomic}

Logging:
Log output configuration:
 #0: stdout all=warning uptime,level,tags
 #1: stderr all=off uptime,level,tags

Environment Variables:
JAVA_HOME=C:\Program Files\Java\jdk-17
CLASSPATH=E:\TranslatedRCT\RCT-Mobile 2\RCT-Mobile 2\android\\gradle\wrapper\gradle-wrapper.jar
PATH=C:\Program Files\Java\jdk-17\bin;C:\Program Files\Common Files\Oracle\Java\javapath;C:\Program Files (x86)\Common Files\Intel\Shared Libraries\redist\intel64\compiler;C:\Windows\system32;C:\Windows;C:\Windows\System32\Wbem;C:\Windows\System32\WindowsPowerShell\v1.0\;C:\Windows\System32\OpenSSH\;C:\Program Files\Git\cmd;C:\Users\Al-Mahdi\AppData\Local\Pub\Cache\bin;C:\Program Files\nodejs\;C:\Program Files\Java\jdk-17\bin;C:\Users\Al-Mahdi\AppData\Local\Microsoft\WindowsApps;C:\src\flutter\bin;C:\dart-sdk\bin;C:\Users\Al-Mahdi\Downloads\flutter_tools;C:\Users\Al-Mahdi\AppData\Local\Programs\Microsoft VS Code\bin;C:\ProgramData\Microsoft\Windows\Start Menu\Programs\Android Studio;C:\Users\Al-Mahdi\AppData\Local\Pub\Cache\bin;C:\Users\Al-Mahdi\AppData\Roaming\npm;C:\Program Files\Java\jdk-17\bin;;C:\src\flutter\bin\mingit\cmd;C:\src\flutter\bin\mingit\cmd
USERNAME=Al-Mahdi
OS=Windows_NT
PROCESSOR_IDENTIFIER=Intel64 Family 6 Model 142 Stepping 9, GenuineIntel



---------------  S Y S T E M  ---------------

OS:
 Windows 10 , 64 bit Build 19041 (10.0.19041.5198)
OS uptime: 0 days 10:01 hours

CPU: total 4 (initial active 4) (2 cores per cpu, 2 threads per core) family 6 model 142 stepping 9 microcode 0xf4, cx8, cmov, fxsr, ht, mmx, 3dnowpref, sse, sse2, sse3, ssse3, sse4.1, sse4.2, popcnt, lzcnt, tsc, tscinvbit, avx, avx2, aes, erms, clmul, bmi1, bmi2, rtm, adx, fma, vzeroupper, clflush, clflushopt

Memory: 4k page, system-wide physical 8050M (531M free)
TotalPageFile size 15450M (AvailPageFile size 2707M)
current process WorkingSet (physical memory assigned to process): 911M, peak: 914M
current process commit charge ("private bytes"): 1044M, peak: 1048M

vm_info: Java HotSpot(TM) 64-Bit Server VM (17.0.12+8-LTS-286) for windows-amd64 JRE (17.0.12+8-LTS-286), built on Jun  5 2024 06:46:59 by "mach5one" with MS VC++ 17.6 (VS2022)

END.
