#
# A fatal error has been detected by the Java Runtime Environment:
#
#  EXCEPTION_ACCESS_VIOLATION (0xc0000005) at pc=0x0000028738611b33, pid=17628, tid=1884
#
# JRE version: Java(TM) SE Runtime Environment (17.0.12+8) (build 17.0.12+8-LTS-286)
# Java VM: Java HotSpot(TM) 64-Bit Server VM (17.0.12+8-LTS-286, mixed mode, sharing, tiered, compressed oops, compressed class ptrs, g1 gc, windows-amd64)
# Problematic frame:
# J 37878 c1 com.android.tools.r8.graph.N.c(Lcom/android/tools/r8/graph/d3;)V (58 bytes) @ 0x0000028738611b33 [0x0000028738611ac0+0x0000000000000073]
#
# No core dump will be written. Minidumps are not enabled by default on client versions of Windows
#
# If you would like to submit a bug report, please visit:
#   https://bugreport.java.com/bugreport/crash.jsp
#

---------------  S U M M A R Y ------------

Command Line: -XX:MaxMetaspaceSize=2G -XX:+HeapDumpOnOutOfMemoryError --add-opens=java.base/java.util=ALL-UNNAMED --add-opens=java.base/java.lang=ALL-UNNAMED --add-opens=java.base/java.lang.invoke=ALL-UNNAMED --add-opens=java.prefs/java.util.prefs=ALL-UNNAMED --add-opens=java.base/java.nio.charset=ALL-UNNAMED --add-opens=java.base/java.net=ALL-UNNAMED --add-opens=java.base/java.util.concurrent.atomic=ALL-UNNAMED -Xmx4G -Dfile.encoding=windows-1252 -Duser.country=US -Duser.language=en -Duser.variant org.gradle.launcher.daemon.bootstrap.GradleDaemon 7.6.3

Host: Intel(R) Core(TM) i5-7300U CPU @ 2.60GHz, 4 cores, 7G,  Windows 10 , 64 bit Build 19041 (10.0.19041.5198)
Time: Thu Jan 23 11:19:36 2025 Egypt Standard Time elapsed time: 319.798409 seconds (0d 0h 5m 19s)

---------------  T H R E A D  ---------------

Current thread (0x000002879d792100):  JavaThread "ForkJoinPool-1-worker-2" daemon [_thread_in_Java, id=1884, stack(0x000000df37d00000,0x000000df37e00000)]

Stack: [0x000000df37d00000,0x000000df37e00000],  sp=0x000000df37dff150,  free space=1020k
Native frames: (J=compiled Java code, j=interpreted, Vv=VM code, C=native code)
C  0x0000028738611b33


siginfo: EXCEPTION_ACCESS_VIOLATION (0xc0000005), reading address 0x000000061d400478


Registers:
RAX=0x000000061d400478, RBX=0x00000000000000b8, RCX=0x0000000000032fcb, RDX=0x0000000000000120
RSP=0x000000df37dff150, RBP=0x0000000754a18ff8, RSI=0x000000071d2feeb0, RDI=0x00000000000000cf
R8 =0x000000074b0f1bb0, R9 =0x00000000021d2d20, R10=0x000002872ba61000, R11=0x0000028750000000
R12=0x0000000000000000, R13=0x00000007225ea8a8, R14=0x000000074b2d32b0, R15=0x000002879d792100
RIP=0x0000028738611b33, EFLAGS=0x0000000000010206


Register to memory mapping:

RIP=0x0000028738611b33 is at entry_point+115 in (nmethod*)0x0000028738611910
Compiled method (c1)  319929 37878       3       com.android.tools.r8.graph.N::c (58 bytes)
 total in heap  [0x0000028738611910,0x0000028738611ec0] = 1456
 relocation     [0x0000028738611a68,0x0000028738611ab0] = 72
 main code      [0x0000028738611ac0,0x0000028738611d60] = 672
 stub code      [0x0000028738611d60,0x0000028738611d98] = 56
 oops           [0x0000028738611d98,0x0000028738611da0] = 8
 metadata       [0x0000028738611da0,0x0000028738611db8] = 24
 scopes data    [0x0000028738611db8,0x0000028738611e20] = 104
 scopes pcs     [0x0000028738611e20,0x0000028738611ea0] = 128
 dependencies   [0x0000028738611ea0,0x0000028738611ea8] = 8
 nul chk table  [0x0000028738611ea8,0x0000028738611ec0] = 24
RAX=0x000000061d400478 is an unknown value
RBX=0x00000000000000b8 is an unknown value
RCX=0x0000000000032fcb is an unknown value
RDX=0x0000000000000120 is an unknown value
RSP=0x000000df37dff150 is pointing into the stack for thread: 0x000002879d792100
RBP=0x0000000754a18ff8 is an oop: com.android.tools.r8.graph.W0 
{0x0000000754a18ff8} - klass: 'com/android/tools/r8/graph/W0'
 - ---- fields (total size 13 words):
 - private 'b' 'Lcom/android/tools/r8/graph/C;' @12  a 'com/android/tools/r8/graph/C'{0x0000000716c03448} (e2d80689)
 - public final 'd' 'Lcom/android/tools/r8/origin/Origin;' @16  a 'com/android/tools/r8/origin/PathOrigin'{0x00000007189416b8} (e31282d7)
 - public final 'e' 'Lcom/android/tools/r8/graph/b1;' @20  a 'com/android/tools/r8/graph/b1'{0x00000007ff9c8c30} (fff39186)
 - public final 'f' 'Lcom/android/tools/r8/graph/p;' @24  a 'com/android/tools/r8/graph/p'{0x00000007225e9878} (e44bd30f)
 - public 'g' 'Lcom/android/tools/r8/graph/b1;' @28  a 'com/android/tools/r8/graph/b1'{0x00000007ff9dc9a0} (fff3b934)
 - public 'h' 'Lcom/android/tools/r8/graph/c1;' @32  a 'com/android/tools/r8/graph/c1'{0x0000000716c0cc18} (e2d81983)
 - public 'i' 'Lcom/android/tools/r8/graph/a1;' @36  a 'com/android/tools/r8/graph/a1'{0x0000000719fc3e38} (e33f87c7)
 - private 'j' 'Lcom/android/tools/r8/internal/FL;' @40  a 'com/android/tools/r8/internal/EL'{0x0000000716c034e0} (e2d8069c)
 - protected 'k' '[Lcom/android/tools/r8/graph/l0;' @44  a 'com/android/tools/r8/graph/l0'[16] {0x0000000754a19ff8} (ea9433ff)
 - protected 'l' '[Lcom/android/tools/r8/graph/l0;' @48  a 'com/android/tools/r8/graph/l0'[1] {0x0000000754a19f70} (ea9433ee)
 - protected final 'm' 'Lcom/android/tools/r8/graph/L2;' @52  a 'com/android/tools/r8/graph/L2'{0x0000000754a19e78} (ea9433cf)
 - private 'n' 'Lcom/android/tools/r8/graph/s1;' @56  NULL (0)
 - private 'o' 'Ljava/util/List;' @60  a 'java/util/Collections$EmptyList'{0x00000007007ad760} (e00f5aec)
 - private 'p' 'Lcom/android/tools/r8/internal/oH;' @64  NULL (0)
 - private 'q' 'Ljava/util/List;' @68  a 'java/util/Collections$EmptyList'{0x00000007007ad760} (e00f5aec)
 - protected 'r' 'Lcom/android/tools/r8/graph/I1$b;' @72  a 'com/android/tools/r8/graph/I1$b'{0x00000007188f6530} (e311eca6)
 - private 'v' 'Z' @76  false
 - private final 't' 'Lcom/android/tools/r8/ProgramResource$Kind;' @80  a 'com/android/tools/r8/ProgramResource$Kind'{0x00000007188f6548} (e311eca9)
 - private 'u' 'Lcom/android/tools/r8/internal/X8;' @84  NULL (0)
 - private 'w' 'Lcom/android/tools/r8/internal/Xz;' @88  a 'com/android/tools/r8/internal/JA'{0x0000000716c03690} (e2d806d2)
 - private 'x' 'Lcom/android/tools/r8/internal/FL;' @92  a 'com/android/tools/r8/internal/EL'{0x0000000716c034e0} (e2d8069c)
 - private final 'y' 'Lcom/android/tools/r8/graph/W0$a;' @96  a 'com/android/tools/r8/dex/i$$Lambda$2380+0x000002875236c000'{0x00000007225ea908} (e44bd521)
 - private 'z' 'Lcom/android/tools/r8/synthesis/u;' @100  NULL (0)
RSI=0x000000071d2feeb0 is an oop: [Lcom.android.tools.r8.code.w1; 
{0x000000071d2feeb0} - klass: 'com/android/tools/r8/code/w1'[]
 - length: 207
RDI=0x00000000000000cf is an unknown value
R8 =0x000000074b0f1bb0 is an oop: com.android.tools.r8.graph.d3 
{0x000000074b0f1bb0} - klass: 'com/android/tools/r8/graph/d3'
 - ---- fields (total size 3 words):
 - private final 'b' 'Lcom/android/tools/r8/graph/I;' @12  a 'com/android/tools/r8/graph/W0'{0x0000000754a18ff8} (ea9431ff)
 - private final 'c' 'Lcom/android/tools/r8/internal/Sg;' @16  a 'com/android/tools/r8/graph/n0'{0x00000007225ea8a8} (e44bd515)
R9 =35466528 is a compressed pointer to class: 0x00000287521d2d20
com.android.tools.r8.graph.n0 {0x00000287521d2d28}
 - instance size:     9
 - klass size:        161
 - access:            public 
 - state:             fully_initialized
 - name:              'com/android/tools/r8/graph/n0'
 - super:             'com/android/tools/r8/internal/Sg'
 - sub:               
 - arrays:            'com/android/tools/r8/graph/n0'[]
 - methods:           Array<T>(0x00000287a11d7460)
 - method ordering:   Array<T>(0x00000287508fb090)
 - default_methods:   Array<T>(0x00000287a11e10e8)
 - default vtable indices:   Array<T>(0x00000287a11e1150)
 - local interfaces:  Array<T>(0x00000287a11dab50)
 - trans. interfaces: Array<T>(0x00000287a11e10c0)
 - constants:         constant pool [1377]/operands[133] {0x00000287a11d8008} for 'com/android/tools/r8/graph/n0' cache=0x00000287a1368000
 - class loader data:  loader data: 0x000002879849f020 for instance a 'org/gradle/internal/classloader/VisitableURLClassLoader'{0x0000000702bcfde0}
 - source file:       'R8_3.3.70_49b71801b8b3de79ea68cec3bf950786c8f90f7a560cea4a2d23a82079b17d04'
 - class annotations:       Array<T>(0x0000000000000000)
 - class type annotations:  Array<T>(0x0000000000000000)
 - field annotations:       Array<T>(0x0000000000000000)
 - field type annotations:  Array<T>(0x0000000000000000)
 - generic signature: 'Lcom/android/tools/r8/internal/Sg<Lcom/android/tools/r8/graph/n0;Lcom/android/tools/r8/graph/P0;>;Lcom/android/tools/r8/internal/tY<Lcom/android/tools/r8/graph/n0;>;'
 - inner classes:     Array<T>(0x00000287a11e1068)
 - nest members:     Array<T>(0x00000287505d1e80)
 - permitted subclasses:     Array<T>(0x00000287505d1e80)
 - java mirror:       a 'java/lang/Class'{0x00000007190136f8} = 'com/android/tools/r8/graph/n0'
 - vtable length      74  (start addr: 0x00000287521d2ee8)
 - itable length      27 (start addr: 0x00000287521d3138)
 - ---- static fields (2 words):
 - public static final 't' '[Lcom/android/tools/r8/graph/n0;' @112 
 - public static final 'u' 'Lcom/android/tools/r8/graph/n0;' @116 
 - public static final 'v' 'Lcom/android/tools/r8/internal/Ds;' @120 
 - static final synthetic 'w' 'Z' @124 
 - ---- non-static fields (15 words):
 - private 'b' 'Lcom/android/tools/r8/graph/C;' @12 
 - private final 'd' 'Z' @16 
 - private 'e' 'Lcom/android/tools/r8/internal/Mc;' @20 
 - private final 'f' 'Lcom/android/tools/r8/graph/N0;' @24 
 - public final 'h' 'Z' @17 
 - private 's' 'Z' @18 
 - private 'k' 'I' @28 
 - public final 'g' 'Lcom/android/tools/r8/graph/J2;' @32 
 - public 'i' 'Lcom/android/tools/r8/graph/b3;' @36 
 - private 'j' 'Lcom/android/tools/r8/graph/w;' @40 
 - private 'l' 'Lcom/android/tools/r8/internal/uF;' @44 
 - private 'm' 'Lcom/android/tools/r8/internal/X8;' @48 
 - private 'n' 'Lcom/android/tools/r8/internal/Mc;' @52 
 - private 'o' 'Lcom/android/tools/r8/internal/MA;' @56 
 - private 'p' 'Lcom/android/tools/r8/graph/I1$g;' @60 
 - private 'q' 'Lcom/android/tools/r8/internal/FL;' @64 
 - private 'r' 'Lcom/android/tools/r8/internal/Qs;' @68 
 - non-static oop maps: 12-12 20-24 32-68 
R10=0x000002872ba61000 points into unknown readable memory: 0x0000000000000000 | 00 00 00 00 00 00 00 00
R11=0x0000028750000000 is pointing into metadata
R12=0x0 is NULL
R13=0x00000007225ea8a8 is an oop: com.android.tools.r8.graph.n0 
{0x00000007225ea8a8} - klass: 'com/android/tools/r8/graph/n0'
 - ---- fields (total size 9 words):
 - private 'b' 'Lcom/android/tools/r8/graph/C;' @12  a 'com/android/tools/r8/graph/C'{0x0000000716c03448} (e2d80689)
 - private final 'd' 'Z' @16  false
 - private 'e' 'Lcom/android/tools/r8/internal/Mc;' @20  a 'com/android/tools/r8/internal/Nc'{0x0000000716c03718} (e2d806e3)
 - private final 'f' 'Lcom/android/tools/r8/graph/N0;' @24  a 'com/android/tools/r8/graph/P0'{0x000000071bc03320} (e3780664)
 - public final 'h' 'Z' @17  false
 - private 's' 'Z' @18  false
 - private 'k' 'I' @28  1
 - public final 'g' 'Lcom/android/tools/r8/graph/J2;' @32  a 'com/android/tools/r8/graph/J2'{0x00000007225ea8f0} (e44bd51e)
 - public 'i' 'Lcom/android/tools/r8/graph/b3;' @36  a 'com/android/tools/r8/graph/b3'{0x0000000716c03568} (e2d806ad)
 - private 'j' 'Lcom/android/tools/r8/graph/w;' @40  a 'com/android/tools/r8/graph/N'{0x000000071d2fee58} (e3a5fdcb)
 - private 'l' 'Lcom/android/tools/r8/internal/uF;' @44  a 'com/android/tools/r8/internal/jf'{0x0000000716c03608} (e2d806c1)
 - private 'm' 'Lcom/android/tools/r8/internal/X8;' @48  NULL (0)
 - private 'n' 'Lcom/android/tools/r8/internal/Mc;' @52  a 'com/android/tools/r8/internal/Nc'{0x0000000716c03718} (e2d806e3)
 - private 'o' 'Lcom/android/tools/r8/internal/MA;' @56  a 'com/android/tools/r8/internal/JA'{0x0000000716c03690} (e2d806d2)
 - private 'p' 'Lcom/android/tools/r8/graph/I1$g;' @60  a 'com/android/tools/r8/graph/I1$g'{0x0000000716c00ea0} (e2d801d4)
 - private 'q' 'Lcom/android/tools/r8/internal/FL;' @64  a 'com/android/tools/r8/internal/EL'{0x0000000716c034e0} (e2d8069c)
 - private 'r' 'Lcom/android/tools/r8/internal/Qs;' @68  a 'com/android/tools/r8/internal/Ds'{0x0000000716c0cb30} (e2d81966)
R14=0x000000074b2d32b0 is an oop: java.util.concurrent.ForkJoinTask$AdaptedCallable 
{0x000000074b2d32b0} - klass: 'java/util/concurrent/ForkJoinTask$AdaptedCallable'
 - ---- fields (total size 4 words):
 - volatile 'status' 'I' @12  0
 - private volatile transient 'aux' 'Ljava/util/concurrent/ForkJoinTask$Aux;' @16  NULL (0)
 - final 'callable' 'Ljava/util/concurrent/Callable;' @20  a 'com/android/tools/r8/utils/C$$Lambda$2033+0x0000028752241f98'{0x000000074b2d3298} (e965a653)
 - 'result' 'Ljava/lang/Object;' @24  NULL (0)
R15=0x000002879d792100 is a thread


Top of Stack: (sp=0x000000df37dff150)
0x000000df37dff150:   0000000000000036 00000287a13613a0
0x000000df37dff160:   0000028744ad876a 000002879d792100
0x000000df37dff170:   000000df37dff218 00007ff9b60ff175
0x000000df37dff180:   000000df37dff218 00000287a13613a0
0x000000df37dff190:   0000000754a18ff8 0000028738612b94
0x000000df37dff1a0:   000000df37dff218 000002879d792100
0x000000df37dff1b0:   000000df37dff1e0 0000028750100000
0x000000df37dff1c0:   0000000000000000 0000028738612b00
0x000000df37dff1d0:   000002879d792108 00007ff9b5e593c9
0x000000df37dff1e0:   000000074b0f1b50 0000000000000000
0x000000df37dff1f0:   000002879d792100 000000074b0f1bb0
0x000000df37dff200:   000000074b0f1480 0000000721fcc298
0x000000df37dff210:   0000000754a18ff8 000002873de3d938
0x000000df37dff220:   000002879d792100 000002875221d7a0
0x000000df37dff230:   0000000000000003 000000071c107920
0x000000df37dff240:   0000000754a0b058 000002873de3d938 

Instructions: (pc=0x0000028738611b33)
0x0000028738611a33:   00 b0 05 00 00 b0 05 00 00 30 00 00 00 f6 93 00
0x0000028738611a43:   00 03 00 00 00 00 00 00 00 02 00 00 00 00 00 00
0x0000028738611a53:   00 3a 00 00 00 e0 01 00 00 06 00 00 00 ff ff ff
0x0000028738611a63:   ff ff ff ff ff 14 60 18 c0 4d c0 96 c0 28 c0 12
0x0000028738611a73:   c0 2f a0 03 c0 12 c0 3b b0 0e c0 17 64 0a 64 05
0x0000028738611a83:   64 05 c0 17 64 0a c0 17 64 7b f0 0a 80 11 64 29
0x0000028738611a93:   64 23 00 00 64 03 f8 3b b6 90 f0 f9 7f 05 70 0e
0x0000028738611aa3:   60 01 f8 7e ff 0e 90 0c 64 00 00 00 00 00 00 00
0x0000028738611ab3:   00 00 00 00 00 00 00 00 00 00 00 00 00 44 8b 52
0x0000028738611ac3:   08 49 bb 00 00 00 50 87 02 00 00 4d 03 d3 4c 3b
0x0000028738611ad3:   d0 0f 85 a6 af 9c 03 66 0f 1f 44 00 00 89 84 24
0x0000028738611ae3:   00 90 ff ff 55 48 83 ec 40 48 be c8 b4 dd a1 87
0x0000028738611af3:   02 00 00 8b be cc 00 00 00 83 c7 02 89 be cc 00
0x0000028738611b03:   00 00 81 e7 fe 07 00 00 83 ff 00 0f 84 82 01 00
0x0000028738611b13:   00 8b 72 24 48 c1 e6 03 8b 7e 0c bb 00 00 00 00
0x0000028738611b23:   e9 23 01 00 00 48 63 c3 8b 44 86 10 48 c1 e0 03
0x0000028738611b33:   48 3b 00 48 8b d0 48 b9 c8 b4 dd a1 87 02 00 00
0x0000028738611b43:   8b 52 08 49 ba 00 00 00 50 87 02 00 00 49 03 d2
0x0000028738611b53:   48 3b 91 40 01 00 00 75 0d 48 83 81 48 01 00 00
0x0000028738611b63:   01 e9 66 00 00 00 48 3b 91 50 01 00 00 75 0d 48
0x0000028738611b73:   83 81 58 01 00 00 01 e9 50 00 00 00 48 81 b9 40
0x0000028738611b83:   01 00 00 00 00 00 00 75 17 48 89 91 40 01 00 00
0x0000028738611b93:   48 c7 81 48 01 00 00 01 00 00 00 e9 2c 00 00 00
0x0000028738611ba3:   48 81 b9 50 01 00 00 00 00 00 00 75 17 48 89 91
0x0000028738611bb3:   50 01 00 00 48 c7 81 58 01 00 00 01 00 00 00 e9
0x0000028738611bc3:   08 00 00 00 48 83 81 30 01 00 00 01 48 ba 90 b7
0x0000028738611bd3:   dd a1 87 02 00 00 8b 8a cc 00 00 00 83 c1 02 89
0x0000028738611be3:   8a cc 00 00 00 81 e1 fe ff 1f 00 83 f9 00 0f 84
0x0000028738611bf3:   ca 00 00 00 48 b8 c8 b4 dd a1 87 02 00 00 ff 80
0x0000028738611c03:   68 01 00 00 ff c3 48 b8 c8 b4 dd a1 87 02 00 00
0x0000028738611c13:   8b 90 d0 00 00 00 83 c2 02 89 90 d0 00 00 00 81
0x0000028738611c23:   e2 fe 3f 00 00 83 fa 00 0f 84 b1 00 00 00 4d 8b 


Stack slot to memory mapping:
stack at sp + 0 slots: 0x0000000000000036 is an unknown value
stack at sp + 1 slots: {method} {0x00000287a13613a8} 'c' '(Lcom/android/tools/r8/graph/d3;)V' in 'com/android/tools/r8/graph/N'
stack at sp + 2 slots: 0x0000028744ad876a points into unknown readable memory: 04 04 04 04 04 04
stack at sp + 3 slots: 0x000002879d792100 is a thread
stack at sp + 4 slots: 0x000000df37dff218 is pointing into the stack for thread: 0x000002879d792100
stack at sp + 5 slots: 0x00007ff9b60ff175 jvm.dll
stack at sp + 6 slots: 0x000000df37dff218 is pointing into the stack for thread: 0x000002879d792100
stack at sp + 7 slots: {method} {0x00000287a13613a8} 'c' '(Lcom/android/tools/r8/graph/d3;)V' in 'com/android/tools/r8/graph/N'


Compiled method (c1)  320134 37878       3       com.android.tools.r8.graph.N::c (58 bytes)
 total in heap  [0x0000028738611910,0x0000028738611ec0] = 1456
 relocation     [0x0000028738611a68,0x0000028738611ab0] = 72
 main code      [0x0000028738611ac0,0x0000028738611d60] = 672
 stub code      [0x0000028738611d60,0x0000028738611d98] = 56
 oops           [0x0000028738611d98,0x0000028738611da0] = 8
 metadata       [0x0000028738611da0,0x0000028738611db8] = 24
 scopes data    [0x0000028738611db8,0x0000028738611e20] = 104
 scopes pcs     [0x0000028738611e20,0x0000028738611ea0] = 128
 dependencies   [0x0000028738611ea0,0x0000028738611ea8] = 8
 nul chk table  [0x0000028738611ea8,0x0000028738611ec0] = 24

[Constant Pool (empty)]

[MachCode]
[Entry Point]
  # {method} {0x00000287a13613a8} 'c' '(Lcom/android/tools/r8/graph/d3;)V' in 'com/android/tools/r8/graph/N'
  # this:     rdx:rdx   = 'com/android/tools/r8/graph/N'
  # parm0:    r8:r8     = 'com/android/tools/r8/graph/d3'
  #           [sp+0x50]  (sp of caller)
  0x0000028738611ac0: 448b 5208 | 49bb 0000 | 0050 8702 | 0000 4d03 | d34c 3bd0 

  0x0000028738611ad4: ;   {runtime_call ic_miss_stub}
  0x0000028738611ad4: 0f85 a6af | 9c03 660f | 1f44 0000 
[Verified Entry Point]
  0x0000028738611ae0: 8984 2400 | 90ff ff55 | 4883 ec40 

  0x0000028738611aec: ;   {metadata(method data for {method} {0x00000287a13613a8} 'c' '(Lcom/android/tools/r8/graph/d3;)V' in 'com/android/tools/r8/graph/N')}
  0x0000028738611aec: 48be c8b4 | dda1 8702 | 0000 8bbe | cc00 0000 | 83c7 0289 | becc 0000 | 0081 e7fe | 0700 0083 
  0x0000028738611b0c: ff00 0f84 | 8201 0000 | 8b72 2448 | c1e6 038b | 7e0c bb00 | 0000 00e9 | 2301 0000 | 4863 c38b 
  0x0000028738611b2c: 4486 1048 | c1e0 0348 | 3b00 488b 

  0x0000028738611b38: ;   {metadata(method data for {method} {0x00000287a13613a8} 'c' '(Lcom/android/tools/r8/graph/d3;)V' in 'com/android/tools/r8/graph/N')}
  0x0000028738611b38: d048 b9c8 | b4dd a187 | 0200 008b | 5208 49ba | 0000 0050 | 8702 0000 | 4903 d248 | 3b91 4001 
  0x0000028738611b58: 0000 750d | 4883 8148 | 0100 0001 | e966 0000 | 0048 3b91 | 5001 0000 | 750d 4883 | 8158 0100 
  0x0000028738611b78: 0001 e950 | 0000 0048 | 81b9 4001 | 0000 0000 | 0000 7517 | 4889 9140 | 0100 0048 | c781 4801 
  0x0000028738611b98: 0000 0100 | 0000 e92c | 0000 0048 | 81b9 5001 | 0000 0000 | 0000 7517 | 4889 9150 | 0100 0048 
  0x0000028738611bb8: c781 5801 | 0000 0100 | 0000 e908 | 0000 0048 | 8381 3001 

  0x0000028738611bcc: ;   {metadata(method data for {method} {0x00000287a1764fb0} 'o' '()Lcom/android/tools/r8/graph/H;' in 'com/android/tools/r8/code/w1')}
  0x0000028738611bcc: 0000 0148 | ba90 b7dd | a187 0200 | 008b 8acc | 0000 0083 | c102 898a | cc00 0000 | 81e1 feff 
  0x0000028738611bec: 1f00 83f9 | 000f 84ca 

  0x0000028738611bf4: ;   {metadata(method data for {method} {0x00000287a13613a8} 'c' '(Lcom/android/tools/r8/graph/d3;)V' in 'com/android/tools/r8/graph/N')}
  0x0000028738611bf4: 0000 0048 | b8c8 b4dd | a187 0200 | 00ff 8068 | 0100 00ff 

  0x0000028738611c08: ;   {metadata(method data for {method} {0x00000287a13613a8} 'c' '(Lcom/android/tools/r8/graph/d3;)V' in 'com/android/tools/r8/graph/N')}
  0x0000028738611c08: c348 b8c8 | b4dd a187 | 0200 008b | 90d0 0000 | 0083 c202 | 8990 d000 | 0000 81e2 | fe3f 0000 
  0x0000028738611c28: 83fa 000f | 84b1 0000 | 004d 8b97 

  0x0000028738611c34: ; ImmutableOopMap {r8=Oop rsi=Oop }
                      ;*goto {reexecute=1 rethrow=0 return_oop=0}
                      ; - (reexecute) com.android.tools.r8.graph.N::c@54 (line 5)
  0x0000028738611c34: 5003 0000 

  0x0000028738611c38: ;   {poll}
  0x0000028738611c38: 4185 0248 | b8c8 b4dd | a187 0200 | 00ff 8068 | 0200 003b 

  0x0000028738611c4c: ;   {metadata(method data for {method} {0x00000287a13613a8} 'c' '(Lcom/android/tools/r8/graph/d3;)V' in 'com/android/tools/r8/graph/N')}
  0x0000028738611c4c: df48 b8c8 | b4dd a187 | 0200 0048 | ba20 0100 | 0000 0000 | 000f 8c0a | 0000 0048 | ba10 0100 
  0x0000028738611c6c: 0000 0000 | 0048 8b0c | 1048 8d49 | 0148 890c | 100f 8ca5 | feff ff48 | 83c4 405d 

  0x0000028738611c88: ;   {poll_return}
  0x0000028738611c88: 493b a748 | 0300 000f | 876e 0000 

  0x0000028738611c94: ;   {metadata({method} {0x00000287a13613a8} 'c' '(Lcom/android/tools/r8/graph/d3;)V' in 'com/android/tools/r8/graph/N')}
  0x0000028738611c94: 00c3 49ba | a013 36a1 | 8702 0000 | 4c89 5424 | 0848 c704 | 24ff ffff 

  0x0000028738611cac: ;   {runtime_call counter_overflow Runtime1 stub}
  0x0000028738611cac: ffe8 ce94 

  0x0000028738611cb0: ; ImmutableOopMap {rdx=Oop r8=Oop }
                      ;*synchronization entry
                      ; - com.android.tools.r8.graph.N::c@-1
  0x0000028738611cb0: a703 e95d 

  0x0000028738611cb4: ;   {runtime_call throw_null_pointer_exception Runtime1 stub}
  0x0000028738611cb4: feff ffe8 

  0x0000028738611cb8: ; ImmutableOopMap {r8=Oop rsi=Oop }
                      ;*arraylength {reexecute=0 rethrow=0 return_oop=0}
                      ; - com.android.tools.r8.graph.N::c@6 (line 2)
  0x0000028738611cb8: e479 9e03 

  0x0000028738611cbc: ;   {runtime_call throw_null_pointer_exception Runtime1 stub}
  0x0000028738611cbc: e8df 799e 

  0x0000028738611cc0: ; ImmutableOopMap {r8=Oop rsi=Oop rax=Oop }
                      ;*invokevirtual o {reexecute=0 rethrow=0 return_oop=0}
                      ; - com.android.tools.r8.graph.N::c@21 (line 3)
                      ;   {metadata({method} {0x00000287a1764fb0} 'o' '()Lcom/android/tools/r8/graph/H;' in 'com/android/tools/r8/code/w1')}
  0x0000028738611cc0: 0349 baa8 | 4f76 a187 | 0200 004c | 8954 2408 | 48c7 0424 | ffff ffff 

  0x0000028738611cd8: ;   {runtime_call counter_overflow Runtime1 stub}
  0x0000028738611cd8: e8a3 94a7 

  0x0000028738611cdc: ; ImmutableOopMap {r8=Oop rsi=Oop rax=Oop }
                      ;*synchronization entry
                      ; - com.android.tools.r8.code.w1::o@-1
                      ; - com.android.tools.r8.graph.N::c@21 (line 3)
  0x0000028738611cdc: 03e9 15ff 

  0x0000028738611ce0: ;   {metadata({method} {0x00000287a13613a8} 'c' '(Lcom/android/tools/r8/graph/d3;)V' in 'com/android/tools/r8/graph/N')}
  0x0000028738611ce0: ffff 49ba | a013 36a1 | 8702 0000 | 4c89 5424 | 0848 c704 | 2436 0000 

  0x0000028738611cf8: ;   {runtime_call counter_overflow Runtime1 stub}
  0x0000028738611cf8: 00e8 8294 

  0x0000028738611cfc: ; ImmutableOopMap {r8=Oop rsi=Oop }
                      ;*goto {reexecute=1 rethrow=0 return_oop=0}
                      ; - (reexecute) com.android.tools.r8.graph.N::c@54 (line 5)
  0x0000028738611cfc: a703 e92e 

  0x0000028738611d00: ;   {internal_word}
  0x0000028738611d00: ffff ff49 | ba88 1c61 | 3887 0200 | 004d 8997 | 6003 0000 

  0x0000028738611d14: ;   {runtime_call SafepointBlob}
  0x0000028738611d14: e9e7 169d | 0390 9049 | 8b87 d803 | 0000 49c7 | 87d8 0300 | 0000 0000 | 0049 c787 | e003 0000 
  0x0000028738611d34: 0000 0000 | 4883 c440 

  0x0000028738611d3c: ;   {runtime_call unwind_exception Runtime1 stub}
  0x0000028738611d3c: 5de9 3e88 | 9e03 f4f4 | f4f4 f4f4 | f4f4 f4f4 | f4f4 f4f4 | f4f4 f4f4 | f4f4 f4f4 | f4f4 f4f4 
  0x0000028738611d5c: f4f4 f4f4 
[Exception Handler]
  0x0000028738611d60: ;   {no_reloc}
  0x0000028738611d60: e81b 5b9e 

  0x0000028738611d64: ;   {external_word}
  0x0000028738611d64: 0348 b990 | f03b b6f9 | 7f00 0048 

  0x0000028738611d70: ;   {runtime_call}
  0x0000028738611d70: 83e4 f049 | ba20 ff09 | b6f9 7f00 | 0041 ffd2 

  0x0000028738611d80: ;   {section_word}
  0x0000028738611d80: f449 ba81 | 1d61 3887 | 0200 0041 

  0x0000028738611d8c: ;   {runtime_call DeoptimizationBlob}
  0x0000028738611d8c: 52e9 0e09 | 9d03 f4f4 | f4f4 f4f4 
[/MachCode]


---------------  P R O C E S S  ---------------

Threads class SMR info:
_java_thread_list=0x00000287a3796cd0, length=107, elements={
0x000002872b88af70, 0x000002874fea08a0, 0x000002874fea31b0, 0x000002874feb49a0,
0x000002874feb5470, 0x000002874feb7e50, 0x000002874feba730, 0x000002874febc3f0,
0x000002874fec1de0, 0x0000028795120040, 0x00000287951f1ab0, 0x00000287951f91e0,
0x0000028796f3a7d0, 0x0000028795f30100, 0x000002879692abb0, 0x0000028795cb6b20,
0x0000028797ca0890, 0x0000028795cb1c90, 0x0000028795cb0850, 0x0000028795cb0340,
0x0000028795cb1780, 0x0000028795cb0d60, 0x0000028796bf56d0, 0x0000028796bf7a40,
0x0000028796bf1500, 0x0000028796bf2e50, 0x0000028796bf1f20, 0x0000028796bf5be0,
0x0000028796bf7020, 0x0000028796bf3360, 0x0000028796bf2430, 0x0000028796bf60f0,
0x0000028796bf4cb0, 0x0000028796bf2940, 0x0000028796bf47a0, 0x0000028796bf3870,
0x0000028796bf51c0, 0x0000028796bf3d80, 0x0000028796bf4290, 0x0000028796bf7530,
0x0000028796bf7f50, 0x0000028796bf8970, 0x0000028796bf1a10, 0x00000287975ae350,
0x00000287975aca00, 0x00000287975b2f40, 0x00000287975af790, 0x00000287975aed70,
0x00000287975ad930, 0x00000287975b10e0, 0x00000287975ae860, 0x00000287975af280,
0x00000287975acf10, 0x00000287975ac4f0, 0x00000287975b1b00, 0x00000287975ade40,
0x00000287975afca0, 0x00000287975b01b0, 0x00000287975b2a30, 0x00000287975b06c0,
0x00000287975b3450, 0x00000287975b0bd0, 0x00000287975b2010, 0x00000287975b15f0,
0x00000287975b2520, 0x00000287975b3960, 0x00000287975b3e70, 0x00000287961f9540,
0x00000287961f4440, 0x00000287961f4e60, 0x00000287961fae90, 0x00000287961fa470,
0x00000287961f3f30, 0x00000287961fb3a0, 0x00000287961f5370, 0x00000287961fa980,
0x00000287961f9a50, 0x00000287961f7bf0, 0x00000287961f5880, 0x00000287961f71d0,
0x00000287961f9f60, 0x00000287961f8610, 0x00000287961f5d90, 0x00000287961f8100,
0x00000287961f4950, 0x00000287961fb8b0, 0x00000287961f67b0, 0x00000287961f6cc0,
0x000002879b0ca5d0, 0x000002879b0c8770, 0x000002879b0caff0, 0x000002879c3cf6d0,
0x000002879c3d51f0, 0x000002879c3d5c10, 0x000002879c3d6120, 0x000002879c3d1a40,
0x000002879c3d6630, 0x000002879c3cf1c0, 0x000002879c3d6b40, 0x000002879c3d0600,
0x00000287a30c9450, 0x000002879d794980, 0x000002879d7916e0, 0x000002879d792100,
0x000002879b0c9bb0, 0x000002879b0cba10, 0x000002879d791bf0
}

Java Threads: ( => current thread )
  0x000002872b88af70 JavaThread "main" [_thread_blocked, id=7344, stack(0x000000df30900000,0x000000df30a00000)]
  0x000002874fea08a0 JavaThread "Reference Handler" daemon [_thread_blocked, id=18188, stack(0x000000df31000000,0x000000df31100000)]
  0x000002874fea31b0 JavaThread "Finalizer" daemon [_thread_blocked, id=9344, stack(0x000000df31100000,0x000000df31200000)]
  0x000002874feb49a0 JavaThread "Signal Dispatcher" daemon [_thread_blocked, id=16848, stack(0x000000df31200000,0x000000df31300000)]
  0x000002874feb5470 JavaThread "Attach Listener" daemon [_thread_blocked, id=11444, stack(0x000000df31300000,0x000000df31400000)]
  0x000002874feb7e50 JavaThread "Service Thread" daemon [_thread_blocked, id=10008, stack(0x000000df31400000,0x000000df31500000)]
  0x000002874feba730 JavaThread "Monitor Deflation Thread" daemon [_thread_blocked, id=12908, stack(0x000000df31500000,0x000000df31600000)]
  0x000002874febc3f0 JavaThread "C2 CompilerThread0" daemon [_thread_blocked, id=16980, stack(0x000000df31600000,0x000000df31700000)]
  0x000002874fec1de0 JavaThread "C1 CompilerThread0" daemon [_thread_blocked, id=9096, stack(0x000000df31700000,0x000000df31800000)]
  0x0000028795120040 JavaThread "Sweeper thread" daemon [_thread_blocked, id=18244, stack(0x000000df31800000,0x000000df31900000)]
  0x00000287951f1ab0 JavaThread "Common-Cleaner" daemon [_thread_blocked, id=16348, stack(0x000000df31900000,0x000000df31a00000)]
  0x00000287951f91e0 JavaThread "Notification Thread" daemon [_thread_blocked, id=18312, stack(0x000000df31a00000,0x000000df31b00000)]
  0x0000028796f3a7d0 JavaThread "Daemon health stats" [_thread_blocked, id=5984, stack(0x000000df32000000,0x000000df32100000)]
  0x0000028795f30100 JavaThread "Incoming local TCP Connector on port 56898" [_thread_in_native, id=12700, stack(0x000000df31f00000,0x000000df32000000)]
  0x000002879692abb0 JavaThread "Daemon periodic checks" [_thread_blocked, id=17912, stack(0x000000df32100000,0x000000df32200000)]
  0x0000028795cb6b20 JavaThread "Daemon" [_thread_blocked, id=17232, stack(0x000000df32200000,0x000000df32300000)]
  0x0000028797ca0890 JavaThread "Handler for socket connection from /127.0.0.1:56898 to /127.0.0.1:56909" [_thread_in_native, id=7508, stack(0x000000df32300000,0x000000df32400000)]
  0x0000028795cb1c90 JavaThread "Cancel handler" [_thread_blocked, id=18300, stack(0x000000df32400000,0x000000df32500000)]
  0x0000028795cb0850 JavaThread "Daemon worker" [_thread_blocked, id=3972, stack(0x000000df32500000,0x000000df32600000)]
  0x0000028795cb0340 JavaThread "Asynchronous log dispatcher for DefaultDaemonConnection: socket connection from /127.0.0.1:56898 to /127.0.0.1:56909" [_thread_blocked, id=6456, stack(0x000000df32600000,0x000000df32700000)]
  0x0000028795cb1780 JavaThread "Stdin handler" [_thread_blocked, id=18116, stack(0x000000df32700000,0x000000df32800000)]
  0x0000028795cb0d60 JavaThread "Daemon client event forwarder" [_thread_blocked, id=18164, stack(0x000000df32800000,0x000000df32900000)]
  0x0000028796bf56d0 JavaThread "Cache worker for journal cache (C:\Users\Al-Mahdi\.gradle\caches\journal-1)" [_thread_blocked, id=18072, stack(0x000000df32900000,0x000000df32a00000)]
  0x0000028796bf7a40 JavaThread "File lock request listener" [_thread_in_native, id=17852, stack(0x000000df32a00000,0x000000df32b00000)]
  0x0000028796bf1500 JavaThread "Cache worker for file hash cache (C:\Users\Al-Mahdi\.gradle\caches\7.6.3\fileHashes)" [_thread_blocked, id=8728, stack(0x000000df32b00000,0x000000df32c00000)]
  0x0000028796bf2e50 JavaThread "File watcher server" daemon [_thread_in_native, id=17612, stack(0x000000df32c00000,0x000000df32d00000)]
  0x0000028796bf1f20 JavaThread "File watcher consumer" daemon [_thread_blocked, id=7836, stack(0x000000df32d00000,0x000000df32e00000)]
  0x0000028796bf5be0 JavaThread "Cache worker for checksums cache (E:\TranslatedRCT\RCT-Mobile 2\RCT-Mobile 2\android\.gradle\7.6.3\checksums)" [_thread_blocked, id=4936, stack(0x000000df32f00000,0x000000df33000000)]
  0x0000028796bf7020 JavaThread "Cache worker for cache directory md-rule (C:\Users\Al-Mahdi\.gradle\caches\7.6.3\md-rule)" [_thread_blocked, id=18308, stack(0x000000df33000000,0x000000df33100000)]
  0x0000028796bf3360 JavaThread "Cache worker for file content cache (C:\Users\Al-Mahdi\.gradle\caches\7.6.3\fileContent)" [_thread_blocked, id=18040, stack(0x000000df33100000,0x000000df33200000)]
  0x0000028796bf2430 JavaThread "Cache worker for file hash cache (E:\TranslatedRCT\RCT-Mobile 2\RCT-Mobile 2\android\.gradle\7.6.3\fileHashes)" [_thread_blocked, id=11024, stack(0x000000df33200000,0x000000df33300000)]
  0x0000028796bf60f0 JavaThread "Cache worker for cache directory md-supplier (C:\Users\Al-Mahdi\.gradle\caches\7.6.3\md-supplier)" [_thread_blocked, id=4476, stack(0x000000df33300000,0x000000df33400000)]
  0x0000028796bf4cb0 JavaThread "Cache worker for execution history cache (C:\Users\Al-Mahdi\.gradle\caches\7.6.3\executionHistory)" [_thread_blocked, id=7748, stack(0x000000df33500000,0x000000df33600000)]
  0x0000028796bf2940 JavaThread "jar transforms" [_thread_blocked, id=16876, stack(0x000000df33600000,0x000000df33700000)]
  0x0000028796bf47a0 JavaThread "Cache worker for kotlin-dsl (C:\Users\Al-Mahdi\.gradle\caches\7.6.3\kotlin-dsl)" [_thread_blocked, id=15592, stack(0x000000df33700000,0x000000df33800000)]
  0x0000028796bf3870 JavaThread "jar transforms Thread 2" [_thread_blocked, id=16556, stack(0x000000df33800000,0x000000df33900000)]
  0x0000028796bf51c0 JavaThread "Cache worker for dependencies-accessors (E:\TranslatedRCT\RCT-Mobile 2\RCT-Mobile 2\android\.gradle\7.6.3\dependencies-accessors)" [_thread_blocked, id=15656, stack(0x000000df33900000,0x000000df33a00000)]
  0x0000028796bf3d80 JavaThread "Cache worker for Build Output Cleanup Cache (C:\src\flutter\packages\flutter_tools\gradle\.gradle\buildOutputCleanup)" [_thread_blocked, id=520, stack(0x000000df33a00000,0x000000df33b00000)]
  0x0000028796bf4290 JavaThread "jar transforms Thread 3" [_thread_blocked, id=1380, stack(0x000000df33b00000,0x000000df33c00000)]
  0x0000028796bf7530 JavaThread "Memory manager" [_thread_blocked, id=3600, stack(0x000000df33c00000,0x000000df33d00000)]
  0x0000028796bf7f50 JavaThread "jar transforms Thread 4" [_thread_blocked, id=17468, stack(0x000000df32e00000,0x000000df32f00000)]
  0x0000028796bf8970 JavaThread "included builds" [_thread_blocked, id=18136, stack(0x000000df33e00000,0x000000df33f00000)]
  0x0000028796bf1a10 JavaThread "Execution worker" [_thread_blocked, id=14000, stack(0x000000df33f00000,0x000000df34000000)]
  0x00000287975ae350 JavaThread "Execution worker Thread 2" [_thread_blocked, id=8092, stack(0x000000df34000000,0x000000df34100000)]
  0x00000287975aca00 JavaThread "Execution worker Thread 3" [_thread_blocked, id=5116, stack(0x000000df34100000,0x000000df34200000)]
  0x00000287975b2f40 JavaThread "Cache worker for execution history cache (C:\src\flutter\packages\flutter_tools\gradle\.gradle\7.6.3\executionHistory)" [_thread_blocked, id=1396, stack(0x000000df34200000,0x000000df34300000)]
  0x00000287975af790 JavaThread "Unconstrained build operations" [_thread_blocked, id=11040, stack(0x000000df33d00000,0x000000df33e00000)]
  0x00000287975aed70 JavaThread "Unconstrained build operations Thread 2" [_thread_blocked, id=16252, stack(0x000000df34300000,0x000000df34400000)]
  0x00000287975ad930 JavaThread "Unconstrained build operations Thread 3" [_thread_blocked, id=15280, stack(0x000000df34400000,0x000000df34500000)]
  0x00000287975b10e0 JavaThread "Unconstrained build operations Thread 4" [_thread_blocked, id=18400, stack(0x000000df34500000,0x000000df34600000)]
  0x00000287975ae860 JavaThread "Unconstrained build operations Thread 5" [_thread_blocked, id=13512, stack(0x000000df34600000,0x000000df34700000)]
  0x00000287975af280 JavaThread "Unconstrained build operations Thread 6" [_thread_blocked, id=10120, stack(0x000000df34700000,0x000000df34800000)]
  0x00000287975acf10 JavaThread "Unconstrained build operations Thread 7" [_thread_blocked, id=8608, stack(0x000000df34800000,0x000000df34900000)]
  0x00000287975ac4f0 JavaThread "Unconstrained build operations Thread 8" [_thread_blocked, id=9324, stack(0x000000df34900000,0x000000df34a00000)]
  0x00000287975b1b00 JavaThread "Unconstrained build operations Thread 9" [_thread_blocked, id=16668, stack(0x000000df34a00000,0x000000df34b00000)]
  0x00000287975ade40 JavaThread "Unconstrained build operations Thread 10" [_thread_blocked, id=9664, stack(0x000000df34b00000,0x000000df34c00000)]
  0x00000287975afca0 JavaThread "Unconstrained build operations Thread 11" [_thread_blocked, id=17308, stack(0x000000df34d00000,0x000000df34e00000)]
  0x00000287975b01b0 JavaThread "Unconstrained build operations Thread 12" [_thread_blocked, id=15468, stack(0x000000df34e00000,0x000000df34f00000)]
  0x00000287975b2a30 JavaThread "Unconstrained build operations Thread 13" [_thread_blocked, id=17920, stack(0x000000df34f00000,0x000000df35000000)]
  0x00000287975b06c0 JavaThread "Unconstrained build operations Thread 14" [_thread_blocked, id=7488, stack(0x000000df35000000,0x000000df35100000)]
  0x00000287975b3450 JavaThread "Unconstrained build operations Thread 15" [_thread_blocked, id=14040, stack(0x000000df35100000,0x000000df35200000)]
  0x00000287975b0bd0 JavaThread "Unconstrained build operations Thread 16" [_thread_blocked, id=1424, stack(0x000000df35200000,0x000000df35300000)]
  0x00000287975b2010 JavaThread "Unconstrained build operations Thread 17" [_thread_blocked, id=14328, stack(0x000000df35300000,0x000000df35400000)]
  0x00000287975b15f0 JavaThread "Unconstrained build operations Thread 18" [_thread_blocked, id=17972, stack(0x000000df35400000,0x000000df35500000)]
  0x00000287975b2520 JavaThread "Unconstrained build operations Thread 19" [_thread_blocked, id=17780, stack(0x000000df35500000,0x000000df35600000)]
  0x00000287975b3960 JavaThread "Unconstrained build operations Thread 20" [_thread_blocked, id=8920, stack(0x000000df35600000,0x000000df35700000)]
  0x00000287975b3e70 JavaThread "Unconstrained build operations Thread 21" [_thread_blocked, id=892, stack(0x000000df35700000,0x000000df35800000)]
  0x00000287961f9540 JavaThread "Unconstrained build operations Thread 22" [_thread_blocked, id=10376, stack(0x000000df35800000,0x000000df35900000)]
  0x00000287961f4440 JavaThread "Unconstrained build operations Thread 23" [_thread_blocked, id=14676, stack(0x000000df35900000,0x000000df35a00000)]
  0x00000287961f4e60 JavaThread "Unconstrained build operations Thread 24" [_thread_blocked, id=13944, stack(0x000000df35a00000,0x000000df35b00000)]
  0x00000287961fae90 JavaThread "Unconstrained build operations Thread 25" [_thread_blocked, id=17952, stack(0x000000df35b00000,0x000000df35c00000)]
  0x00000287961fa470 JavaThread "Unconstrained build operations Thread 26" [_thread_blocked, id=2432, stack(0x000000df35c00000,0x000000df35d00000)]
  0x00000287961f3f30 JavaThread "Unconstrained build operations Thread 27" [_thread_blocked, id=3340, stack(0x000000df35d00000,0x000000df35e00000)]
  0x00000287961fb3a0 JavaThread "Unconstrained build operations Thread 28" [_thread_blocked, id=10344, stack(0x000000df35e00000,0x000000df35f00000)]
  0x00000287961f5370 JavaThread "Unconstrained build operations Thread 29" [_thread_blocked, id=18216, stack(0x000000df35f00000,0x000000df36000000)]
  0x00000287961fa980 JavaThread "Unconstrained build operations Thread 30" [_thread_blocked, id=18228, stack(0x000000df36000000,0x000000df36100000)]
  0x00000287961f9a50 JavaThread "Unconstrained build operations Thread 31" [_thread_blocked, id=2336, stack(0x000000df36100000,0x000000df36200000)]
  0x00000287961f7bf0 JavaThread "Unconstrained build operations Thread 32" [_thread_blocked, id=17812, stack(0x000000df36200000,0x000000df36300000)]
  0x00000287961f5880 JavaThread "Unconstrained build operations Thread 33" [_thread_blocked, id=11364, stack(0x000000df36300000,0x000000df36400000)]
  0x00000287961f71d0 JavaThread "Unconstrained build operations Thread 34" [_thread_blocked, id=1300, stack(0x000000df36400000,0x000000df36500000)]
  0x00000287961f9f60 JavaThread "Unconstrained build operations Thread 35" [_thread_blocked, id=17700, stack(0x000000df36500000,0x000000df36600000)]
  0x00000287961f8610 JavaThread "Unconstrained build operations Thread 36" [_thread_blocked, id=9648, stack(0x000000df36600000,0x000000df36700000)]
  0x00000287961f5d90 JavaThread "Unconstrained build operations Thread 37" [_thread_blocked, id=10200, stack(0x000000df36700000,0x000000df36800000)]
  0x00000287961f8100 JavaThread "Unconstrained build operations Thread 38" [_thread_blocked, id=12640, stack(0x000000df36800000,0x000000df36900000)]
  0x00000287961f4950 JavaThread "Unconstrained build operations Thread 39" [_thread_blocked, id=2884, stack(0x000000df36900000,0x000000df36a00000)]
  0x00000287961fb8b0 JavaThread "Unconstrained build operations Thread 40" [_thread_blocked, id=1932, stack(0x000000df36a00000,0x000000df36b00000)]
  0x00000287961f67b0 JavaThread "Cache worker for Build Output Cleanup Cache (E:\TranslatedRCT\RCT-Mobile 2\RCT-Mobile 2\android\.gradle\buildOutputCleanup)" [_thread_blocked, id=14744, stack(0x000000df36b00000,0x000000df36c00000)]
  0x00000287961f6cc0 JavaThread "build event listener" [_thread_blocked, id=4972, stack(0x000000df34c00000,0x000000df34d00000)]
  0x000002879b0ca5d0 JavaThread "Cache worker for execution history cache (E:\TranslatedRCT\RCT-Mobile 2\RCT-Mobile 2\android\.gradle\7.6.3\executionHistory)" [_thread_blocked, id=5476, stack(0x000000df30800000,0x000000df30900000)]
  0x000002879b0c8770 JavaThread "WorkerExecutor Queue Thread 2" [_thread_blocked, id=8548, stack(0x000000df37200000,0x000000df37300000)]
  0x000002879b0caff0 JavaThread "WorkerExecutor Queue Thread 4" [_thread_blocked, id=16728, stack(0x000000df37400000,0x000000df37500000)]
  0x000002879c3cf6d0 JavaThread "WorkerExecutor Queue Thread 6" [_thread_in_native, id=15284, stack(0x000000df37300000,0x000000df37400000)]
  0x000002879c3d51f0 JavaThread "Cache worker for Java compile cache (C:\Users\Al-Mahdi\.gradle\caches\7.6.3\javaCompile)" [_thread_blocked, id=4868, stack(0x000000df37500000,0x000000df37600000)]
  0x000002879c3d5c10 JavaThread "Build operations" [_thread_blocked, id=6512, stack(0x000000df36c00000,0x000000df36d00000)]
  0x000002879c3d6120 JavaThread "Build operations Thread 2" [_thread_blocked, id=9176, stack(0x000000df37600000,0x000000df37700000)]
  0x000002879c3d1a40 JavaThread "Build operations Thread 3" [_thread_blocked, id=9476, stack(0x000000df37700000,0x000000df37800000)]
  0x000002879c3d6630 JavaThread "Build operations Thread 4" [_thread_blocked, id=15868, stack(0x000000df37800000,0x000000df37900000)]
  0x000002879c3cf1c0 JavaThread "pool-3-thread-1" [_thread_blocked, id=1592, stack(0x000000df37a00000,0x000000df37b00000)]
  0x000002879c3d6b40 JavaThread "stderr" [_thread_in_native, id=5744, stack(0x000000df37b00000,0x000000df37c00000)]
  0x000002879c3d0600 JavaThread "stdout" [_thread_in_native, id=5100, stack(0x000000df37c00000,0x000000df37d00000)]
  0x00000287a30c9450 JavaThread "C2 CompilerThread1" daemon [_thread_in_native, id=9508, stack(0x000000df36e00000,0x000000df36f00000)]
  0x000002879d794980 JavaThread "WorkerExecutor Queue Thread 7" [_thread_blocked, id=10168, stack(0x000000df37000000,0x000000df37100000)]
  0x000002879d7916e0 JavaThread "ForkJoinPool-1-worker-1" daemon [_thread_blocked, id=2524, stack(0x000000df37900000,0x000000df37a00000)]
=>0x000002879d792100 JavaThread "ForkJoinPool-1-worker-2" daemon [_thread_in_Java, id=1884, stack(0x000000df37d00000,0x000000df37e00000)]
  0x000002879b0c9bb0 JavaThread "ForkJoinPool-1-worker-3" daemon [_thread_blocked, id=5312, stack(0x000000df37e00000,0x000000df37f00000)]
  0x000002879b0cba10 JavaThread "ForkJoinPool-1-worker-4" daemon [_thread_blocked, id=9468, stack(0x000000df37f00000,0x000000df38000000)]
  0x000002879d791bf0 JavaThread "Thread-121" [_thread_in_native, id=15932, stack(0x000000df36f00000,0x000000df37000000)]

Other Threads:
  0x000002874fe99940 VMThread "VM Thread" [stack: 0x000000df30f00000,0x000000df31000000] [id=17892] _threads_hazard_ptr=0x00000287a3796cd0
  0x00000287951fb6d0 WatcherThread [stack: 0x000000df31b00000,0x000000df31c00000] [id=5724]
  0x000002872ba17610 GCTaskThread "GC Thread#0" [stack: 0x000000df30a00000,0x000000df30b00000] [id=6336]
  0x0000028795812f10 GCTaskThread "GC Thread#1" [stack: 0x000000df31d00000,0x000000df31e00000] [id=18356]
  0x00000287954393d0 GCTaskThread "GC Thread#2" [stack: 0x000000df31e00000,0x000000df31f00000] [id=5756]
  0x0000028795f5c250 GCTaskThread "GC Thread#3" [stack: 0x000000df31c00000,0x000000df31d00000] [id=4684]
  0x000002872ba29480 ConcurrentGCThread "G1 Main Marker" [stack: 0x000000df30b00000,0x000000df30c00000] [id=14288]
  0x000002872ba29da0 ConcurrentGCThread "G1 Conc#0" [stack: 0x000000df30c00000,0x000000df30d00000] [id=17348]
  0x000002872ba5e540 ConcurrentGCThread "G1 Refine#0" [stack: 0x000000df30d00000,0x000000df30e00000] [id=7112]
  0x0000028796f9f2c0 ConcurrentGCThread "G1 Refine#1" [stack: 0x000000df33400000,0x000000df33500000] [id=18140]
  0x000002879cd1af60 ConcurrentGCThread "G1 Refine#2" [stack: 0x000000df37100000,0x000000df37200000] [id=11060]
  0x000002879cd1a0b0 ConcurrentGCThread "G1 Refine#3" [stack: 0x000000df38000000,0x000000df38100000] [id=2392]
  0x000002874fd540c0 ConcurrentGCThread "G1 Service" [stack: 0x000000df30e00000,0x000000df30f00000] [id=16964]

Threads with active compile tasks:
C2 CompilerThread0   320176 37863       4       com.android.tools.r8.internal.z8::a (1251 bytes)
C2 CompilerThread1   320176 37597 %     4       com.android.tools.r8.ir.regalloc.b::c @ 2070 (4031 bytes)

VM state: synchronizing (normal execution)

VM Mutex/Monitor currently owned by a thread:  ([mutex/lock_event])
[0x000002872b9ab320] Threads_lock - owner thread: 0x000002874fe99940

Heap address: 0x0000000700000000, size: 4096 MB, Compressed Oops mode: Zero based, Oop shift amount: 3

CDS archive(s) mapped at: [0x0000028750000000-0x0000028750bd0000-0x0000028750bd0000), size 12386304, SharedBaseAddress: 0x0000028750000000, ArchiveRelocationMode: 1.
Compressed class space mapped at: 0x0000028751000000-0x0000028791000000, reserved size: 1073741824
Narrow klass base: 0x0000028750000000, Narrow klass shift: 0, Narrow klass range: 0x100000000

GC Precious Log:
 CPUs: 4 total, 4 available
 Memory: 8050M
 Large Page Support: Disabled
 NUMA Support: Disabled
 Compressed Oops: Enabled (Zero based)
 Heap Region Size: 2M
 Heap Min Capacity: 8M
 Heap Initial Capacity: 126M
 Heap Max Capacity: 4G
 Pre-touch: Disabled
 Parallel Workers: 4
 Concurrent Workers: 1
 Concurrent Refinement Workers: 4
 Periodic GC: Disabled

Heap:
 garbage-first heap   total 1417216K, used 830372K [0x0000000700000000, 0x0000000800000000)
  region size 2048K, 94 young (192512K), 4 survivors (8192K)
 Metaspace       used 147013K, committed 149248K, reserved 1179648K
  class space    used 19041K, committed 20032K, reserved 1048576K

Heap Regions: E=young(eden), S=young(survivor), O=old, HS=humongous(starts), HC=humongous(continues), CS=collection set, F=free, OA=open archive, CA=closed archive, TAMS=top-at-mark-start (previous, next)
|   0|0x0000000700000000, 0x0000000700200000, 0x0000000700200000|100%| O|  |TAMS 0x0000000700200000, 0x0000000700000000| Untracked 
|   1|0x0000000700200000, 0x0000000700400000, 0x0000000700400000|100%|HS|  |TAMS 0x0000000700400000, 0x0000000700200000| Complete 
|   2|0x0000000700400000, 0x0000000700600000, 0x0000000700600000|100%|HC|  |TAMS 0x0000000700600000, 0x0000000700400000| Complete 
|   3|0x0000000700600000, 0x0000000700800000, 0x0000000700800000|100%| O|  |TAMS 0x0000000700800000, 0x0000000700600000| Untracked 
|   4|0x0000000700800000, 0x0000000700a00000, 0x0000000700a00000|100%| O|  |TAMS 0x0000000700a00000, 0x0000000700800000| Untracked 
|   5|0x0000000700a00000, 0x0000000700c00000, 0x0000000700c00000|100%| O|  |TAMS 0x0000000700c00000, 0x0000000700a00000| Untracked 
|   6|0x0000000700c00000, 0x0000000700e00000, 0x0000000700e00000|100%| O|  |TAMS 0x0000000700e00000, 0x0000000700c00000| Untracked 
|   7|0x0000000700e00000, 0x0000000701000000, 0x0000000701000000|100%| O|  |TAMS 0x0000000701000000, 0x0000000700e00000| Untracked 
|   8|0x0000000701000000, 0x0000000701200000, 0x0000000701200000|100%| O|  |TAMS 0x0000000701200000, 0x0000000701000000| Untracked 
|   9|0x0000000701200000, 0x0000000701400000, 0x0000000701400000|100%| O|  |TAMS 0x0000000701400000, 0x0000000701200000| Untracked 
|  10|0x0000000701400000, 0x0000000701600000, 0x0000000701600000|100%| O|  |TAMS 0x0000000701600000, 0x0000000701400000| Untracked 
|  11|0x0000000701600000, 0x0000000701800000, 0x0000000701800000|100%| O|  |TAMS 0x0000000701800000, 0x0000000701600000| Untracked 
|  12|0x0000000701800000, 0x0000000701a00000, 0x0000000701a00000|100%| O|  |TAMS 0x0000000701a00000, 0x0000000701800000| Untracked 
|  13|0x0000000701a00000, 0x0000000701c00000, 0x0000000701c00000|100%| O|  |TAMS 0x0000000701c00000, 0x0000000701a00000| Untracked 
|  14|0x0000000701c00000, 0x0000000701e00000, 0x0000000701e00000|100%| O|  |TAMS 0x0000000701e00000, 0x0000000701c00000| Untracked 
|  15|0x0000000701e00000, 0x0000000702000000, 0x0000000702000000|100%| O|  |TAMS 0x0000000702000000, 0x0000000701e00000| Untracked 
|  16|0x0000000702000000, 0x0000000702200000, 0x0000000702200000|100%| O|  |TAMS 0x0000000702200000, 0x0000000702000000| Untracked 
|  17|0x0000000702200000, 0x0000000702400000, 0x0000000702400000|100%| O|  |TAMS 0x0000000702400000, 0x0000000702200000| Untracked 
|  18|0x0000000702400000, 0x0000000702600000, 0x0000000702600000|100%| O|  |TAMS 0x0000000702600000, 0x0000000702400000| Untracked 
|  19|0x0000000702600000, 0x0000000702800000, 0x0000000702800000|100%| O|  |TAMS 0x0000000702800000, 0x0000000702600000| Untracked 
|  20|0x0000000702800000, 0x0000000702a00000, 0x0000000702a00000|100%| O|  |TAMS 0x0000000702a00000, 0x0000000702800000| Untracked 
|  21|0x0000000702a00000, 0x0000000702c00000, 0x0000000702c00000|100%| O|  |TAMS 0x0000000702c00000, 0x0000000702a00000| Untracked 
|  22|0x0000000702c00000, 0x0000000702e00000, 0x0000000702e00000|100%|HS|  |TAMS 0x0000000702e00000, 0x0000000702c00000| Complete 
|  23|0x0000000702e00000, 0x0000000703000000, 0x0000000703000000|100%|HS|  |TAMS 0x0000000702e00000, 0x0000000702e00000| Complete 
|  24|0x0000000703000000, 0x0000000703200000, 0x0000000703200000|100%|HS|  |TAMS 0x0000000703200000, 0x0000000703000000| Complete 
|  25|0x0000000703200000, 0x0000000703400000, 0x0000000703400000|100%|HS|  |TAMS 0x0000000703400000, 0x0000000703200000| Complete 
|  26|0x0000000703400000, 0x0000000703600000, 0x0000000703600000|100%|HC|  |TAMS 0x0000000703600000, 0x0000000703400000| Complete 
|  27|0x0000000703600000, 0x0000000703800000, 0x0000000703800000|100%| O|  |TAMS 0x0000000703800000, 0x0000000703600000| Untracked 
|  28|0x0000000703800000, 0x0000000703a00000, 0x0000000703a00000|100%| O|  |TAMS 0x0000000703a00000, 0x0000000703800000| Untracked 
|  29|0x0000000703a00000, 0x0000000703c00000, 0x0000000703c00000|100%|HS|  |TAMS 0x0000000703c00000, 0x0000000703a00000| Complete 
|  30|0x0000000703c00000, 0x0000000703e00000, 0x0000000703e00000|100%| O|  |TAMS 0x0000000703e00000, 0x0000000703c00000| Untracked 
|  31|0x0000000703e00000, 0x0000000704000000, 0x0000000704000000|100%| O|  |TAMS 0x0000000704000000, 0x0000000703e00000| Untracked 
|  32|0x0000000704000000, 0x0000000704200000, 0x0000000704200000|100%| O|  |TAMS 0x0000000704200000, 0x0000000704000000| Untracked 
|  33|0x0000000704200000, 0x0000000704400000, 0x0000000704400000|100%| O|  |TAMS 0x0000000704400000, 0x0000000704200000| Untracked 
|  34|0x0000000704400000, 0x0000000704600000, 0x0000000704600000|100%| O|  |TAMS 0x0000000704600000, 0x0000000704400000| Untracked 
|  35|0x0000000704600000, 0x0000000704800000, 0x0000000704800000|100%| O|  |TAMS 0x0000000704800000, 0x0000000704600000| Untracked 
|  36|0x0000000704800000, 0x0000000704a00000, 0x0000000704a00000|100%| O|  |TAMS 0x0000000704a00000, 0x0000000704800000| Untracked 
|  37|0x0000000704a00000, 0x0000000704c00000, 0x0000000704c00000|100%| O|  |TAMS 0x0000000704c00000, 0x0000000704a00000| Untracked 
|  38|0x0000000704c00000, 0x0000000704e00000, 0x0000000704e00000|100%| O|  |TAMS 0x0000000704e00000, 0x0000000704c00000| Untracked 
|  39|0x0000000704e00000, 0x0000000705000000, 0x0000000705000000|100%| O|  |TAMS 0x0000000705000000, 0x0000000704e00000| Untracked 
|  40|0x0000000705000000, 0x0000000705200000, 0x0000000705200000|100%| O|  |TAMS 0x0000000705200000, 0x0000000705000000| Untracked 
|  41|0x0000000705200000, 0x0000000705400000, 0x0000000705400000|100%| O|  |TAMS 0x0000000705400000, 0x0000000705200000| Untracked 
|  42|0x0000000705400000, 0x0000000705600000, 0x0000000705600000|100%| O|  |TAMS 0x0000000705600000, 0x0000000705400000| Untracked 
|  43|0x0000000705600000, 0x0000000705800000, 0x0000000705800000|100%|HS|  |TAMS 0x0000000705800000, 0x0000000705600000| Complete 
|  44|0x0000000705800000, 0x0000000705a00000, 0x0000000705a00000|100%|HC|  |TAMS 0x0000000705a00000, 0x0000000705800000| Complete 
|  45|0x0000000705a00000, 0x0000000705c00000, 0x0000000705c00000|100%| O|  |TAMS 0x0000000705c00000, 0x0000000705a00000| Untracked 
|  46|0x0000000705c00000, 0x0000000705e00000, 0x0000000705e00000|100%| O|  |TAMS 0x0000000705e00000, 0x0000000705c00000| Untracked 
|  47|0x0000000705e00000, 0x0000000706000000, 0x0000000706000000|100%| O|  |TAMS 0x0000000706000000, 0x0000000705e00000| Untracked 
|  48|0x0000000706000000, 0x0000000706200000, 0x0000000706200000|100%| O|  |TAMS 0x0000000706200000, 0x0000000706000000| Untracked 
|  49|0x0000000706200000, 0x0000000706400000, 0x0000000706400000|100%| O|  |TAMS 0x0000000706400000, 0x0000000706200000| Untracked 
|  50|0x0000000706400000, 0x0000000706600000, 0x0000000706600000|100%| O|  |TAMS 0x0000000706600000, 0x0000000706400000| Untracked 
|  51|0x0000000706600000, 0x0000000706800000, 0x0000000706800000|100%|HS|  |TAMS 0x0000000706800000, 0x0000000706600000| Complete 
|  52|0x0000000706800000, 0x0000000706a00000, 0x0000000706a00000|100%|HC|  |TAMS 0x0000000706a00000, 0x0000000706800000| Complete 
|  53|0x0000000706a00000, 0x0000000706c00000, 0x0000000706c00000|100%| O|  |TAMS 0x0000000706c00000, 0x0000000706a00000| Untracked 
|  54|0x0000000706c00000, 0x0000000706e00000, 0x0000000706e00000|100%| O|  |TAMS 0x0000000706e00000, 0x0000000706c00000| Untracked 
|  55|0x0000000706e00000, 0x0000000707000000, 0x0000000707000000|100%| O|  |TAMS 0x0000000707000000, 0x0000000706e00000| Untracked 
|  56|0x0000000707000000, 0x0000000707200000, 0x0000000707200000|100%| O|  |TAMS 0x0000000707200000, 0x0000000707000000| Untracked 
|  57|0x0000000707200000, 0x0000000707400000, 0x0000000707400000|100%| O|  |TAMS 0x0000000707400000, 0x0000000707200000| Untracked 
|  58|0x0000000707400000, 0x0000000707600000, 0x0000000707600000|100%| O|  |TAMS 0x0000000707600000, 0x0000000707400000| Untracked 
|  59|0x0000000707600000, 0x0000000707800000, 0x0000000707800000|100%| O|  |TAMS 0x0000000707800000, 0x0000000707600000| Untracked 
|  60|0x0000000707800000, 0x0000000707a00000, 0x0000000707a00000|100%| O|  |TAMS 0x0000000707a00000, 0x0000000707800000| Untracked 
|  61|0x0000000707a00000, 0x0000000707c00000, 0x0000000707c00000|100%| O|  |TAMS 0x0000000707c00000, 0x0000000707a00000| Untracked 
|  62|0x0000000707c00000, 0x0000000707e00000, 0x0000000707e00000|100%| O|  |TAMS 0x0000000707e00000, 0x0000000707c00000| Untracked 
|  63|0x0000000707e00000, 0x0000000708000000, 0x0000000708000000|100%| O|  |TAMS 0x0000000708000000, 0x0000000707e00000| Untracked 
|  64|0x0000000708000000, 0x0000000708200000, 0x0000000708200000|100%| O|  |TAMS 0x0000000708200000, 0x0000000708000000| Untracked 
|  65|0x0000000708200000, 0x0000000708400000, 0x0000000708400000|100%| O|  |TAMS 0x0000000708400000, 0x0000000708200000| Untracked 
|  66|0x0000000708400000, 0x0000000708600000, 0x0000000708600000|100%| O|  |TAMS 0x0000000708600000, 0x0000000708400000| Untracked 
|  67|0x0000000708600000, 0x0000000708800000, 0x0000000708800000|100%| O|  |TAMS 0x0000000708800000, 0x0000000708600000| Untracked 
|  68|0x0000000708800000, 0x0000000708a00000, 0x0000000708a00000|100%| O|  |TAMS 0x0000000708a00000, 0x0000000708800000| Untracked 
|  69|0x0000000708a00000, 0x0000000708c00000, 0x0000000708c00000|100%|HS|  |TAMS 0x0000000708a00000, 0x0000000708a00000| Complete 
|  70|0x0000000708c00000, 0x0000000708e00000, 0x0000000708e00000|100%|HS|  |TAMS 0x0000000708e00000, 0x0000000708c00000| Complete 
|  71|0x0000000708e00000, 0x0000000709000000, 0x0000000709000000|100%|HS|  |TAMS 0x0000000709000000, 0x0000000708e00000| Complete 
|  72|0x0000000709000000, 0x0000000709200000, 0x0000000709200000|100%|HC|  |TAMS 0x0000000709200000, 0x0000000709000000| Complete 
|  73|0x0000000709200000, 0x0000000709400000, 0x0000000709400000|100%| O|  |TAMS 0x0000000709400000, 0x0000000709200000| Untracked 
|  74|0x0000000709400000, 0x0000000709600000, 0x0000000709600000|100%| O|  |TAMS 0x0000000709600000, 0x0000000709400000| Untracked 
|  75|0x0000000709600000, 0x0000000709800000, 0x0000000709800000|100%| O|  |TAMS 0x0000000709800000, 0x0000000709600000| Untracked 
|  76|0x0000000709800000, 0x0000000709a00000, 0x0000000709a00000|100%| O|  |TAMS 0x0000000709a00000, 0x0000000709800000| Untracked 
|  77|0x0000000709a00000, 0x0000000709c00000, 0x0000000709c00000|100%| O|  |TAMS 0x0000000709c00000, 0x0000000709a00000| Untracked 
|  78|0x0000000709c00000, 0x0000000709e00000, 0x0000000709e00000|100%| O|  |TAMS 0x0000000709e00000, 0x0000000709c00000| Untracked 
|  79|0x0000000709e00000, 0x000000070a000000, 0x000000070a000000|100%| O|  |TAMS 0x000000070a000000, 0x0000000709e00000| Untracked 
|  80|0x000000070a000000, 0x000000070a200000, 0x000000070a200000|100%|HS|  |TAMS 0x000000070a000000, 0x000000070a000000| Complete 
|  81|0x000000070a200000, 0x000000070a400000, 0x000000070a400000|100%| O|  |TAMS 0x000000070a400000, 0x000000070a200000| Untracked 
|  82|0x000000070a400000, 0x000000070a600000, 0x000000070a600000|100%| O|  |TAMS 0x000000070a600000, 0x000000070a400000| Untracked 
|  83|0x000000070a600000, 0x000000070a800000, 0x000000070a800000|100%| O|  |TAMS 0x000000070a800000, 0x000000070a600000| Untracked 
|  84|0x000000070a800000, 0x000000070aa00000, 0x000000070aa00000|100%| O|  |TAMS 0x000000070aa00000, 0x000000070a800000| Untracked 
|  85|0x000000070aa00000, 0x000000070ac00000, 0x000000070ac00000|100%| O|  |TAMS 0x000000070ac00000, 0x000000070aa00000| Untracked 
|  86|0x000000070ac00000, 0x000000070ae00000, 0x000000070ae00000|100%| O|  |TAMS 0x000000070ae00000, 0x000000070ac00000| Untracked 
|  87|0x000000070ae00000, 0x000000070b000000, 0x000000070b000000|100%| O|  |TAMS 0x000000070b000000, 0x000000070ae00000| Untracked 
|  88|0x000000070b000000, 0x000000070b200000, 0x000000070b200000|100%| O|  |TAMS 0x000000070b200000, 0x000000070b000000| Untracked 
|  89|0x000000070b200000, 0x000000070b400000, 0x000000070b400000|100%| O|  |TAMS 0x000000070b400000, 0x000000070b200000| Untracked 
|  90|0x000000070b400000, 0x000000070b600000, 0x000000070b600000|100%| O|  |TAMS 0x000000070b600000, 0x000000070b400000| Untracked 
|  91|0x000000070b600000, 0x000000070b800000, 0x000000070b800000|100%| O|  |TAMS 0x000000070b800000, 0x000000070b600000| Untracked 
|  92|0x000000070b800000, 0x000000070ba00000, 0x000000070ba00000|100%| O|  |TAMS 0x000000070ba00000, 0x000000070b800000| Untracked 
|  93|0x000000070ba00000, 0x000000070bc00000, 0x000000070bc00000|100%| O|  |TAMS 0x000000070bc00000, 0x000000070ba00000| Untracked 
|  94|0x000000070bc00000, 0x000000070be00000, 0x000000070be00000|100%| O|  |TAMS 0x000000070be00000, 0x000000070bc00000| Untracked 
|  95|0x000000070be00000, 0x000000070c000000, 0x000000070c000000|100%| O|  |TAMS 0x000000070c000000, 0x000000070be00000| Untracked 
|  96|0x000000070c000000, 0x000000070c200000, 0x000000070c200000|100%| O|  |TAMS 0x000000070c200000, 0x000000070c000000| Untracked 
|  97|0x000000070c200000, 0x000000070c400000, 0x000000070c400000|100%| O|  |TAMS 0x000000070c400000, 0x000000070c200000| Untracked 
|  98|0x000000070c400000, 0x000000070c600000, 0x000000070c600000|100%| O|  |TAMS 0x000000070c600000, 0x000000070c400000| Untracked 
|  99|0x000000070c600000, 0x000000070c800000, 0x000000070c800000|100%| O|  |TAMS 0x000000070c800000, 0x000000070c600000| Untracked 
| 100|0x000000070c800000, 0x000000070ca00000, 0x000000070ca00000|100%| O|  |TAMS 0x000000070ca00000, 0x000000070c800000| Untracked 
| 101|0x000000070ca00000, 0x000000070cc00000, 0x000000070cc00000|100%| O|  |TAMS 0x000000070cc00000, 0x000000070ca00000| Untracked 
| 102|0x000000070cc00000, 0x000000070ce00000, 0x000000070ce00000|100%| O|  |TAMS 0x000000070ce00000, 0x000000070cc00000| Untracked 
| 103|0x000000070ce00000, 0x000000070d000000, 0x000000070d000000|100%| O|  |TAMS 0x000000070d000000, 0x000000070ce00000| Untracked 
| 104|0x000000070d000000, 0x000000070d200000, 0x000000070d200000|100%| O|  |TAMS 0x000000070d200000, 0x000000070d000000| Untracked 
| 105|0x000000070d200000, 0x000000070d400000, 0x000000070d400000|100%| O|  |TAMS 0x000000070d400000, 0x000000070d200000| Untracked 
| 106|0x000000070d400000, 0x000000070d600000, 0x000000070d600000|100%| O|  |TAMS 0x000000070d600000, 0x000000070d400000| Untracked 
| 107|0x000000070d600000, 0x000000070d800000, 0x000000070d800000|100%| O|  |TAMS 0x000000070d800000, 0x000000070d600000| Untracked 
| 108|0x000000070d800000, 0x000000070da00000, 0x000000070da00000|100%|HS|  |TAMS 0x000000070d800000, 0x000000070d800000| Complete 
| 109|0x000000070da00000, 0x000000070dc00000, 0x000000070dc00000|100%| O|  |TAMS 0x000000070dc00000, 0x000000070da00000| Untracked 
| 110|0x000000070dc00000, 0x000000070de00000, 0x000000070de00000|100%| O|  |TAMS 0x000000070de00000, 0x000000070dc00000| Untracked 
| 111|0x000000070de00000, 0x000000070e000000, 0x000000070e000000|100%| O|  |TAMS 0x000000070e000000, 0x000000070de00000| Untracked 
| 112|0x000000070e000000, 0x000000070e200000, 0x000000070e200000|100%| O|  |TAMS 0x000000070e200000, 0x000000070e000000| Untracked 
| 113|0x000000070e200000, 0x000000070e400000, 0x000000070e400000|100%| O|  |TAMS 0x000000070e400000, 0x000000070e200000| Untracked 
| 114|0x000000070e400000, 0x000000070e600000, 0x000000070e600000|100%| O|  |TAMS 0x000000070e600000, 0x000000070e400000| Untracked 
| 115|0x000000070e600000, 0x000000070e800000, 0x000000070e800000|100%| O|  |TAMS 0x000000070e800000, 0x000000070e600000| Untracked 
| 116|0x000000070e800000, 0x000000070ea00000, 0x000000070ea00000|100%| O|  |TAMS 0x000000070ea00000, 0x000000070e800000| Untracked 
| 117|0x000000070ea00000, 0x000000070ec00000, 0x000000070ec00000|100%| O|  |TAMS 0x000000070ec00000, 0x000000070ea00000| Untracked 
| 118|0x000000070ec00000, 0x000000070ee00000, 0x000000070ee00000|100%| O|  |TAMS 0x000000070ee00000, 0x000000070ec00000| Untracked 
| 119|0x000000070ee00000, 0x000000070f000000, 0x000000070f000000|100%| O|  |TAMS 0x000000070f000000, 0x000000070ee00000| Untracked 
| 120|0x000000070f000000, 0x000000070f200000, 0x000000070f200000|100%| O|  |TAMS 0x000000070f200000, 0x000000070f000000| Untracked 
| 121|0x000000070f200000, 0x000000070f400000, 0x000000070f400000|100%| O|  |TAMS 0x000000070f400000, 0x000000070f200000| Untracked 
| 122|0x000000070f400000, 0x000000070f600000, 0x000000070f600000|100%| O|  |TAMS 0x000000070f600000, 0x000000070f400000| Untracked 
| 123|0x000000070f600000, 0x000000070f800000, 0x000000070f800000|100%| O|  |TAMS 0x000000070f800000, 0x000000070f600000| Untracked 
| 124|0x000000070f800000, 0x000000070fa00000, 0x000000070fa00000|100%| O|  |TAMS 0x000000070fa00000, 0x000000070f800000| Untracked 
| 125|0x000000070fa00000, 0x000000070fc00000, 0x000000070fc00000|100%| O|  |TAMS 0x000000070fc00000, 0x000000070fa00000| Untracked 
| 126|0x000000070fc00000, 0x000000070fe00000, 0x000000070fe00000|100%| O|  |TAMS 0x000000070fe00000, 0x000000070fc00000| Untracked 
| 127|0x000000070fe00000, 0x0000000710000000, 0x0000000710000000|100%| O|  |TAMS 0x0000000710000000, 0x000000070fe00000| Untracked 
| 128|0x0000000710000000, 0x0000000710200000, 0x0000000710200000|100%| O|  |TAMS 0x0000000710200000, 0x0000000710000000| Untracked 
| 129|0x0000000710200000, 0x0000000710400000, 0x0000000710400000|100%| O|  |TAMS 0x0000000710400000, 0x0000000710200000| Untracked 
| 130|0x0000000710400000, 0x0000000710600000, 0x0000000710600000|100%| O|  |TAMS 0x0000000710600000, 0x0000000710400000| Untracked 
| 131|0x0000000710600000, 0x0000000710800000, 0x0000000710800000|100%| O|  |TAMS 0x0000000710800000, 0x0000000710600000| Untracked 
| 132|0x0000000710800000, 0x0000000710a00000, 0x0000000710a00000|100%| O|  |TAMS 0x0000000710a00000, 0x0000000710800000| Untracked 
| 133|0x0000000710a00000, 0x0000000710c00000, 0x0000000710c00000|100%|HS|  |TAMS 0x0000000710a00000, 0x0000000710a00000| Complete 
| 134|0x0000000710c00000, 0x0000000710e00000, 0x0000000710e00000|100%| O|  |TAMS 0x0000000710e00000, 0x0000000710c00000| Untracked 
| 135|0x0000000710e00000, 0x0000000711000000, 0x0000000711000000|100%| O|  |TAMS 0x0000000711000000, 0x0000000710e00000| Untracked 
| 136|0x0000000711000000, 0x0000000711200000, 0x0000000711200000|100%| O|  |TAMS 0x0000000711000000, 0x0000000711000000| Untracked 
| 137|0x0000000711200000, 0x0000000711400000, 0x0000000711400000|100%| O|  |TAMS 0x0000000711400000, 0x0000000711200000| Untracked 
| 138|0x0000000711400000, 0x0000000711600000, 0x0000000711600000|100%|HS|  |TAMS 0x0000000711600000, 0x0000000711400000| Complete 
| 139|0x0000000711600000, 0x0000000711800000, 0x0000000711800000|100%| O|  |TAMS 0x0000000711800000, 0x0000000711600000| Untracked 
| 140|0x0000000711800000, 0x0000000711a00000, 0x0000000711a00000|100%| O|  |TAMS 0x0000000711a00000, 0x0000000711800000| Untracked 
| 141|0x0000000711a00000, 0x0000000711c00000, 0x0000000711c00000|100%| O|  |TAMS 0x0000000711c00000, 0x0000000711a00000| Untracked 
| 142|0x0000000711c00000, 0x0000000711e00000, 0x0000000711e00000|100%| O|  |TAMS 0x0000000711e00000, 0x0000000711c00000| Untracked 
| 143|0x0000000711e00000, 0x0000000712000000, 0x0000000712000000|100%| O|  |TAMS 0x0000000712000000, 0x0000000711e00000| Untracked 
| 144|0x0000000712000000, 0x0000000712200000, 0x0000000712200000|100%| O|  |TAMS 0x0000000712200000, 0x0000000712000000| Untracked 
| 145|0x0000000712200000, 0x0000000712400000, 0x0000000712400000|100%|HS|  |TAMS 0x0000000712200000, 0x0000000712200000| Complete 
| 146|0x0000000712400000, 0x0000000712600000, 0x0000000712600000|100%|HC|  |TAMS 0x0000000712400000, 0x0000000712400000| Complete 
| 147|0x0000000712600000, 0x0000000712800000, 0x0000000712800000|100%|HS|  |TAMS 0x0000000712800000, 0x0000000712600000| Complete 
| 148|0x0000000712800000, 0x0000000712a00000, 0x0000000712a00000|100%| O|  |TAMS 0x0000000712a00000, 0x0000000712800000| Untracked 
| 149|0x0000000712a00000, 0x0000000712c00000, 0x0000000712c00000|100%| O|  |TAMS 0x0000000712c00000, 0x0000000712a00000| Untracked 
| 150|0x0000000712c00000, 0x0000000712e00000, 0x0000000712e00000|100%| O|  |TAMS 0x0000000712e00000, 0x0000000712c00000| Untracked 
| 151|0x0000000712e00000, 0x0000000713000000, 0x0000000713000000|100%| O|  |TAMS 0x0000000713000000, 0x0000000712e00000| Untracked 
| 152|0x0000000713000000, 0x0000000713200000, 0x0000000713200000|100%| O|  |TAMS 0x0000000713000000, 0x0000000713000000| Untracked 
| 153|0x0000000713200000, 0x0000000713400000, 0x0000000713400000|100%| O|  |TAMS 0x0000000713400000, 0x0000000713200000| Untracked 
| 154|0x0000000713400000, 0x0000000713600000, 0x0000000713600000|100%| O|  |TAMS 0x0000000713400000, 0x0000000713400000| Untracked 
| 155|0x0000000713600000, 0x0000000713800000, 0x0000000713800000|100%| O|  |TAMS 0x0000000713800000, 0x0000000713600000| Untracked 
| 156|0x0000000713800000, 0x0000000713a00000, 0x0000000713a00000|100%|HS|  |TAMS 0x0000000713800000, 0x0000000713800000| Complete 
| 157|0x0000000713a00000, 0x0000000713c00000, 0x0000000713c00000|100%| O|  |TAMS 0x0000000713c00000, 0x0000000713a00000| Untracked 
| 158|0x0000000713c00000, 0x0000000713e00000, 0x0000000713e00000|100%| O|  |TAMS 0x0000000713c00000, 0x0000000713c00000| Untracked 
| 159|0x0000000713e00000, 0x0000000714000000, 0x0000000714000000|100%| O|  |TAMS 0x0000000714000000, 0x0000000713e00000| Untracked 
| 160|0x0000000714000000, 0x0000000714200000, 0x0000000714200000|100%| O|  |TAMS 0x0000000714000000, 0x0000000714000000| Untracked 
| 161|0x0000000714200000, 0x0000000714400000, 0x0000000714400000|100%| O|  |TAMS 0x0000000714400000, 0x0000000714200000| Untracked 
| 162|0x0000000714400000, 0x0000000714600000, 0x0000000714600000|100%| O|  |TAMS 0x0000000714400000, 0x0000000714400000| Untracked 
| 163|0x0000000714600000, 0x0000000714800000, 0x0000000714800000|100%| O|  |TAMS 0x0000000714600000, 0x0000000714600000| Untracked 
| 164|0x0000000714800000, 0x0000000714a00000, 0x0000000714a00000|100%| O|  |TAMS 0x0000000714a00000, 0x0000000714800000| Untracked 
| 165|0x0000000714a00000, 0x0000000714c00000, 0x0000000714c00000|100%| O|  |TAMS 0x0000000714a00000, 0x0000000714a00000| Untracked 
| 166|0x0000000714c00000, 0x0000000714e00000, 0x0000000714e00000|100%|HS|  |TAMS 0x0000000714c00000, 0x0000000714c00000| Complete 
| 167|0x0000000714e00000, 0x0000000715000000, 0x0000000715000000|100%|HC|  |TAMS 0x0000000714e00000, 0x0000000714e00000| Complete 
| 168|0x0000000715000000, 0x0000000715200000, 0x0000000715200000|100%|HS|  |TAMS 0x0000000715000000, 0x0000000715000000| Complete 
| 169|0x0000000715200000, 0x0000000715400000, 0x0000000715400000|100%| O|  |TAMS 0x0000000715400000, 0x0000000715200000| Untracked 
| 170|0x0000000715400000, 0x0000000715600000, 0x0000000715600000|100%| O|  |TAMS 0x0000000715600000, 0x0000000715400000| Untracked 
| 171|0x0000000715600000, 0x0000000715800000, 0x0000000715800000|100%| O|  |TAMS 0x0000000715800000, 0x0000000715600000| Untracked 
| 172|0x0000000715800000, 0x0000000715a00000, 0x0000000715a00000|100%| O|  |TAMS 0x0000000715a00000, 0x0000000715800000| Untracked 
| 173|0x0000000715a00000, 0x0000000715c00000, 0x0000000715c00000|100%|HS|  |TAMS 0x0000000715a00000, 0x0000000715a00000| Complete 
| 174|0x0000000715c00000, 0x0000000715e00000, 0x0000000715e00000|100%|HC|  |TAMS 0x0000000715c00000, 0x0000000715c00000| Complete 
| 175|0x0000000715e00000, 0x0000000716000000, 0x0000000716000000|100%| O|  |TAMS 0x0000000716000000, 0x0000000715e00000| Untracked 
| 176|0x0000000716000000, 0x0000000716200000, 0x0000000716200000|100%| O|  |TAMS 0x0000000716200000, 0x0000000716000000| Untracked 
| 177|0x0000000716200000, 0x0000000716400000, 0x0000000716400000|100%| O|  |TAMS 0x0000000716400000, 0x0000000716200000| Untracked 
| 178|0x0000000716400000, 0x0000000716600000, 0x0000000716600000|100%| O|  |TAMS 0x0000000716600000, 0x0000000716400000| Untracked 
| 179|0x0000000716600000, 0x0000000716800000, 0x0000000716800000|100%| O|  |TAMS 0x0000000716800000, 0x0000000716600000| Untracked 
| 180|0x0000000716800000, 0x0000000716a00000, 0x0000000716a00000|100%| O|  |TAMS 0x0000000716a00000, 0x0000000716800000| Untracked 
| 181|0x0000000716a00000, 0x0000000716c00000, 0x0000000716c00000|100%| O|  |TAMS 0x0000000716c00000, 0x0000000716a00000| Untracked 
| 182|0x0000000716c00000, 0x0000000716e00000, 0x0000000716e00000|100%| O|  |TAMS 0x0000000716c00000, 0x0000000716c00000| Untracked 
| 183|0x0000000716e00000, 0x0000000717000000, 0x0000000717000000|100%| O|  |TAMS 0x0000000717000000, 0x0000000716e00000| Untracked 
| 184|0x0000000717000000, 0x0000000717200000, 0x0000000717200000|100%|HS|  |TAMS 0x0000000717000000, 0x0000000717000000| Complete 
| 185|0x0000000717200000, 0x0000000717400000, 0x0000000717400000|100%| O|  |TAMS 0x0000000717400000, 0x0000000717200000| Untracked 
| 186|0x0000000717400000, 0x0000000717600000, 0x0000000717600000|100%| O|  |TAMS 0x0000000717600000, 0x0000000717400000| Untracked 
| 187|0x0000000717600000, 0x0000000717800000, 0x0000000717800000|100%| O|  |TAMS 0x0000000717800000, 0x0000000717600000| Untracked 
| 188|0x0000000717800000, 0x0000000717a00000, 0x0000000717a00000|100%|HS|  |TAMS 0x0000000717800000, 0x0000000717800000| Complete 
| 189|0x0000000717a00000, 0x0000000717c00000, 0x0000000717c00000|100%|HC|  |TAMS 0x0000000717a00000, 0x0000000717a00000| Complete 
| 190|0x0000000717c00000, 0x0000000717e00000, 0x0000000717e00000|100%| O|  |TAMS 0x0000000717c00000, 0x0000000717c00000| Untracked 
| 191|0x0000000717e00000, 0x0000000718000000, 0x0000000718000000|100%|HS|  |TAMS 0x0000000717e00000, 0x0000000717e00000| Complete 
| 192|0x0000000718000000, 0x0000000718200000, 0x0000000718200000|100%| O|  |TAMS 0x0000000718000000, 0x0000000718000000| Untracked 
| 193|0x0000000718200000, 0x0000000718400000, 0x0000000718400000|100%|HS|  |TAMS 0x0000000718200000, 0x0000000718200000| Complete 
| 194|0x0000000718400000, 0x0000000718600000, 0x0000000718600000|100%| O|  |TAMS 0x0000000718400000, 0x0000000718400000| Untracked 
| 195|0x0000000718600000, 0x0000000718800000, 0x0000000718800000|100%| O|  |TAMS 0x0000000718600000, 0x0000000718600000| Untracked 
| 196|0x0000000718800000, 0x0000000718a00000, 0x0000000718a00000|100%| O|  |TAMS 0x0000000718800000, 0x0000000718800000| Untracked 
| 197|0x0000000718a00000, 0x0000000718c00000, 0x0000000718c00000|100%|HS|  |TAMS 0x0000000718a00000, 0x0000000718a00000| Complete 
| 198|0x0000000718c00000, 0x0000000718e00000, 0x0000000718e00000|100%|HC|  |TAMS 0x0000000718c00000, 0x0000000718c00000| Complete 
| 199|0x0000000718e00000, 0x0000000719000000, 0x0000000719000000|100%| O|  |TAMS 0x0000000718e00000, 0x0000000718e00000| Untracked 
| 200|0x0000000719000000, 0x0000000719200000, 0x0000000719200000|100%| O|  |TAMS 0x0000000719000000, 0x0000000719000000| Untracked 
| 201|0x0000000719200000, 0x0000000719400000, 0x0000000719400000|100%| O|  |TAMS 0x0000000719200000, 0x0000000719200000| Untracked 
| 202|0x0000000719400000, 0x0000000719600000, 0x0000000719600000|100%|HS|  |TAMS 0x0000000719400000, 0x0000000719400000| Complete 
| 203|0x0000000719600000, 0x0000000719800000, 0x0000000719800000|100%|HC|  |TAMS 0x0000000719600000, 0x0000000719600000| Complete 
| 204|0x0000000719800000, 0x0000000719a00000, 0x0000000719a00000|100%| O|  |TAMS 0x00000007198c4800, 0x0000000719800000| Untracked 
| 205|0x0000000719a00000, 0x0000000719c00000, 0x0000000719c00000|100%| O|  |TAMS 0x0000000719a00000, 0x0000000719a00000| Untracked 
| 206|0x0000000719c00000, 0x0000000719e00000, 0x0000000719e00000|100%| O|  |TAMS 0x0000000719c00000, 0x0000000719c00000| Untracked 
| 207|0x0000000719e00000, 0x000000071a000000, 0x000000071a000000|100%| O|  |TAMS 0x0000000719e00000, 0x0000000719e00000| Untracked 
| 208|0x000000071a000000, 0x000000071a200000, 0x000000071a200000|100%|HS|  |TAMS 0x000000071a000000, 0x000000071a000000| Complete 
| 209|0x000000071a200000, 0x000000071a400000, 0x000000071a400000|100%|HC|  |TAMS 0x000000071a200000, 0x000000071a200000| Complete 
| 210|0x000000071a400000, 0x000000071a600000, 0x000000071a600000|100%|HS|  |TAMS 0x000000071a400000, 0x000000071a400000| Complete 
| 211|0x000000071a600000, 0x000000071a800000, 0x000000071a800000|100%| O|  |TAMS 0x000000071a600000, 0x000000071a600000| Untracked 
| 212|0x000000071a800000, 0x000000071aa00000, 0x000000071aa00000|100%| O|  |TAMS 0x000000071a800000, 0x000000071a800000| Untracked 
| 213|0x000000071aa00000, 0x000000071ac00000, 0x000000071ac00000|100%| O|  |TAMS 0x000000071aa00000, 0x000000071aa00000| Untracked 
| 214|0x000000071ac00000, 0x000000071ae00000, 0x000000071ae00000|100%| O|  |TAMS 0x000000071ac00000, 0x000000071ac00000| Untracked 
| 215|0x000000071ae00000, 0x000000071b000000, 0x000000071b000000|100%| O|  |TAMS 0x000000071ae00000, 0x000000071ae00000| Untracked 
| 216|0x000000071b000000, 0x000000071b200000, 0x000000071b200000|100%| O|  |TAMS 0x000000071b000000, 0x000000071b000000| Untracked 
| 217|0x000000071b200000, 0x000000071b400000, 0x000000071b400000|100%| O|  |TAMS 0x000000071b200000, 0x000000071b200000| Untracked 
| 218|0x000000071b400000, 0x000000071b600000, 0x000000071b600000|100%| O|  |TAMS 0x000000071b400000, 0x000000071b400000| Untracked 
| 219|0x000000071b600000, 0x000000071b800000, 0x000000071b800000|100%| O|  |TAMS 0x000000071b600000, 0x000000071b600000| Untracked 
| 220|0x000000071b800000, 0x000000071ba00000, 0x000000071ba00000|100%| O|  |TAMS 0x000000071b800000, 0x000000071b800000| Untracked 
| 221|0x000000071ba00000, 0x000000071bc00000, 0x000000071bc00000|100%| O|  |TAMS 0x000000071ba00000, 0x000000071ba00000| Untracked 
| 222|0x000000071bc00000, 0x000000071be00000, 0x000000071be00000|100%| O|  |TAMS 0x000000071bc00000, 0x000000071bc00000| Untracked 
| 223|0x000000071be00000, 0x000000071c000000, 0x000000071c000000|100%| O|  |TAMS 0x000000071be00000, 0x000000071be00000| Untracked 
| 224|0x000000071c000000, 0x000000071c200000, 0x000000071c200000|100%| O|  |TAMS 0x000000071c000000, 0x000000071c000000| Untracked 
| 225|0x000000071c200000, 0x000000071c400000, 0x000000071c400000|100%| O|  |TAMS 0x000000071c200000, 0x000000071c200000| Untracked 
| 226|0x000000071c400000, 0x000000071c600000, 0x000000071c600000|100%| O|  |TAMS 0x000000071c400000, 0x000000071c400000| Untracked 
| 227|0x000000071c600000, 0x000000071c800000, 0x000000071c800000|100%| O|  |TAMS 0x000000071c600000, 0x000000071c600000| Untracked 
| 228|0x000000071c800000, 0x000000071ca00000, 0x000000071ca00000|100%| O|  |TAMS 0x000000071c800000, 0x000000071c800000| Untracked 
| 229|0x000000071ca00000, 0x000000071cc00000, 0x000000071cc00000|100%| O|  |TAMS 0x000000071ca00000, 0x000000071ca00000| Untracked 
| 230|0x000000071cc00000, 0x000000071ce00000, 0x000000071ce00000|100%| O|  |TAMS 0x000000071cc00000, 0x000000071cc00000| Untracked 
| 231|0x000000071ce00000, 0x000000071d000000, 0x000000071d000000|100%| O|  |TAMS 0x000000071ce00000, 0x000000071ce00000| Untracked 
| 232|0x000000071d000000, 0x000000071d200000, 0x000000071d200000|100%| O|  |TAMS 0x000000071d000000, 0x000000071d000000| Untracked 
| 233|0x000000071d200000, 0x000000071d400000, 0x000000071d400000|100%| O|  |TAMS 0x000000071d200000, 0x000000071d200000| Untracked 
| 234|0x000000071d400000, 0x000000071d600000, 0x000000071d600000|100%| O|  |TAMS 0x000000071d400000, 0x000000071d400000| Untracked 
| 235|0x000000071d600000, 0x000000071d800000, 0x000000071d800000|100%| O|  |TAMS 0x000000071d600000, 0x000000071d600000| Untracked 
| 236|0x000000071d800000, 0x000000071da00000, 0x000000071da00000|100%| O|  |TAMS 0x000000071d800000, 0x000000071d800000| Untracked 
| 237|0x000000071da00000, 0x000000071dc00000, 0x000000071dc00000|100%| O|  |TAMS 0x000000071da00000, 0x000000071da00000| Untracked 
| 238|0x000000071dc00000, 0x000000071de00000, 0x000000071de00000|100%| O|  |TAMS 0x000000071dc00000, 0x000000071dc00000| Untracked 
| 239|0x000000071de00000, 0x000000071e000000, 0x000000071e000000|100%| O|  |TAMS 0x000000071de00000, 0x000000071de00000| Untracked 
| 240|0x000000071e000000, 0x000000071e200000, 0x000000071e200000|100%| O|  |TAMS 0x000000071e000000, 0x000000071e000000| Untracked 
| 241|0x000000071e200000, 0x000000071e400000, 0x000000071e400000|100%| O|  |TAMS 0x000000071e200000, 0x000000071e200000| Untracked 
| 242|0x000000071e400000, 0x000000071e600000, 0x000000071e600000|100%| O|  |TAMS 0x000000071e400000, 0x000000071e400000| Untracked 
| 243|0x000000071e600000, 0x000000071e800000, 0x000000071e800000|100%| O|  |TAMS 0x000000071e600000, 0x000000071e600000| Untracked 
| 244|0x000000071e800000, 0x000000071ea00000, 0x000000071ea00000|100%| O|  |TAMS 0x000000071e800000, 0x000000071e800000| Untracked 
| 245|0x000000071ea00000, 0x000000071ec00000, 0x000000071ec00000|100%| O|  |TAMS 0x000000071ea00000, 0x000000071ea00000| Untracked 
| 246|0x000000071ec00000, 0x000000071ee00000, 0x000000071ee00000|100%| O|  |TAMS 0x000000071ec00000, 0x000000071ec00000| Untracked 
| 247|0x000000071ee00000, 0x000000071f000000, 0x000000071f000000|100%| O|  |TAMS 0x000000071ee00000, 0x000000071ee00000| Untracked 
| 248|0x000000071f000000, 0x000000071f200000, 0x000000071f200000|100%| O|  |TAMS 0x000000071f000000, 0x000000071f000000| Untracked 
| 249|0x000000071f200000, 0x000000071f400000, 0x000000071f400000|100%| O|  |TAMS 0x000000071f200000, 0x000000071f200000| Untracked 
| 250|0x000000071f400000, 0x000000071f600000, 0x000000071f600000|100%| O|  |TAMS 0x000000071f400000, 0x000000071f400000| Untracked 
| 251|0x000000071f600000, 0x000000071f800000, 0x000000071f800000|100%| O|  |TAMS 0x000000071f600000, 0x000000071f600000| Untracked 
| 252|0x000000071f800000, 0x000000071fa00000, 0x000000071fa00000|100%| O|  |TAMS 0x000000071f800000, 0x000000071f800000| Untracked 
| 253|0x000000071fa00000, 0x000000071fc00000, 0x000000071fc00000|100%| O|  |TAMS 0x000000071fa00000, 0x000000071fa00000| Untracked 
| 254|0x000000071fc00000, 0x000000071fe00000, 0x000000071fe00000|100%| O|  |TAMS 0x000000071fc00000, 0x000000071fc00000| Untracked 
| 255|0x000000071fe00000, 0x0000000720000000, 0x0000000720000000|100%| O|  |TAMS 0x000000071fe00000, 0x000000071fe00000| Untracked 
| 256|0x0000000720000000, 0x0000000720200000, 0x0000000720200000|100%| O|  |TAMS 0x0000000720000000, 0x0000000720000000| Untracked 
| 257|0x0000000720200000, 0x0000000720400000, 0x0000000720400000|100%| O|  |TAMS 0x0000000720200000, 0x0000000720200000| Untracked 
| 258|0x0000000720400000, 0x0000000720600000, 0x0000000720600000|100%| O|  |TAMS 0x0000000720400000, 0x0000000720400000| Untracked 
| 259|0x0000000720600000, 0x0000000720800000, 0x0000000720800000|100%| O|  |TAMS 0x0000000720600000, 0x0000000720600000| Untracked 
| 260|0x0000000720800000, 0x0000000720a00000, 0x0000000720a00000|100%| O|  |TAMS 0x0000000720800000, 0x0000000720800000| Untracked 
| 261|0x0000000720a00000, 0x0000000720c00000, 0x0000000720c00000|100%| O|  |TAMS 0x0000000720a00000, 0x0000000720a00000| Untracked 
| 262|0x0000000720c00000, 0x0000000720e00000, 0x0000000720e00000|100%| O|  |TAMS 0x0000000720c00000, 0x0000000720c00000| Untracked 
| 263|0x0000000720e00000, 0x0000000721000000, 0x0000000721000000|100%| O|  |TAMS 0x0000000720e00000, 0x0000000720e00000| Untracked 
| 264|0x0000000721000000, 0x0000000721200000, 0x0000000721200000|100%| O|  |TAMS 0x0000000721000000, 0x0000000721000000| Untracked 
| 265|0x0000000721200000, 0x0000000721400000, 0x0000000721400000|100%| O|  |TAMS 0x0000000721200000, 0x0000000721200000| Untracked 
| 266|0x0000000721400000, 0x0000000721600000, 0x0000000721600000|100%| O|  |TAMS 0x0000000721400000, 0x0000000721400000| Untracked 
| 267|0x0000000721600000, 0x0000000721800000, 0x0000000721800000|100%| O|  |TAMS 0x0000000721600000, 0x0000000721600000| Untracked 
| 268|0x0000000721800000, 0x0000000721a00000, 0x0000000721a00000|100%| O|  |TAMS 0x0000000721800000, 0x0000000721800000| Untracked 
| 269|0x0000000721a00000, 0x0000000721c00000, 0x0000000721c00000|100%| O|  |TAMS 0x0000000721a00000, 0x0000000721a00000| Untracked 
| 270|0x0000000721c00000, 0x0000000721e00000, 0x0000000721e00000|100%| O|  |TAMS 0x0000000721c00000, 0x0000000721c00000| Untracked 
| 271|0x0000000721e00000, 0x0000000722000000, 0x0000000722000000|100%| O|  |TAMS 0x0000000721e00000, 0x0000000721e00000| Untracked 
| 272|0x0000000722000000, 0x0000000722200000, 0x0000000722200000|100%| O|  |TAMS 0x0000000722000000, 0x0000000722000000| Untracked 
| 273|0x0000000722200000, 0x0000000722400000, 0x0000000722400000|100%| O|  |TAMS 0x0000000722200000, 0x0000000722200000| Untracked 
| 274|0x0000000722400000, 0x0000000722600000, 0x0000000722600000|100%| O|  |TAMS 0x0000000722400000, 0x0000000722400000| Untracked 
| 275|0x0000000722600000, 0x0000000722800000, 0x0000000722800000|100%| O|  |TAMS 0x0000000722600000, 0x0000000722600000| Untracked 
| 276|0x0000000722800000, 0x0000000722a00000, 0x0000000722a00000|100%| O|  |TAMS 0x0000000722800000, 0x0000000722800000| Untracked 
| 277|0x0000000722a00000, 0x0000000722c00000, 0x0000000722c00000|100%| O|  |TAMS 0x0000000722a00000, 0x0000000722a00000| Untracked 
| 278|0x0000000722c00000, 0x0000000722e00000, 0x0000000722e00000|100%| O|  |TAMS 0x0000000722c00000, 0x0000000722c00000| Untracked 
| 279|0x0000000722e00000, 0x0000000723000000, 0x0000000723000000|100%| O|  |TAMS 0x0000000722e00000, 0x0000000722e00000| Untracked 
| 280|0x0000000723000000, 0x0000000723200000, 0x0000000723200000|100%| O|  |TAMS 0x0000000723000000, 0x0000000723000000| Untracked 
| 281|0x0000000723200000, 0x0000000723400000, 0x0000000723400000|100%| O|  |TAMS 0x0000000723200000, 0x0000000723200000| Untracked 
| 282|0x0000000723400000, 0x0000000723600000, 0x0000000723600000|100%| O|  |TAMS 0x0000000723400000, 0x0000000723400000| Untracked 
| 283|0x0000000723600000, 0x0000000723800000, 0x0000000723800000|100%| O|  |TAMS 0x0000000723600000, 0x0000000723600000| Untracked 
| 284|0x0000000723800000, 0x0000000723a00000, 0x0000000723a00000|100%| O|  |TAMS 0x0000000723800000, 0x0000000723800000| Untracked 
| 285|0x0000000723a00000, 0x0000000723c00000, 0x0000000723c00000|100%| O|  |TAMS 0x0000000723a00000, 0x0000000723a00000| Untracked 
| 286|0x0000000723c00000, 0x0000000723e00000, 0x0000000723e00000|100%| O|  |TAMS 0x0000000723c00000, 0x0000000723c00000| Untracked 
| 287|0x0000000723e00000, 0x0000000724000000, 0x0000000724000000|100%| O|  |TAMS 0x0000000723e00000, 0x0000000723e00000| Untracked 
| 288|0x0000000724000000, 0x0000000724200000, 0x0000000724200000|100%| O|  |TAMS 0x0000000724000000, 0x0000000724000000| Untracked 
| 289|0x0000000724200000, 0x0000000724400000, 0x0000000724400000|100%| O|  |TAMS 0x0000000724200000, 0x0000000724200000| Untracked 
| 290|0x0000000724400000, 0x0000000724600000, 0x0000000724600000|100%| O|  |TAMS 0x0000000724400000, 0x0000000724400000| Untracked 
| 291|0x0000000724600000, 0x0000000724800000, 0x0000000724800000|100%| O|  |TAMS 0x0000000724600000, 0x0000000724600000| Untracked 
| 292|0x0000000724800000, 0x0000000724a00000, 0x0000000724a00000|100%| O|  |TAMS 0x0000000724800000, 0x0000000724800000| Untracked 
| 293|0x0000000724a00000, 0x0000000724c00000, 0x0000000724c00000|100%| O|  |TAMS 0x0000000724a00000, 0x0000000724a00000| Untracked 
| 294|0x0000000724c00000, 0x0000000724e00000, 0x0000000724e00000|100%| O|  |TAMS 0x0000000724c00000, 0x0000000724c00000| Untracked 
| 295|0x0000000724e00000, 0x0000000725000000, 0x0000000725000000|100%| O|  |TAMS 0x0000000724e00000, 0x0000000724e00000| Untracked 
| 296|0x0000000725000000, 0x0000000725200000, 0x0000000725200000|100%| O|  |TAMS 0x0000000725000000, 0x0000000725000000| Untracked 
| 297|0x0000000725200000, 0x0000000725400000, 0x0000000725400000|100%| O|  |TAMS 0x0000000725200000, 0x0000000725200000| Untracked 
| 298|0x0000000725400000, 0x0000000725600000, 0x0000000725600000|100%| O|  |TAMS 0x0000000725400000, 0x0000000725400000| Untracked 
| 299|0x0000000725600000, 0x0000000725800000, 0x0000000725800000|100%| O|  |TAMS 0x0000000725600000, 0x0000000725600000| Untracked 
| 300|0x0000000725800000, 0x0000000725a00000, 0x0000000725a00000|100%| O|  |TAMS 0x0000000725800000, 0x0000000725800000| Untracked 
| 301|0x0000000725a00000, 0x0000000725c00000, 0x0000000725c00000|100%| O|  |TAMS 0x0000000725a00000, 0x0000000725a00000| Untracked 
| 302|0x0000000725c00000, 0x0000000725e00000, 0x0000000725e00000|100%| O|  |TAMS 0x0000000725c00000, 0x0000000725c00000| Untracked 
| 303|0x0000000725e00000, 0x0000000726000000, 0x0000000726000000|100%| O|  |TAMS 0x0000000725e00000, 0x0000000725e00000| Untracked 
| 304|0x0000000726000000, 0x0000000726200000, 0x0000000726200000|100%| O|  |TAMS 0x0000000726000000, 0x0000000726000000| Untracked 
| 305|0x0000000726200000, 0x0000000726400000, 0x0000000726400000|100%| O|  |TAMS 0x0000000726200000, 0x0000000726200000| Untracked 
| 306|0x0000000726400000, 0x0000000726600000, 0x0000000726600000|100%| O|  |TAMS 0x0000000726400000, 0x0000000726400000| Untracked 
| 307|0x0000000726600000, 0x0000000726700000, 0x0000000726800000| 50%| O|  |TAMS 0x0000000726600000, 0x0000000726600000| Untracked 
| 308|0x0000000726800000, 0x0000000726a00000, 0x0000000726a00000|100%|HS|  |TAMS 0x0000000726800000, 0x0000000726800000| Complete 
| 309|0x0000000726a00000, 0x0000000726a00000, 0x0000000726c00000|  0%| F|  |TAMS 0x0000000726a00000, 0x0000000726a00000| Untracked 
| 310|0x0000000726c00000, 0x0000000726c00000, 0x0000000726e00000|  0%| F|  |TAMS 0x0000000726c00000, 0x0000000726c00000| Untracked 
| 311|0x0000000726e00000, 0x0000000726e00000, 0x0000000727000000|  0%| F|  |TAMS 0x0000000726e00000, 0x0000000726e00000| Untracked 
| 312|0x0000000727000000, 0x0000000727000000, 0x0000000727200000|  0%| F|  |TAMS 0x0000000727000000, 0x0000000727000000| Untracked 
| 313|0x0000000727200000, 0x0000000727200000, 0x0000000727400000|  0%| F|  |TAMS 0x0000000727200000, 0x0000000727200000| Untracked 
| 314|0x0000000727400000, 0x0000000727400000, 0x0000000727600000|  0%| F|  |TAMS 0x0000000727400000, 0x0000000727400000| Untracked 
| 315|0x0000000727600000, 0x0000000727600000, 0x0000000727800000|  0%| F|  |TAMS 0x0000000727600000, 0x0000000727600000| Untracked 
| 316|0x0000000727800000, 0x0000000727800000, 0x0000000727a00000|  0%| F|  |TAMS 0x0000000727800000, 0x0000000727800000| Untracked 
| 317|0x0000000727a00000, 0x0000000727a00000, 0x0000000727c00000|  0%| F|  |TAMS 0x0000000727a00000, 0x0000000727a00000| Untracked 
| 318|0x0000000727c00000, 0x0000000727c00000, 0x0000000727e00000|  0%| F|  |TAMS 0x0000000727c00000, 0x0000000727c00000| Untracked 
| 319|0x0000000727e00000, 0x0000000727e00000, 0x0000000728000000|  0%| F|  |TAMS 0x0000000727e00000, 0x0000000727e00000| Untracked 
| 320|0x0000000728000000, 0x0000000728000000, 0x0000000728200000|  0%| F|  |TAMS 0x0000000728000000, 0x0000000728000000| Untracked 
| 321|0x0000000728200000, 0x0000000728200000, 0x0000000728400000|  0%| F|  |TAMS 0x0000000728200000, 0x0000000728200000| Untracked 
| 322|0x0000000728400000, 0x0000000728400000, 0x0000000728600000|  0%| F|  |TAMS 0x0000000728400000, 0x0000000728400000| Untracked 
| 323|0x0000000728600000, 0x0000000728600000, 0x0000000728800000|  0%| F|  |TAMS 0x0000000728600000, 0x0000000728600000| Untracked 
| 324|0x0000000728800000, 0x0000000728800000, 0x0000000728a00000|  0%| F|  |TAMS 0x0000000728800000, 0x0000000728800000| Untracked 
| 325|0x0000000728a00000, 0x0000000728a00000, 0x0000000728c00000|  0%| F|  |TAMS 0x0000000728a00000, 0x0000000728a00000| Untracked 
| 326|0x0000000728c00000, 0x0000000728c00000, 0x0000000728e00000|  0%| F|  |TAMS 0x0000000728c00000, 0x0000000728c00000| Untracked 
| 327|0x0000000728e00000, 0x0000000728e00000, 0x0000000729000000|  0%| F|  |TAMS 0x0000000728e00000, 0x0000000728e00000| Untracked 
| 328|0x0000000729000000, 0x0000000729000000, 0x0000000729200000|  0%| F|  |TAMS 0x0000000729000000, 0x0000000729000000| Untracked 
| 329|0x0000000729200000, 0x0000000729200000, 0x0000000729400000|  0%| F|  |TAMS 0x0000000729200000, 0x0000000729200000| Untracked 
| 330|0x0000000729400000, 0x0000000729400000, 0x0000000729600000|  0%| F|  |TAMS 0x0000000729400000, 0x0000000729400000| Untracked 
| 331|0x0000000729600000, 0x0000000729600000, 0x0000000729800000|  0%| F|  |TAMS 0x0000000729600000, 0x0000000729600000| Untracked 
| 332|0x0000000729800000, 0x0000000729800000, 0x0000000729a00000|  0%| F|  |TAMS 0x0000000729800000, 0x0000000729800000| Untracked 
| 333|0x0000000729a00000, 0x0000000729a00000, 0x0000000729c00000|  0%| F|  |TAMS 0x0000000729a00000, 0x0000000729a00000| Untracked 
| 334|0x0000000729c00000, 0x0000000729c00000, 0x0000000729e00000|  0%| F|  |TAMS 0x0000000729c00000, 0x0000000729c00000| Untracked 
| 335|0x0000000729e00000, 0x0000000729e00000, 0x000000072a000000|  0%| F|  |TAMS 0x0000000729e00000, 0x0000000729e00000| Untracked 
| 336|0x000000072a000000, 0x000000072a000000, 0x000000072a200000|  0%| F|  |TAMS 0x000000072a000000, 0x000000072a000000| Untracked 
| 337|0x000000072a200000, 0x000000072a200000, 0x000000072a400000|  0%| F|  |TAMS 0x000000072a200000, 0x000000072a200000| Untracked 
| 338|0x000000072a400000, 0x000000072a400000, 0x000000072a600000|  0%| F|  |TAMS 0x000000072a400000, 0x000000072a400000| Untracked 
| 339|0x000000072a600000, 0x000000072a600000, 0x000000072a800000|  0%| F|  |TAMS 0x000000072a600000, 0x000000072a600000| Untracked 
| 340|0x000000072a800000, 0x000000072a800000, 0x000000072aa00000|  0%| F|  |TAMS 0x000000072a800000, 0x000000072a800000| Untracked 
| 341|0x000000072aa00000, 0x000000072aa00000, 0x000000072ac00000|  0%| F|  |TAMS 0x000000072aa00000, 0x000000072aa00000| Untracked 
| 342|0x000000072ac00000, 0x000000072ac00000, 0x000000072ae00000|  0%| F|  |TAMS 0x000000072ac00000, 0x000000072ac00000| Untracked 
| 343|0x000000072ae00000, 0x000000072ae00000, 0x000000072b000000|  0%| F|  |TAMS 0x000000072ae00000, 0x000000072ae00000| Untracked 
| 344|0x000000072b000000, 0x000000072b000000, 0x000000072b200000|  0%| F|  |TAMS 0x000000072b000000, 0x000000072b000000| Untracked 
| 345|0x000000072b200000, 0x000000072b200000, 0x000000072b400000|  0%| F|  |TAMS 0x000000072b200000, 0x000000072b200000| Untracked 
| 346|0x000000072b400000, 0x000000072b400000, 0x000000072b600000|  0%| F|  |TAMS 0x000000072b400000, 0x000000072b400000| Untracked 
| 347|0x000000072b600000, 0x000000072b600000, 0x000000072b800000|  0%| F|  |TAMS 0x000000072b600000, 0x000000072b600000| Untracked 
| 348|0x000000072b800000, 0x000000072b800000, 0x000000072ba00000|  0%| F|  |TAMS 0x000000072b800000, 0x000000072b800000| Untracked 
| 349|0x000000072ba00000, 0x000000072ba00000, 0x000000072bc00000|  0%| F|  |TAMS 0x000000072ba00000, 0x000000072ba00000| Untracked 
| 350|0x000000072bc00000, 0x000000072bc00000, 0x000000072be00000|  0%| F|  |TAMS 0x000000072bc00000, 0x000000072bc00000| Untracked 
| 351|0x000000072be00000, 0x000000072be00000, 0x000000072c000000|  0%| F|  |TAMS 0x000000072be00000, 0x000000072be00000| Untracked 
| 352|0x000000072c000000, 0x000000072c000000, 0x000000072c200000|  0%| F|  |TAMS 0x000000072c000000, 0x000000072c000000| Untracked 
| 353|0x000000072c200000, 0x000000072c200000, 0x000000072c400000|  0%| F|  |TAMS 0x000000072c200000, 0x000000072c200000| Untracked 
| 354|0x000000072c400000, 0x000000072c400000, 0x000000072c600000|  0%| F|  |TAMS 0x000000072c400000, 0x000000072c400000| Untracked 
| 355|0x000000072c600000, 0x000000072c600000, 0x000000072c800000|  0%| F|  |TAMS 0x000000072c600000, 0x000000072c600000| Untracked 
| 356|0x000000072c800000, 0x000000072c800000, 0x000000072ca00000|  0%| F|  |TAMS 0x000000072c800000, 0x000000072c800000| Untracked 
| 357|0x000000072ca00000, 0x000000072ca00000, 0x000000072cc00000|  0%| F|  |TAMS 0x000000072ca00000, 0x000000072ca00000| Untracked 
| 358|0x000000072cc00000, 0x000000072cc00000, 0x000000072ce00000|  0%| F|  |TAMS 0x000000072cc00000, 0x000000072cc00000| Untracked 
| 359|0x000000072ce00000, 0x000000072ce00000, 0x000000072d000000|  0%| F|  |TAMS 0x000000072ce00000, 0x000000072ce00000| Untracked 
| 360|0x000000072d000000, 0x000000072d000000, 0x000000072d200000|  0%| F|  |TAMS 0x000000072d000000, 0x000000072d000000| Untracked 
| 361|0x000000072d200000, 0x000000072d200000, 0x000000072d400000|  0%| F|  |TAMS 0x000000072d200000, 0x000000072d200000| Untracked 
| 362|0x000000072d400000, 0x000000072d400000, 0x000000072d600000|  0%| F|  |TAMS 0x000000072d400000, 0x000000072d400000| Untracked 
| 363|0x000000072d600000, 0x000000072d600000, 0x000000072d800000|  0%| F|  |TAMS 0x000000072d600000, 0x000000072d600000| Untracked 
| 364|0x000000072d800000, 0x000000072d800000, 0x000000072da00000|  0%| F|  |TAMS 0x000000072d800000, 0x000000072d800000| Untracked 
| 365|0x000000072da00000, 0x000000072da00000, 0x000000072dc00000|  0%| F|  |TAMS 0x000000072da00000, 0x000000072da00000| Untracked 
| 366|0x000000072dc00000, 0x000000072dc00000, 0x000000072de00000|  0%| F|  |TAMS 0x000000072dc00000, 0x000000072dc00000| Untracked 
| 367|0x000000072de00000, 0x000000072de00000, 0x000000072e000000|  0%| F|  |TAMS 0x000000072de00000, 0x000000072de00000| Untracked 
| 368|0x000000072e000000, 0x000000072e000000, 0x000000072e200000|  0%| F|  |TAMS 0x000000072e000000, 0x000000072e000000| Untracked 
| 369|0x000000072e200000, 0x000000072e200000, 0x000000072e400000|  0%| F|  |TAMS 0x000000072e200000, 0x000000072e200000| Untracked 
| 370|0x000000072e400000, 0x000000072e400000, 0x000000072e600000|  0%| F|  |TAMS 0x000000072e400000, 0x000000072e400000| Untracked 
| 371|0x000000072e600000, 0x000000072e600000, 0x000000072e800000|  0%| F|  |TAMS 0x000000072e600000, 0x000000072e600000| Untracked 
| 372|0x000000072e800000, 0x000000072e800000, 0x000000072ea00000|  0%| F|  |TAMS 0x000000072e800000, 0x000000072e800000| Untracked 
| 373|0x000000072ea00000, 0x000000072ea00000, 0x000000072ec00000|  0%| F|  |TAMS 0x000000072ea00000, 0x000000072ea00000| Untracked 
| 374|0x000000072ec00000, 0x000000072ec00000, 0x000000072ee00000|  0%| F|  |TAMS 0x000000072ec00000, 0x000000072ec00000| Untracked 
| 375|0x000000072ee00000, 0x000000072ee00000, 0x000000072f000000|  0%| F|  |TAMS 0x000000072ee00000, 0x000000072ee00000| Untracked 
| 376|0x000000072f000000, 0x000000072f000000, 0x000000072f200000|  0%| F|  |TAMS 0x000000072f000000, 0x000000072f000000| Untracked 
| 377|0x000000072f200000, 0x000000072f3e9260, 0x000000072f400000| 95%| S|CS|TAMS 0x000000072f200000, 0x000000072f200000| Complete 
| 378|0x000000072f400000, 0x000000072f400000, 0x000000072f600000|  0%| F|  |TAMS 0x000000072f400000, 0x000000072f400000| Untracked 
| 379|0x000000072f600000, 0x000000072f600000, 0x000000072f800000|  0%| F|  |TAMS 0x000000072f600000, 0x000000072f600000| Untracked 
| 380|0x000000072f800000, 0x000000072f800000, 0x000000072fa00000|  0%| F|  |TAMS 0x000000072f800000, 0x000000072f800000| Untracked 
| 381|0x000000072fa00000, 0x000000072fa00000, 0x000000072fc00000|  0%| F|  |TAMS 0x000000072fa00000, 0x000000072fa00000| Untracked 
| 382|0x000000072fc00000, 0x000000072fc00000, 0x000000072fe00000|  0%| F|  |TAMS 0x000000072fc00000, 0x000000072fc00000| Untracked 
| 383|0x000000072fe00000, 0x000000072fe00000, 0x0000000730000000|  0%| F|  |TAMS 0x000000072fe00000, 0x000000072fe00000| Untracked 
| 384|0x0000000730000000, 0x0000000730000000, 0x0000000730200000|  0%| F|  |TAMS 0x0000000730000000, 0x0000000730000000| Untracked 
| 385|0x0000000730200000, 0x0000000730200000, 0x0000000730400000|  0%| F|  |TAMS 0x0000000730200000, 0x0000000730200000| Untracked 
| 386|0x0000000730400000, 0x0000000730400000, 0x0000000730600000|  0%| F|  |TAMS 0x0000000730400000, 0x0000000730400000| Untracked 
| 387|0x0000000730600000, 0x0000000730800000, 0x0000000730800000|100%| S|CS|TAMS 0x0000000730600000, 0x0000000730600000| Complete 
| 388|0x0000000730800000, 0x0000000730a00000, 0x0000000730a00000|100%| S|CS|TAMS 0x0000000730800000, 0x0000000730800000| Complete 
| 389|0x0000000730a00000, 0x0000000730c00000, 0x0000000730c00000|100%| S|CS|TAMS 0x0000000730a00000, 0x0000000730a00000| Complete 
| 390|0x0000000730c00000, 0x0000000730c00000, 0x0000000730e00000|  0%| F|  |TAMS 0x0000000730c00000, 0x0000000730c00000| Untracked 
| 391|0x0000000730e00000, 0x0000000730e00000, 0x0000000731000000|  0%| F|  |TAMS 0x0000000730e00000, 0x0000000730e00000| Untracked 
| 392|0x0000000731000000, 0x0000000731000000, 0x0000000731200000|  0%| F|  |TAMS 0x0000000731000000, 0x0000000731000000| Untracked 
| 393|0x0000000731200000, 0x0000000731200000, 0x0000000731400000|  0%| F|  |TAMS 0x0000000731200000, 0x0000000731200000| Untracked 
| 394|0x0000000731400000, 0x0000000731400000, 0x0000000731600000|  0%| F|  |TAMS 0x0000000731400000, 0x0000000731400000| Untracked 
| 395|0x0000000731600000, 0x0000000731600000, 0x0000000731800000|  0%| F|  |TAMS 0x0000000731600000, 0x0000000731600000| Untracked 
| 396|0x0000000731800000, 0x0000000731800000, 0x0000000731a00000|  0%| F|  |TAMS 0x0000000731800000, 0x0000000731800000| Untracked 
| 397|0x0000000731a00000, 0x0000000731a00000, 0x0000000731c00000|  0%| F|  |TAMS 0x0000000731a00000, 0x0000000731a00000| Untracked 
| 398|0x0000000731c00000, 0x0000000731c00000, 0x0000000731e00000|  0%| F|  |TAMS 0x0000000731c00000, 0x0000000731c00000| Untracked 
| 399|0x0000000731e00000, 0x0000000731e00000, 0x0000000732000000|  0%| F|  |TAMS 0x0000000731e00000, 0x0000000731e00000| Untracked 
| 400|0x0000000732000000, 0x0000000732000000, 0x0000000732200000|  0%| F|  |TAMS 0x0000000732000000, 0x0000000732000000| Untracked 
| 401|0x0000000732200000, 0x0000000732200000, 0x0000000732400000|  0%| F|  |TAMS 0x0000000732200000, 0x0000000732200000| Untracked 
| 402|0x0000000732400000, 0x0000000732400000, 0x0000000732600000|  0%| F|  |TAMS 0x0000000732400000, 0x0000000732400000| Untracked 
| 403|0x0000000732600000, 0x0000000732600000, 0x0000000732800000|  0%| F|  |TAMS 0x0000000732600000, 0x0000000732600000| Untracked 
| 404|0x0000000732800000, 0x0000000732800000, 0x0000000732a00000|  0%| F|  |TAMS 0x0000000732800000, 0x0000000732800000| Untracked 
| 405|0x0000000732a00000, 0x0000000732a00000, 0x0000000732c00000|  0%| F|  |TAMS 0x0000000732a00000, 0x0000000732a00000| Untracked 
| 406|0x0000000732c00000, 0x0000000732c00000, 0x0000000732e00000|  0%| F|  |TAMS 0x0000000732c00000, 0x0000000732c00000| Untracked 
| 407|0x0000000732e00000, 0x0000000732e00000, 0x0000000733000000|  0%| F|  |TAMS 0x0000000732e00000, 0x0000000732e00000| Untracked 
| 408|0x0000000733000000, 0x0000000733000000, 0x0000000733200000|  0%| F|  |TAMS 0x0000000733000000, 0x0000000733000000| Untracked 
| 409|0x0000000733200000, 0x0000000733200000, 0x0000000733400000|  0%| F|  |TAMS 0x0000000733200000, 0x0000000733200000| Untracked 
| 410|0x0000000733400000, 0x0000000733400000, 0x0000000733600000|  0%| F|  |TAMS 0x0000000733400000, 0x0000000733400000| Untracked 
| 411|0x0000000733600000, 0x0000000733600000, 0x0000000733800000|  0%| F|  |TAMS 0x0000000733600000, 0x0000000733600000| Untracked 
| 412|0x0000000733800000, 0x0000000733800000, 0x0000000733a00000|  0%| F|  |TAMS 0x0000000733800000, 0x0000000733800000| Untracked 
| 413|0x0000000733a00000, 0x0000000733a00000, 0x0000000733c00000|  0%| F|  |TAMS 0x0000000733a00000, 0x0000000733a00000| Untracked 
| 414|0x0000000733c00000, 0x0000000733c00000, 0x0000000733e00000|  0%| F|  |TAMS 0x0000000733c00000, 0x0000000733c00000| Untracked 
| 415|0x0000000733e00000, 0x0000000733e00000, 0x0000000734000000|  0%| F|  |TAMS 0x0000000733e00000, 0x0000000733e00000| Untracked 
| 416|0x0000000734000000, 0x0000000734000000, 0x0000000734200000|  0%| F|  |TAMS 0x0000000734000000, 0x0000000734000000| Untracked 
| 417|0x0000000734200000, 0x0000000734200000, 0x0000000734400000|  0%| F|  |TAMS 0x0000000734200000, 0x0000000734200000| Untracked 
| 418|0x0000000734400000, 0x0000000734400000, 0x0000000734600000|  0%| F|  |TAMS 0x0000000734400000, 0x0000000734400000| Untracked 
| 419|0x0000000734600000, 0x0000000734600000, 0x0000000734800000|  0%| F|  |TAMS 0x0000000734600000, 0x0000000734600000| Untracked 
| 420|0x0000000734800000, 0x0000000734800000, 0x0000000734a00000|  0%| F|  |TAMS 0x0000000734800000, 0x0000000734800000| Untracked 
| 421|0x0000000734a00000, 0x0000000734a00000, 0x0000000734c00000|  0%| F|  |TAMS 0x0000000734a00000, 0x0000000734a00000| Untracked 
| 422|0x0000000734c00000, 0x0000000734c00000, 0x0000000734e00000|  0%| F|  |TAMS 0x0000000734c00000, 0x0000000734c00000| Untracked 
| 423|0x0000000734e00000, 0x0000000734e00000, 0x0000000735000000|  0%| F|  |TAMS 0x0000000734e00000, 0x0000000734e00000| Untracked 
| 424|0x0000000735000000, 0x0000000735000000, 0x0000000735200000|  0%| F|  |TAMS 0x0000000735000000, 0x0000000735000000| Untracked 
| 425|0x0000000735200000, 0x0000000735200000, 0x0000000735400000|  0%| F|  |TAMS 0x0000000735200000, 0x0000000735200000| Untracked 
| 426|0x0000000735400000, 0x0000000735400000, 0x0000000735600000|  0%| F|  |TAMS 0x0000000735400000, 0x0000000735400000| Untracked 
| 427|0x0000000735600000, 0x0000000735600000, 0x0000000735800000|  0%| F|  |TAMS 0x0000000735600000, 0x0000000735600000| Untracked 
| 428|0x0000000735800000, 0x0000000735800000, 0x0000000735a00000|  0%| F|  |TAMS 0x0000000735800000, 0x0000000735800000| Untracked 
| 429|0x0000000735a00000, 0x0000000735a00000, 0x0000000735c00000|  0%| F|  |TAMS 0x0000000735a00000, 0x0000000735a00000| Untracked 
| 430|0x0000000735c00000, 0x0000000735c00000, 0x0000000735e00000|  0%| F|  |TAMS 0x0000000735c00000, 0x0000000735c00000| Untracked 
| 431|0x0000000735e00000, 0x0000000735e00000, 0x0000000736000000|  0%| F|  |TAMS 0x0000000735e00000, 0x0000000735e00000| Untracked 
| 432|0x0000000736000000, 0x0000000736000000, 0x0000000736200000|  0%| F|  |TAMS 0x0000000736000000, 0x0000000736000000| Untracked 
| 433|0x0000000736200000, 0x0000000736200000, 0x0000000736400000|  0%| F|  |TAMS 0x0000000736200000, 0x0000000736200000| Untracked 
| 434|0x0000000736400000, 0x0000000736400000, 0x0000000736600000|  0%| F|  |TAMS 0x0000000736400000, 0x0000000736400000| Untracked 
| 435|0x0000000736600000, 0x0000000736600000, 0x0000000736800000|  0%| F|  |TAMS 0x0000000736600000, 0x0000000736600000| Untracked 
| 436|0x0000000736800000, 0x0000000736800000, 0x0000000736a00000|  0%| F|  |TAMS 0x0000000736800000, 0x0000000736800000| Untracked 
| 437|0x0000000736a00000, 0x0000000736a00000, 0x0000000736c00000|  0%| F|  |TAMS 0x0000000736a00000, 0x0000000736a00000| Untracked 
| 438|0x0000000736c00000, 0x0000000736c00000, 0x0000000736e00000|  0%| F|  |TAMS 0x0000000736c00000, 0x0000000736c00000| Untracked 
| 439|0x0000000736e00000, 0x0000000736e00000, 0x0000000737000000|  0%| F|  |TAMS 0x0000000736e00000, 0x0000000736e00000| Untracked 
| 440|0x0000000737000000, 0x0000000737000000, 0x0000000737200000|  0%| F|  |TAMS 0x0000000737000000, 0x0000000737000000| Untracked 
| 441|0x0000000737200000, 0x0000000737200000, 0x0000000737400000|  0%| F|  |TAMS 0x0000000737200000, 0x0000000737200000| Untracked 
| 442|0x0000000737400000, 0x0000000737400000, 0x0000000737600000|  0%| F|  |TAMS 0x0000000737400000, 0x0000000737400000| Untracked 
| 443|0x0000000737600000, 0x0000000737600000, 0x0000000737800000|  0%| F|  |TAMS 0x0000000737600000, 0x0000000737600000| Untracked 
| 444|0x0000000737800000, 0x0000000737800000, 0x0000000737a00000|  0%| F|  |TAMS 0x0000000737800000, 0x0000000737800000| Untracked 
| 445|0x0000000737a00000, 0x0000000737a00000, 0x0000000737c00000|  0%| F|  |TAMS 0x0000000737a00000, 0x0000000737a00000| Untracked 
| 446|0x0000000737c00000, 0x0000000737c00000, 0x0000000737e00000|  0%| F|  |TAMS 0x0000000737c00000, 0x0000000737c00000| Untracked 
| 447|0x0000000737e00000, 0x0000000737e00000, 0x0000000738000000|  0%| F|  |TAMS 0x0000000737e00000, 0x0000000737e00000| Untracked 
| 448|0x0000000738000000, 0x0000000738000000, 0x0000000738200000|  0%| F|  |TAMS 0x0000000738000000, 0x0000000738000000| Untracked 
| 449|0x0000000738200000, 0x0000000738200000, 0x0000000738400000|  0%| F|  |TAMS 0x0000000738200000, 0x0000000738200000| Untracked 
| 450|0x0000000738400000, 0x0000000738400000, 0x0000000738600000|  0%| F|  |TAMS 0x0000000738400000, 0x0000000738400000| Untracked 
| 451|0x0000000738600000, 0x0000000738600000, 0x0000000738800000|  0%| F|  |TAMS 0x0000000738600000, 0x0000000738600000| Untracked 
| 452|0x0000000738800000, 0x0000000738800000, 0x0000000738a00000|  0%| F|  |TAMS 0x0000000738800000, 0x0000000738800000| Untracked 
| 453|0x0000000738a00000, 0x0000000738a00000, 0x0000000738c00000|  0%| F|  |TAMS 0x0000000738a00000, 0x0000000738a00000| Untracked 
| 454|0x0000000738c00000, 0x0000000738c00000, 0x0000000738e00000|  0%| F|  |TAMS 0x0000000738c00000, 0x0000000738c00000| Untracked 
| 455|0x0000000738e00000, 0x0000000738e00000, 0x0000000739000000|  0%| F|  |TAMS 0x0000000738e00000, 0x0000000738e00000| Untracked 
| 456|0x0000000739000000, 0x0000000739000000, 0x0000000739200000|  0%| F|  |TAMS 0x0000000739000000, 0x0000000739000000| Untracked 
| 457|0x0000000739200000, 0x0000000739200000, 0x0000000739400000|  0%| F|  |TAMS 0x0000000739200000, 0x0000000739200000| Untracked 
| 458|0x0000000739400000, 0x0000000739400000, 0x0000000739600000|  0%| F|  |TAMS 0x0000000739400000, 0x0000000739400000| Untracked 
| 459|0x0000000739600000, 0x0000000739600000, 0x0000000739800000|  0%| F|  |TAMS 0x0000000739600000, 0x0000000739600000| Untracked 
| 460|0x0000000739800000, 0x0000000739800000, 0x0000000739a00000|  0%| F|  |TAMS 0x0000000739800000, 0x0000000739800000| Untracked 
| 461|0x0000000739a00000, 0x0000000739a00000, 0x0000000739c00000|  0%| F|  |TAMS 0x0000000739a00000, 0x0000000739a00000| Untracked 
| 462|0x0000000739c00000, 0x0000000739c00000, 0x0000000739e00000|  0%| F|  |TAMS 0x0000000739c00000, 0x0000000739c00000| Untracked 
| 463|0x0000000739e00000, 0x0000000739e00000, 0x000000073a000000|  0%| F|  |TAMS 0x0000000739e00000, 0x0000000739e00000| Untracked 
| 464|0x000000073a000000, 0x000000073a000000, 0x000000073a200000|  0%| F|  |TAMS 0x000000073a000000, 0x000000073a000000| Untracked 
| 465|0x000000073a200000, 0x000000073a200000, 0x000000073a400000|  0%| F|  |TAMS 0x000000073a200000, 0x000000073a200000| Untracked 
| 466|0x000000073a400000, 0x000000073a400000, 0x000000073a600000|  0%| F|  |TAMS 0x000000073a400000, 0x000000073a400000| Untracked 
| 467|0x000000073a600000, 0x000000073a600000, 0x000000073a800000|  0%| F|  |TAMS 0x000000073a600000, 0x000000073a600000| Untracked 
| 468|0x000000073a800000, 0x000000073a800000, 0x000000073aa00000|  0%| F|  |TAMS 0x000000073a800000, 0x000000073a800000| Untracked 
| 469|0x000000073aa00000, 0x000000073aa00000, 0x000000073ac00000|  0%| F|  |TAMS 0x000000073aa00000, 0x000000073aa00000| Untracked 
| 470|0x000000073ac00000, 0x000000073ac00000, 0x000000073ae00000|  0%| F|  |TAMS 0x000000073ac00000, 0x000000073ac00000| Untracked 
| 471|0x000000073ae00000, 0x000000073ae00000, 0x000000073b000000|  0%| F|  |TAMS 0x000000073ae00000, 0x000000073ae00000| Untracked 
| 472|0x000000073b000000, 0x000000073b000000, 0x000000073b200000|  0%| F|  |TAMS 0x000000073b000000, 0x000000073b000000| Untracked 
| 473|0x000000073b200000, 0x000000073b200000, 0x000000073b400000|  0%| F|  |TAMS 0x000000073b200000, 0x000000073b200000| Untracked 
| 474|0x000000073b400000, 0x000000073b400000, 0x000000073b600000|  0%| F|  |TAMS 0x000000073b400000, 0x000000073b400000| Untracked 
| 475|0x000000073b600000, 0x000000073b600000, 0x000000073b800000|  0%| F|  |TAMS 0x000000073b600000, 0x000000073b600000| Untracked 
| 476|0x000000073b800000, 0x000000073b800000, 0x000000073ba00000|  0%| F|  |TAMS 0x000000073b800000, 0x000000073b800000| Untracked 
| 477|0x000000073ba00000, 0x000000073ba00000, 0x000000073bc00000|  0%| F|  |TAMS 0x000000073ba00000, 0x000000073ba00000| Untracked 
| 478|0x000000073bc00000, 0x000000073bc00000, 0x000000073be00000|  0%| F|  |TAMS 0x000000073bc00000, 0x000000073bc00000| Untracked 
| 479|0x000000073be00000, 0x000000073be00000, 0x000000073c000000|  0%| F|  |TAMS 0x000000073be00000, 0x000000073be00000| Untracked 
| 480|0x000000073c000000, 0x000000073c000000, 0x000000073c200000|  0%| F|  |TAMS 0x000000073c000000, 0x000000073c000000| Untracked 
| 481|0x000000073c200000, 0x000000073c200000, 0x000000073c400000|  0%| F|  |TAMS 0x000000073c200000, 0x000000073c200000| Untracked 
| 482|0x000000073c400000, 0x000000073c400000, 0x000000073c600000|  0%| F|  |TAMS 0x000000073c400000, 0x000000073c400000| Untracked 
| 483|0x000000073c600000, 0x000000073c600000, 0x000000073c800000|  0%| F|  |TAMS 0x000000073c600000, 0x000000073c600000| Untracked 
| 484|0x000000073c800000, 0x000000073c800000, 0x000000073ca00000|  0%| F|  |TAMS 0x000000073c800000, 0x000000073c800000| Untracked 
| 485|0x000000073ca00000, 0x000000073ca00000, 0x000000073cc00000|  0%| F|  |TAMS 0x000000073ca00000, 0x000000073ca00000| Untracked 
| 486|0x000000073cc00000, 0x000000073cc00000, 0x000000073ce00000|  0%| F|  |TAMS 0x000000073cc00000, 0x000000073cc00000| Untracked 
| 487|0x000000073ce00000, 0x000000073ce00000, 0x000000073d000000|  0%| F|  |TAMS 0x000000073ce00000, 0x000000073ce00000| Untracked 
| 488|0x000000073d000000, 0x000000073d000000, 0x000000073d200000|  0%| F|  |TAMS 0x000000073d000000, 0x000000073d000000| Untracked 
| 489|0x000000073d200000, 0x000000073d200000, 0x000000073d400000|  0%| F|  |TAMS 0x000000073d200000, 0x000000073d200000| Untracked 
| 490|0x000000073d400000, 0x000000073d400000, 0x000000073d600000|  0%| F|  |TAMS 0x000000073d400000, 0x000000073d400000| Untracked 
| 491|0x000000073d600000, 0x000000073d600000, 0x000000073d800000|  0%| F|  |TAMS 0x000000073d600000, 0x000000073d600000| Untracked 
| 492|0x000000073d800000, 0x000000073d800000, 0x000000073da00000|  0%| F|  |TAMS 0x000000073d800000, 0x000000073d800000| Untracked 
| 493|0x000000073da00000, 0x000000073da00000, 0x000000073dc00000|  0%| F|  |TAMS 0x000000073da00000, 0x000000073da00000| Untracked 
| 494|0x000000073dc00000, 0x000000073dc00000, 0x000000073de00000|  0%| F|  |TAMS 0x000000073dc00000, 0x000000073dc00000| Untracked 
| 495|0x000000073de00000, 0x000000073de00000, 0x000000073e000000|  0%| F|  |TAMS 0x000000073de00000, 0x000000073de00000| Untracked 
| 496|0x000000073e000000, 0x000000073e000000, 0x000000073e200000|  0%| F|  |TAMS 0x000000073e000000, 0x000000073e000000| Untracked 
| 497|0x000000073e200000, 0x000000073e200000, 0x000000073e400000|  0%| F|  |TAMS 0x000000073e200000, 0x000000073e200000| Untracked 
| 498|0x000000073e400000, 0x000000073e400000, 0x000000073e600000|  0%| F|  |TAMS 0x000000073e400000, 0x000000073e400000| Untracked 
| 499|0x000000073e600000, 0x000000073e600000, 0x000000073e800000|  0%| F|  |TAMS 0x000000073e600000, 0x000000073e600000| Untracked 
| 500|0x000000073e800000, 0x000000073e800000, 0x000000073ea00000|  0%| F|  |TAMS 0x000000073e800000, 0x000000073e800000| Untracked 
| 501|0x000000073ea00000, 0x000000073ea00000, 0x000000073ec00000|  0%| F|  |TAMS 0x000000073ea00000, 0x000000073ea00000| Untracked 
| 502|0x000000073ec00000, 0x000000073ec00000, 0x000000073ee00000|  0%| F|  |TAMS 0x000000073ec00000, 0x000000073ec00000| Untracked 
| 503|0x000000073ee00000, 0x000000073ee00000, 0x000000073f000000|  0%| F|  |TAMS 0x000000073ee00000, 0x000000073ee00000| Untracked 
| 504|0x000000073f000000, 0x000000073f000000, 0x000000073f200000|  0%| F|  |TAMS 0x000000073f000000, 0x000000073f000000| Untracked 
| 505|0x000000073f200000, 0x000000073f200000, 0x000000073f400000|  0%| F|  |TAMS 0x000000073f200000, 0x000000073f200000| Untracked 
| 506|0x000000073f400000, 0x000000073f400000, 0x000000073f600000|  0%| F|  |TAMS 0x000000073f400000, 0x000000073f400000| Untracked 
| 507|0x000000073f600000, 0x000000073f600000, 0x000000073f800000|  0%| F|  |TAMS 0x000000073f600000, 0x000000073f600000| Untracked 
| 508|0x000000073f800000, 0x000000073f800000, 0x000000073fa00000|  0%| F|  |TAMS 0x000000073f800000, 0x000000073f800000| Untracked 
| 509|0x000000073fa00000, 0x000000073fa00000, 0x000000073fc00000|  0%| F|  |TAMS 0x000000073fa00000, 0x000000073fa00000| Untracked 
| 510|0x000000073fc00000, 0x000000073fc00000, 0x000000073fe00000|  0%| F|  |TAMS 0x000000073fc00000, 0x000000073fc00000| Untracked 
| 511|0x000000073fe00000, 0x000000073fe00000, 0x0000000740000000|  0%| F|  |TAMS 0x000000073fe00000, 0x000000073fe00000| Untracked 
| 512|0x0000000740000000, 0x0000000740000000, 0x0000000740200000|  0%| F|  |TAMS 0x0000000740000000, 0x0000000740000000| Untracked 
| 513|0x0000000740200000, 0x0000000740200000, 0x0000000740400000|  0%| F|  |TAMS 0x0000000740200000, 0x0000000740200000| Untracked 
| 514|0x0000000740400000, 0x0000000740400000, 0x0000000740600000|  0%| F|  |TAMS 0x0000000740400000, 0x0000000740400000| Untracked 
| 515|0x0000000740600000, 0x0000000740600000, 0x0000000740800000|  0%| F|  |TAMS 0x0000000740600000, 0x0000000740600000| Untracked 
| 516|0x0000000740800000, 0x0000000740800000, 0x0000000740a00000|  0%| F|  |TAMS 0x0000000740800000, 0x0000000740800000| Untracked 
| 517|0x0000000740a00000, 0x0000000740a00000, 0x0000000740c00000|  0%| F|  |TAMS 0x0000000740a00000, 0x0000000740a00000| Untracked 
| 518|0x0000000740c00000, 0x0000000740c00000, 0x0000000740e00000|  0%| F|  |TAMS 0x0000000740c00000, 0x0000000740c00000| Untracked 
| 519|0x0000000740e00000, 0x0000000740e00000, 0x0000000741000000|  0%| F|  |TAMS 0x0000000740e00000, 0x0000000740e00000| Untracked 
| 520|0x0000000741000000, 0x0000000741000000, 0x0000000741200000|  0%| F|  |TAMS 0x0000000741000000, 0x0000000741000000| Untracked 
| 521|0x0000000741200000, 0x0000000741200000, 0x0000000741400000|  0%| F|  |TAMS 0x0000000741200000, 0x0000000741200000| Untracked 
| 522|0x0000000741400000, 0x0000000741400000, 0x0000000741600000|  0%| F|  |TAMS 0x0000000741400000, 0x0000000741400000| Untracked 
| 523|0x0000000741600000, 0x0000000741600000, 0x0000000741800000|  0%| F|  |TAMS 0x0000000741600000, 0x0000000741600000| Untracked 
| 524|0x0000000741800000, 0x0000000741800000, 0x0000000741a00000|  0%| F|  |TAMS 0x0000000741800000, 0x0000000741800000| Untracked 
| 525|0x0000000741a00000, 0x0000000741a00000, 0x0000000741c00000|  0%| F|  |TAMS 0x0000000741a00000, 0x0000000741a00000| Untracked 
| 526|0x0000000741c00000, 0x0000000741c00000, 0x0000000741e00000|  0%| F|  |TAMS 0x0000000741c00000, 0x0000000741c00000| Untracked 
| 527|0x0000000741e00000, 0x0000000741e00000, 0x0000000742000000|  0%| F|  |TAMS 0x0000000741e00000, 0x0000000741e00000| Untracked 
| 528|0x0000000742000000, 0x0000000742000000, 0x0000000742200000|  0%| F|  |TAMS 0x0000000742000000, 0x0000000742000000| Untracked 
| 529|0x0000000742200000, 0x0000000742200000, 0x0000000742400000|  0%| F|  |TAMS 0x0000000742200000, 0x0000000742200000| Untracked 
| 530|0x0000000742400000, 0x0000000742400000, 0x0000000742600000|  0%| F|  |TAMS 0x0000000742400000, 0x0000000742400000| Untracked 
| 531|0x0000000742600000, 0x0000000742600000, 0x0000000742800000|  0%| F|  |TAMS 0x0000000742600000, 0x0000000742600000| Untracked 
| 532|0x0000000742800000, 0x0000000742800000, 0x0000000742a00000|  0%| F|  |TAMS 0x0000000742800000, 0x0000000742800000| Untracked 
| 533|0x0000000742a00000, 0x0000000742a00000, 0x0000000742c00000|  0%| F|  |TAMS 0x0000000742a00000, 0x0000000742a00000| Untracked 
| 534|0x0000000742c00000, 0x0000000742c00000, 0x0000000742e00000|  0%| F|  |TAMS 0x0000000742c00000, 0x0000000742c00000| Untracked 
| 535|0x0000000742e00000, 0x0000000742e00000, 0x0000000743000000|  0%| F|  |TAMS 0x0000000742e00000, 0x0000000742e00000| Untracked 
| 536|0x0000000743000000, 0x0000000743000000, 0x0000000743200000|  0%| F|  |TAMS 0x0000000743000000, 0x0000000743000000| Untracked 
| 537|0x0000000743200000, 0x0000000743200000, 0x0000000743400000|  0%| F|  |TAMS 0x0000000743200000, 0x0000000743200000| Untracked 
| 538|0x0000000743400000, 0x0000000743400000, 0x0000000743600000|  0%| F|  |TAMS 0x0000000743400000, 0x0000000743400000| Untracked 
| 539|0x0000000743600000, 0x0000000743600000, 0x0000000743800000|  0%| F|  |TAMS 0x0000000743600000, 0x0000000743600000| Untracked 
| 540|0x0000000743800000, 0x0000000743800000, 0x0000000743a00000|  0%| F|  |TAMS 0x0000000743800000, 0x0000000743800000| Untracked 
| 541|0x0000000743a00000, 0x0000000743a00000, 0x0000000743c00000|  0%| F|  |TAMS 0x0000000743a00000, 0x0000000743a00000| Untracked 
| 542|0x0000000743c00000, 0x0000000743c00000, 0x0000000743e00000|  0%| F|  |TAMS 0x0000000743c00000, 0x0000000743c00000| Untracked 
| 543|0x0000000743e00000, 0x0000000743e00000, 0x0000000744000000|  0%| F|  |TAMS 0x0000000743e00000, 0x0000000743e00000| Untracked 
| 544|0x0000000744000000, 0x0000000744000000, 0x0000000744200000|  0%| F|  |TAMS 0x0000000744000000, 0x0000000744000000| Untracked 
| 545|0x0000000744200000, 0x0000000744200000, 0x0000000744400000|  0%| F|  |TAMS 0x0000000744200000, 0x0000000744200000| Untracked 
| 546|0x0000000744400000, 0x0000000744400000, 0x0000000744600000|  0%| F|  |TAMS 0x0000000744400000, 0x0000000744400000| Untracked 
| 547|0x0000000744600000, 0x0000000744600000, 0x0000000744800000|  0%| F|  |TAMS 0x0000000744600000, 0x0000000744600000| Untracked 
| 548|0x0000000744800000, 0x0000000744800000, 0x0000000744a00000|  0%| F|  |TAMS 0x0000000744800000, 0x0000000744800000| Untracked 
| 549|0x0000000744a00000, 0x0000000744a00000, 0x0000000744c00000|  0%| F|  |TAMS 0x0000000744a00000, 0x0000000744a00000| Untracked 
| 550|0x0000000744c00000, 0x0000000744c00000, 0x0000000744e00000|  0%| F|  |TAMS 0x0000000744c00000, 0x0000000744c00000| Untracked 
| 551|0x0000000744e00000, 0x0000000744e00000, 0x0000000745000000|  0%| F|  |TAMS 0x0000000744e00000, 0x0000000744e00000| Untracked 
| 552|0x0000000745000000, 0x0000000745000000, 0x0000000745200000|  0%| F|  |TAMS 0x0000000745000000, 0x0000000745000000| Untracked 
| 553|0x0000000745200000, 0x0000000745200000, 0x0000000745400000|  0%| F|  |TAMS 0x0000000745200000, 0x0000000745200000| Untracked 
| 554|0x0000000745400000, 0x0000000745400000, 0x0000000745600000|  0%| F|  |TAMS 0x0000000745400000, 0x0000000745400000| Untracked 
| 555|0x0000000745600000, 0x0000000745600000, 0x0000000745800000|  0%| F|  |TAMS 0x0000000745600000, 0x0000000745600000| Untracked 
| 556|0x0000000745800000, 0x0000000745800000, 0x0000000745a00000|  0%| F|  |TAMS 0x0000000745800000, 0x0000000745800000| Untracked 
| 557|0x0000000745a00000, 0x0000000745a00000, 0x0000000745c00000|  0%| F|  |TAMS 0x0000000745a00000, 0x0000000745a00000| Untracked 
| 558|0x0000000745c00000, 0x0000000745c00000, 0x0000000745e00000|  0%| F|  |TAMS 0x0000000745c00000, 0x0000000745c00000| Untracked 
| 559|0x0000000745e00000, 0x0000000745e00000, 0x0000000746000000|  0%| F|  |TAMS 0x0000000745e00000, 0x0000000745e00000| Untracked 
| 560|0x0000000746000000, 0x0000000746000000, 0x0000000746200000|  0%| F|  |TAMS 0x0000000746000000, 0x0000000746000000| Untracked 
| 561|0x0000000746200000, 0x0000000746200000, 0x0000000746400000|  0%| F|  |TAMS 0x0000000746200000, 0x0000000746200000| Untracked 
| 562|0x0000000746400000, 0x0000000746400000, 0x0000000746600000|  0%| F|  |TAMS 0x0000000746400000, 0x0000000746400000| Untracked 
| 563|0x0000000746600000, 0x0000000746600000, 0x0000000746800000|  0%| F|  |TAMS 0x0000000746600000, 0x0000000746600000| Untracked 
| 564|0x0000000746800000, 0x0000000746800000, 0x0000000746a00000|  0%| F|  |TAMS 0x0000000746800000, 0x0000000746800000| Untracked 
| 565|0x0000000746a00000, 0x0000000746a00000, 0x0000000746c00000|  0%| F|  |TAMS 0x0000000746a00000, 0x0000000746a00000| Untracked 
| 566|0x0000000746c00000, 0x0000000746c00000, 0x0000000746e00000|  0%| F|  |TAMS 0x0000000746c00000, 0x0000000746c00000| Untracked 
| 567|0x0000000746e00000, 0x0000000746e00000, 0x0000000747000000|  0%| F|  |TAMS 0x0000000746e00000, 0x0000000746e00000| Untracked 
| 568|0x0000000747000000, 0x0000000747000000, 0x0000000747200000|  0%| F|  |TAMS 0x0000000747000000, 0x0000000747000000| Untracked 
| 569|0x0000000747200000, 0x0000000747200000, 0x0000000747400000|  0%| F|  |TAMS 0x0000000747200000, 0x0000000747200000| Untracked 
| 570|0x0000000747400000, 0x0000000747400000, 0x0000000747600000|  0%| F|  |TAMS 0x0000000747400000, 0x0000000747400000| Untracked 
| 571|0x0000000747600000, 0x0000000747600000, 0x0000000747800000|  0%| F|  |TAMS 0x0000000747600000, 0x0000000747600000| Untracked 
| 572|0x0000000747800000, 0x0000000747800000, 0x0000000747a00000|  0%| F|  |TAMS 0x0000000747800000, 0x0000000747800000| Untracked 
| 573|0x0000000747a00000, 0x0000000747a00000, 0x0000000747c00000|  0%| F|  |TAMS 0x0000000747a00000, 0x0000000747a00000| Untracked 
| 574|0x0000000747c00000, 0x0000000747c00000, 0x0000000747e00000|  0%| F|  |TAMS 0x0000000747c00000, 0x0000000747c00000| Untracked 
| 575|0x0000000747e00000, 0x0000000747e00000, 0x0000000748000000|  0%| F|  |TAMS 0x0000000747e00000, 0x0000000747e00000| Untracked 
| 576|0x0000000748000000, 0x0000000748000000, 0x0000000748200000|  0%| F|  |TAMS 0x0000000748000000, 0x0000000748000000| Untracked 
| 577|0x0000000748200000, 0x0000000748200000, 0x0000000748400000|  0%| F|  |TAMS 0x0000000748200000, 0x0000000748200000| Untracked 
| 578|0x0000000748400000, 0x0000000748400000, 0x0000000748600000|  0%| F|  |TAMS 0x0000000748400000, 0x0000000748400000| Untracked 
| 579|0x0000000748600000, 0x0000000748600000, 0x0000000748800000|  0%| F|  |TAMS 0x0000000748600000, 0x0000000748600000| Untracked 
| 580|0x0000000748800000, 0x0000000748800000, 0x0000000748a00000|  0%| F|  |TAMS 0x0000000748800000, 0x0000000748800000| Untracked 
| 581|0x0000000748a00000, 0x0000000748a00000, 0x0000000748c00000|  0%| F|  |TAMS 0x0000000748a00000, 0x0000000748a00000| Untracked 
| 582|0x0000000748c00000, 0x0000000748c00000, 0x0000000748e00000|  0%| F|  |TAMS 0x0000000748c00000, 0x0000000748c00000| Untracked 
| 583|0x0000000748e00000, 0x0000000748e00000, 0x0000000749000000|  0%| F|  |TAMS 0x0000000748e00000, 0x0000000748e00000| Untracked 
| 584|0x0000000749000000, 0x0000000749000000, 0x0000000749200000|  0%| F|  |TAMS 0x0000000749000000, 0x0000000749000000| Untracked 
| 585|0x0000000749200000, 0x0000000749200000, 0x0000000749400000|  0%| F|  |TAMS 0x0000000749200000, 0x0000000749200000| Untracked 
| 586|0x0000000749400000, 0x0000000749400000, 0x0000000749600000|  0%| F|  |TAMS 0x0000000749400000, 0x0000000749400000| Untracked 
| 587|0x0000000749600000, 0x0000000749600000, 0x0000000749800000|  0%| F|  |TAMS 0x0000000749600000, 0x0000000749600000| Untracked 
| 588|0x0000000749800000, 0x0000000749800000, 0x0000000749a00000|  0%| F|  |TAMS 0x0000000749800000, 0x0000000749800000| Untracked 
| 589|0x0000000749a00000, 0x0000000749a00000, 0x0000000749c00000|  0%| F|  |TAMS 0x0000000749a00000, 0x0000000749a00000| Untracked 
| 590|0x0000000749c00000, 0x0000000749c00000, 0x0000000749e00000|  0%| F|  |TAMS 0x0000000749c00000, 0x0000000749c00000| Untracked 
| 591|0x0000000749e00000, 0x0000000749e00000, 0x000000074a000000|  0%| F|  |TAMS 0x0000000749e00000, 0x0000000749e00000| Untracked 
| 592|0x000000074a000000, 0x000000074a000000, 0x000000074a200000|  0%| F|  |TAMS 0x000000074a000000, 0x000000074a000000| Untracked 
| 593|0x000000074a200000, 0x000000074a200000, 0x000000074a400000|  0%| F|  |TAMS 0x000000074a200000, 0x000000074a200000| Untracked 
| 594|0x000000074a400000, 0x000000074a400000, 0x000000074a600000|  0%| F|  |TAMS 0x000000074a400000, 0x000000074a400000| Untracked 
| 595|0x000000074a600000, 0x000000074a600000, 0x000000074a800000|  0%| F|  |TAMS 0x000000074a600000, 0x000000074a600000| Untracked 
| 596|0x000000074a800000, 0x000000074a800000, 0x000000074aa00000|  0%| F|  |TAMS 0x000000074a800000, 0x000000074a800000| Untracked 
| 597|0x000000074aa00000, 0x000000074aa00000, 0x000000074ac00000|  0%| F|  |TAMS 0x000000074aa00000, 0x000000074aa00000| Untracked 
| 598|0x000000074ac00000, 0x000000074ad00800, 0x000000074ae00000| 50%| E|  |TAMS 0x000000074ac00000, 0x000000074ac00000| Complete 
| 599|0x000000074ae00000, 0x000000074b000000, 0x000000074b000000|100%| E|CS|TAMS 0x000000074ae00000, 0x000000074ae00000| Complete 
| 600|0x000000074b000000, 0x000000074b200000, 0x000000074b200000|100%| E|CS|TAMS 0x000000074b000000, 0x000000074b000000| Complete 
| 601|0x000000074b200000, 0x000000074b400000, 0x000000074b400000|100%| E|CS|TAMS 0x000000074b200000, 0x000000074b200000| Complete 
| 602|0x000000074b400000, 0x000000074b600000, 0x000000074b600000|100%| E|CS|TAMS 0x000000074b400000, 0x000000074b400000| Complete 
| 603|0x000000074b600000, 0x000000074b800000, 0x000000074b800000|100%| E|CS|TAMS 0x000000074b600000, 0x000000074b600000| Complete 
| 604|0x000000074b800000, 0x000000074ba00000, 0x000000074ba00000|100%| E|CS|TAMS 0x000000074b800000, 0x000000074b800000| Complete 
| 605|0x000000074ba00000, 0x000000074bc00000, 0x000000074bc00000|100%| E|CS|TAMS 0x000000074ba00000, 0x000000074ba00000| Complete 
| 606|0x000000074bc00000, 0x000000074be00000, 0x000000074be00000|100%| E|CS|TAMS 0x000000074bc00000, 0x000000074bc00000| Complete 
| 607|0x000000074be00000, 0x000000074c000000, 0x000000074c000000|100%| E|CS|TAMS 0x000000074be00000, 0x000000074be00000| Complete 
| 608|0x000000074c000000, 0x000000074c200000, 0x000000074c200000|100%| E|CS|TAMS 0x000000074c000000, 0x000000074c000000| Complete 
| 609|0x000000074c200000, 0x000000074c400000, 0x000000074c400000|100%| E|CS|TAMS 0x000000074c200000, 0x000000074c200000| Complete 
| 610|0x000000074c400000, 0x000000074c600000, 0x000000074c600000|100%| E|CS|TAMS 0x000000074c400000, 0x000000074c400000| Complete 
| 611|0x000000074c600000, 0x000000074c800000, 0x000000074c800000|100%| E|CS|TAMS 0x000000074c600000, 0x000000074c600000| Complete 
| 612|0x000000074c800000, 0x000000074ca00000, 0x000000074ca00000|100%| E|CS|TAMS 0x000000074c800000, 0x000000074c800000| Complete 
| 613|0x000000074ca00000, 0x000000074cc00000, 0x000000074cc00000|100%| E|CS|TAMS 0x000000074ca00000, 0x000000074ca00000| Complete 
| 614|0x000000074cc00000, 0x000000074ce00000, 0x000000074ce00000|100%| E|CS|TAMS 0x000000074cc00000, 0x000000074cc00000| Complete 
| 615|0x000000074ce00000, 0x000000074d000000, 0x000000074d000000|100%| E|CS|TAMS 0x000000074ce00000, 0x000000074ce00000| Complete 
| 616|0x000000074d000000, 0x000000074d200000, 0x000000074d200000|100%| E|CS|TAMS 0x000000074d000000, 0x000000074d000000| Complete 
| 617|0x000000074d200000, 0x000000074d400000, 0x000000074d400000|100%| E|CS|TAMS 0x000000074d200000, 0x000000074d200000| Complete 
| 618|0x000000074d400000, 0x000000074d600000, 0x000000074d600000|100%| E|CS|TAMS 0x000000074d400000, 0x000000074d400000| Complete 
| 619|0x000000074d600000, 0x000000074d800000, 0x000000074d800000|100%| E|CS|TAMS 0x000000074d600000, 0x000000074d600000| Complete 
| 620|0x000000074d800000, 0x000000074da00000, 0x000000074da00000|100%| E|CS|TAMS 0x000000074d800000, 0x000000074d800000| Complete 
| 621|0x000000074da00000, 0x000000074dc00000, 0x000000074dc00000|100%| E|CS|TAMS 0x000000074da00000, 0x000000074da00000| Complete 
| 622|0x000000074dc00000, 0x000000074de00000, 0x000000074de00000|100%| E|CS|TAMS 0x000000074dc00000, 0x000000074dc00000| Complete 
| 623|0x000000074de00000, 0x000000074e000000, 0x000000074e000000|100%| E|CS|TAMS 0x000000074de00000, 0x000000074de00000| Complete 
| 624|0x000000074e000000, 0x000000074e200000, 0x000000074e200000|100%| E|CS|TAMS 0x000000074e000000, 0x000000074e000000| Complete 
| 625|0x000000074e200000, 0x000000074e400000, 0x000000074e400000|100%| E|CS|TAMS 0x000000074e200000, 0x000000074e200000| Complete 
| 626|0x000000074e400000, 0x000000074e600000, 0x000000074e600000|100%| E|CS|TAMS 0x000000074e400000, 0x000000074e400000| Complete 
| 627|0x000000074e600000, 0x000000074e800000, 0x000000074e800000|100%| E|CS|TAMS 0x000000074e600000, 0x000000074e600000| Complete 
| 628|0x000000074e800000, 0x000000074ea00000, 0x000000074ea00000|100%| E|CS|TAMS 0x000000074e800000, 0x000000074e800000| Complete 
| 629|0x000000074ea00000, 0x000000074ec00000, 0x000000074ec00000|100%| E|CS|TAMS 0x000000074ea00000, 0x000000074ea00000| Complete 
| 630|0x000000074ec00000, 0x000000074ee00000, 0x000000074ee00000|100%| E|CS|TAMS 0x000000074ec00000, 0x000000074ec00000| Complete 
| 631|0x000000074ee00000, 0x000000074f000000, 0x000000074f000000|100%| E|CS|TAMS 0x000000074ee00000, 0x000000074ee00000| Complete 
| 632|0x000000074f000000, 0x000000074f200000, 0x000000074f200000|100%| E|CS|TAMS 0x000000074f000000, 0x000000074f000000| Complete 
| 633|0x000000074f200000, 0x000000074f400000, 0x000000074f400000|100%| E|CS|TAMS 0x000000074f200000, 0x000000074f200000| Complete 
| 634|0x000000074f400000, 0x000000074f600000, 0x000000074f600000|100%| E|CS|TAMS 0x000000074f400000, 0x000000074f400000| Complete 
| 635|0x000000074f600000, 0x000000074f800000, 0x000000074f800000|100%| E|CS|TAMS 0x000000074f600000, 0x000000074f600000| Complete 
| 636|0x000000074f800000, 0x000000074fa00000, 0x000000074fa00000|100%| E|CS|TAMS 0x000000074f800000, 0x000000074f800000| Complete 
| 637|0x000000074fa00000, 0x000000074fc00000, 0x000000074fc00000|100%| E|CS|TAMS 0x000000074fa00000, 0x000000074fa00000| Complete 
| 638|0x000000074fc00000, 0x000000074fe00000, 0x000000074fe00000|100%| E|CS|TAMS 0x000000074fc00000, 0x000000074fc00000| Complete 
| 639|0x000000074fe00000, 0x0000000750000000, 0x0000000750000000|100%| E|CS|TAMS 0x000000074fe00000, 0x000000074fe00000| Complete 
| 640|0x0000000750000000, 0x0000000750200000, 0x0000000750200000|100%| E|CS|TAMS 0x0000000750000000, 0x0000000750000000| Complete 
| 641|0x0000000750200000, 0x0000000750400000, 0x0000000750400000|100%| E|CS|TAMS 0x0000000750200000, 0x0000000750200000| Complete 
| 642|0x0000000750400000, 0x0000000750600000, 0x0000000750600000|100%| E|CS|TAMS 0x0000000750400000, 0x0000000750400000| Complete 
| 643|0x0000000750600000, 0x0000000750800000, 0x0000000750800000|100%| E|CS|TAMS 0x0000000750600000, 0x0000000750600000| Complete 
| 644|0x0000000750800000, 0x0000000750a00000, 0x0000000750a00000|100%| E|CS|TAMS 0x0000000750800000, 0x0000000750800000| Complete 
| 645|0x0000000750a00000, 0x0000000750c00000, 0x0000000750c00000|100%| E|CS|TAMS 0x0000000750a00000, 0x0000000750a00000| Complete 
| 646|0x0000000750c00000, 0x0000000750e00000, 0x0000000750e00000|100%| E|CS|TAMS 0x0000000750c00000, 0x0000000750c00000| Complete 
| 647|0x0000000750e00000, 0x0000000751000000, 0x0000000751000000|100%| E|CS|TAMS 0x0000000750e00000, 0x0000000750e00000| Complete 
| 648|0x0000000751000000, 0x0000000751200000, 0x0000000751200000|100%| E|CS|TAMS 0x0000000751000000, 0x0000000751000000| Complete 
| 649|0x0000000751200000, 0x0000000751400000, 0x0000000751400000|100%| E|CS|TAMS 0x0000000751200000, 0x0000000751200000| Complete 
| 650|0x0000000751400000, 0x0000000751600000, 0x0000000751600000|100%| E|CS|TAMS 0x0000000751400000, 0x0000000751400000| Complete 
| 651|0x0000000751600000, 0x0000000751800000, 0x0000000751800000|100%| E|CS|TAMS 0x0000000751600000, 0x0000000751600000| Complete 
| 652|0x0000000751800000, 0x0000000751a00000, 0x0000000751a00000|100%| E|CS|TAMS 0x0000000751800000, 0x0000000751800000| Complete 
| 653|0x0000000751a00000, 0x0000000751c00000, 0x0000000751c00000|100%| E|CS|TAMS 0x0000000751a00000, 0x0000000751a00000| Complete 
| 654|0x0000000751c00000, 0x0000000751e00000, 0x0000000751e00000|100%| E|CS|TAMS 0x0000000751c00000, 0x0000000751c00000| Complete 
| 655|0x0000000751e00000, 0x0000000752000000, 0x0000000752000000|100%| E|CS|TAMS 0x0000000751e00000, 0x0000000751e00000| Complete 
| 656|0x0000000752000000, 0x0000000752200000, 0x0000000752200000|100%| E|CS|TAMS 0x0000000752000000, 0x0000000752000000| Complete 
| 657|0x0000000752200000, 0x0000000752400000, 0x0000000752400000|100%| E|CS|TAMS 0x0000000752200000, 0x0000000752200000| Complete 
| 658|0x0000000752400000, 0x0000000752600000, 0x0000000752600000|100%| E|CS|TAMS 0x0000000752400000, 0x0000000752400000| Complete 
| 659|0x0000000752600000, 0x0000000752800000, 0x0000000752800000|100%| E|CS|TAMS 0x0000000752600000, 0x0000000752600000| Complete 
| 660|0x0000000752800000, 0x0000000752a00000, 0x0000000752a00000|100%| E|CS|TAMS 0x0000000752800000, 0x0000000752800000| Complete 
| 661|0x0000000752a00000, 0x0000000752c00000, 0x0000000752c00000|100%| E|CS|TAMS 0x0000000752a00000, 0x0000000752a00000| Complete 
| 662|0x0000000752c00000, 0x0000000752e00000, 0x0000000752e00000|100%| E|CS|TAMS 0x0000000752c00000, 0x0000000752c00000| Complete 
| 663|0x0000000752e00000, 0x0000000753000000, 0x0000000753000000|100%| E|CS|TAMS 0x0000000752e00000, 0x0000000752e00000| Complete 
| 664|0x0000000753000000, 0x0000000753200000, 0x0000000753200000|100%| E|CS|TAMS 0x0000000753000000, 0x0000000753000000| Complete 
| 665|0x0000000753200000, 0x0000000753400000, 0x0000000753400000|100%| E|CS|TAMS 0x0000000753200000, 0x0000000753200000| Complete 
| 666|0x0000000753400000, 0x0000000753600000, 0x0000000753600000|100%| E|CS|TAMS 0x0000000753400000, 0x0000000753400000| Complete 
| 667|0x0000000753600000, 0x0000000753800000, 0x0000000753800000|100%| E|CS|TAMS 0x0000000753600000, 0x0000000753600000| Complete 
| 668|0x0000000753800000, 0x0000000753a00000, 0x0000000753a00000|100%| E|CS|TAMS 0x0000000753800000, 0x0000000753800000| Complete 
| 669|0x0000000753a00000, 0x0000000753c00000, 0x0000000753c00000|100%| E|CS|TAMS 0x0000000753a00000, 0x0000000753a00000| Complete 
| 670|0x0000000753c00000, 0x0000000753e00000, 0x0000000753e00000|100%| E|CS|TAMS 0x0000000753c00000, 0x0000000753c00000| Complete 
| 671|0x0000000753e00000, 0x0000000754000000, 0x0000000754000000|100%| E|CS|TAMS 0x0000000753e00000, 0x0000000753e00000| Complete 
| 672|0x0000000754000000, 0x0000000754200000, 0x0000000754200000|100%| E|CS|TAMS 0x0000000754000000, 0x0000000754000000| Complete 
| 673|0x0000000754200000, 0x0000000754400000, 0x0000000754400000|100%| E|CS|TAMS 0x0000000754200000, 0x0000000754200000| Complete 
| 674|0x0000000754400000, 0x0000000754600000, 0x0000000754600000|100%| E|CS|TAMS 0x0000000754400000, 0x0000000754400000| Complete 
| 675|0x0000000754600000, 0x0000000754800000, 0x0000000754800000|100%| E|CS|TAMS 0x0000000754600000, 0x0000000754600000| Complete 
| 676|0x0000000754800000, 0x0000000754a00000, 0x0000000754a00000|100%| E|CS|TAMS 0x0000000754800000, 0x0000000754800000| Complete 
| 677|0x0000000754a00000, 0x0000000754c00000, 0x0000000754c00000|100%| E|CS|TAMS 0x0000000754a00000, 0x0000000754a00000| Complete 
| 678|0x0000000754c00000, 0x0000000754e00000, 0x0000000754e00000|100%| E|CS|TAMS 0x0000000754c00000, 0x0000000754c00000| Complete 
| 679|0x0000000754e00000, 0x0000000755000000, 0x0000000755000000|100%| E|CS|TAMS 0x0000000754e00000, 0x0000000754e00000| Complete 
| 680|0x0000000755000000, 0x0000000755200000, 0x0000000755200000|100%| E|CS|TAMS 0x0000000755000000, 0x0000000755000000| Complete 
| 681|0x0000000755200000, 0x0000000755400000, 0x0000000755400000|100%| E|CS|TAMS 0x0000000755200000, 0x0000000755200000| Complete 
| 682|0x0000000755400000, 0x0000000755600000, 0x0000000755600000|100%| E|CS|TAMS 0x0000000755400000, 0x0000000755400000| Complete 
| 683|0x0000000755600000, 0x0000000755800000, 0x0000000755800000|100%| E|CS|TAMS 0x0000000755600000, 0x0000000755600000| Complete 
| 684|0x0000000755800000, 0x0000000755a00000, 0x0000000755a00000|100%| E|CS|TAMS 0x0000000755800000, 0x0000000755800000| Complete 
| 685|0x0000000755a00000, 0x0000000755c00000, 0x0000000755c00000|100%| E|CS|TAMS 0x0000000755a00000, 0x0000000755a00000| Complete 
| 686|0x0000000755c00000, 0x0000000755e00000, 0x0000000755e00000|100%| E|CS|TAMS 0x0000000755c00000, 0x0000000755c00000| Complete 
| 687|0x0000000755e00000, 0x0000000756000000, 0x0000000756000000|100%| E|CS|TAMS 0x0000000755e00000, 0x0000000755e00000| Complete 
|2044|0x00000007ff800000, 0x00000007ffa00000, 0x00000007ffa00000|100%| O|  |TAMS 0x00000007ff800000, 0x00000007ff800000| Untracked 
|2045|0x00000007ffa00000, 0x00000007ffc00000, 0x00000007ffc00000|100%| O|  |TAMS 0x00000007ffa00000, 0x00000007ffa00000| Untracked 
|2046|0x00000007ffc00000, 0x00000007ffe00000, 0x00000007ffe00000|100%| O|  |TAMS 0x00000007ffc00000, 0x00000007ffc00000| Untracked 
|2047|0x00000007ffe00000, 0x0000000800000000, 0x0000000800000000|100%| O|  |TAMS 0x00000007ffe00000, 0x00000007ffe00000| Untracked 

Card table byte_map: [0x0000028744880000,0x0000028745080000] _byte_map_base: 0x0000028741080000

Marking Bits (Prev, Next): (CMBitMap*) 0x000002872ba18b50, (CMBitMap*) 0x000002872ba18b90
 Prev Bits: [0x0000028745880000, 0x0000028749880000)
 Next Bits: [0x0000028749880000, 0x000002874d880000)

Polling page: 0x000002872ba60000

Metaspace:

Usage:
  Non-class:    124.97 MB used.
      Class:     18.60 MB used.
       Both:    143.57 MB used.

Virtual space:
  Non-class space:      128.00 MB reserved,     126.19 MB ( 99%) committed,  2 nodes.
      Class space:        1.00 GB reserved,      19.56 MB (  2%) committed,  1 nodes.
             Both:        1.12 GB reserved,     145.75 MB ( 13%) committed. 

Chunk freelists:
   Non-Class:  1.83 MB
       Class:  12.27 MB
        Both:  14.09 MB

MaxMetaspaceSize: 2.00 GB
CompressedClassSpaceSize: 1.00 GB
Initial GC threshold: 21.00 MB
Current GC threshold: 212.75 MB
CDS: on
MetaspaceReclaimPolicy: balanced
 - commit_granule_bytes: 65536.
 - commit_granule_words: 8192.
 - virtual_space_node_default_size: 8388608.
 - enlarge_chunks_in_place: 1.
 - new_chunks_are_fully_committed: 0.
 - uncommit_free_chunks: 1.
 - use_allocation_guard: 0.
 - handle_deallocations: 1.


Internal statistics:

num_allocs_failed_limit: 6.
num_arena_births: 3272.
num_arena_deaths: 8.
num_vsnodes_births: 3.
num_vsnodes_deaths: 0.
num_space_committed: 2333.
num_space_uncommitted: 2.
num_chunks_returned_to_freelist: 28.
num_chunks_taken_from_freelist: 10165.
num_chunk_merges: 10.
num_chunk_splits: 6274.
num_chunks_enlarged: 3625.
num_inconsistent_stats: 0.

CodeHeap 'non-profiled nmethods': size=120000Kb used=26749Kb max_used=26749Kb free=93250Kb
 bounds [0x000002873c530000, 0x000002873df50000, 0x0000028743a60000]
CodeHeap 'profiled nmethods': size=120000Kb used=61065Kb max_used=61164Kb free=58934Kb
 bounds [0x0000028734a60000, 0x0000028738620000, 0x000002873bf90000]
CodeHeap 'non-nmethods': size=5760Kb used=2498Kb max_used=2599Kb free=3261Kb
 bounds [0x000002873bf90000, 0x000002873c250000, 0x000002873c530000]
 total_blobs=30448 nmethods=29403 adapters=952
 compilation: enabled
              stopped_count=0, restarted_count=0
 full_count=0

Compilation events (20 events):
Event: 319.765 Thread 0x000002874fec1de0 37875       2       com.android.tools.r8.internal.F2$$Lambda$2470/0x00000287523849e0::accept (12 bytes)
Event: 319.766 Thread 0x000002874fec1de0 nmethod 37875 0x0000028738610e90 code [0x00000287386110a0, 0x00000287386115d8]
Event: 319.766 Thread 0x000002874fec1de0 37878       3       com.android.tools.r8.graph.N::c (58 bytes)
Event: 319.767 Thread 0x000002874fec1de0 nmethod 37878 0x0000028738611910 code [0x0000028738611ac0, 0x0000028738611d98]
Event: 319.767 Thread 0x000002874fec1de0 37877       3       com.android.tools.r8.internal.F2$$Lambda$2471/0x0000028752384c10::test (8 bytes)
Event: 319.767 Thread 0x000002874fec1de0 nmethod 37877 0x0000028738611f10 code [0x00000287386120c0, 0x0000028738612398]
Event: 319.767 Thread 0x000002874fec1de0 37879       3       com.android.tools.r8.internal.F2$$Lambda$2472/0x0000028752384e58::accept (8 bytes)
Event: 319.767 Thread 0x000002874fec1de0 nmethod 37879 0x0000028738612490 code [0x0000028738612680, 0x0000028738612cf8]
Event: 319.767 Thread 0x000002874fec1de0 37876       2       com.android.tools.r8.internal.F2::a (16 bytes)
Event: 319.768 Thread 0x000002874fec1de0 nmethod 37876 0x0000028738612f10 code [0x0000028738613100, 0x00000287386135f8]
Event: 319.768 Thread 0x000002874fec1de0 37881       2       java.util.concurrent.ForkJoinPool::awaitWork (477 bytes)
Event: 319.769 Thread 0x000002874fec1de0 nmethod 37881 0x0000028738613910 code [0x0000028738613b80, 0x0000028738614768]
Event: 319.769 Thread 0x000002874fec1de0 37882       2       java.util.concurrent.ForkJoinPool::signalWork (177 bytes)
Event: 319.770 Thread 0x000002874fec1de0 nmethod 37882 0x0000028738614e10 code [0x0000028738614fe0, 0x00000287386153d8]
Event: 319.770 Thread 0x000002874fec1de0 37884       2       java.util.concurrent.locks.LockSupport::parkUntil (9 bytes)
Event: 319.770 Thread 0x000002874fec1de0 nmethod 37884 0x0000028738615610 code [0x00000287386157a0, 0x00000287386158a8]
Event: 319.779 Thread 0x000002874fec1de0 37885       3       java.util.concurrent.ForkJoinPool::compareAndExchangeCtl (10 bytes)
Event: 319.779 Thread 0x000002874fec1de0 nmethod 37885 0x0000028738615990 code [0x0000028738615bc0, 0x0000028738616388]
Event: 319.786 Thread 0x000002874fec1de0 37887       3       com.android.tools.r8.internal.F2$$Lambda$2470/0x00000287523849e0::accept (12 bytes)
Event: 319.788 Thread 0x000002874fec1de0 nmethod 37887 0x0000028738616690 code [0x00000287386169c0, 0x0000028738618018]

GC Heap History (20 events):
Event: 286.928 GC heap before
{Heap before GC invocations=102 (full 0):
 garbage-first heap   total 622592K, used 534038K [0x0000000700000000, 0x0000000800000000)
  region size 2048K, 80 young (163840K), 6 survivors (12288K)
 Metaspace       used 128404K, committed 130432K, reserved 1179648K
  class space    used 16679K, committed 17600K, reserved 1048576K
}
Event: 286.943 GC heap after
{Heap after GC invocations=103 (full 0):
 garbage-first heap   total 622592K, used 372785K [0x0000000700000000, 0x0000000800000000)
  region size 2048K, 7 young (14336K), 7 survivors (14336K)
 Metaspace       used 128404K, committed 130432K, reserved 1179648K
  class space    used 16679K, committed 17600K, reserved 1048576K
}
Event: 293.103 GC heap before
{Heap before GC invocations=103 (full 0):
 garbage-first heap   total 622592K, used 462897K [0x0000000700000000, 0x0000000800000000)
  region size 2048K, 27 young (55296K), 7 survivors (14336K)
 Metaspace       used 128770K, committed 130816K, reserved 1179648K
  class space    used 16715K, committed 17600K, reserved 1048576K
}
Event: 293.117 GC heap after
{Heap after GC invocations=104 (full 0):
 garbage-first heap   total 622592K, used 367557K [0x0000000700000000, 0x0000000800000000)
  region size 2048K, 4 young (8192K), 4 survivors (8192K)
 Metaspace       used 128770K, committed 130816K, reserved 1179648K
  class space    used 16715K, committed 17600K, reserved 1048576K
}
Event: 293.314 GC heap before
{Heap before GC invocations=104 (full 0):
 garbage-first heap   total 622592K, used 392133K [0x0000000700000000, 0x0000000800000000)
  region size 2048K, 5 young (10240K), 4 survivors (8192K)
 Metaspace       used 128771K, committed 130816K, reserved 1179648K
  class space    used 16715K, committed 17600K, reserved 1048576K
}
Event: 293.326 GC heap after
{Heap after GC invocations=105 (full 0):
 garbage-first heap   total 622592K, used 387171K [0x0000000700000000, 0x0000000800000000)
  region size 2048K, 3 young (6144K), 3 survivors (6144K)
 Metaspace       used 128771K, committed 130816K, reserved 1179648K
  class space    used 16715K, committed 17600K, reserved 1048576K
}
Event: 302.703 GC heap before
{Heap before GC invocations=106 (full 0):
 garbage-first heap   total 905216K, used 665699K [0x0000000700000000, 0x0000000800000000)
  region size 2048K, 62 young (126976K), 3 survivors (6144K)
 Metaspace       used 130800K, committed 133056K, reserved 1179648K
  class space    used 16898K, committed 17920K, reserved 1048576K
}
Event: 302.721 GC heap after
{Heap after GC invocations=107 (full 0):
 garbage-first heap   total 905216K, used 375296K [0x0000000700000000, 0x0000000800000000)
  region size 2048K, 6 young (12288K), 6 survivors (12288K)
 Metaspace       used 130800K, committed 133056K, reserved 1179648K
  class space    used 16898K, committed 17920K, reserved 1048576K
}
Event: 303.354 GC heap before
{Heap before GC invocations=107 (full 0):
 garbage-first heap   total 905216K, used 406016K [0x0000000700000000, 0x0000000800000000)
  region size 2048K, 22 young (45056K), 6 survivors (12288K)
 Metaspace       used 130851K, committed 133120K, reserved 1179648K
  class space    used 16904K, committed 17920K, reserved 1048576K
}
Event: 303.383 GC heap after
{Heap after GC invocations=108 (full 0):
 garbage-first heap   total 905216K, used 363225K [0x0000000700000000, 0x0000000800000000)
  region size 2048K, 2 young (4096K), 2 survivors (4096K)
 Metaspace       used 130851K, committed 133120K, reserved 1179648K
  class space    used 16904K, committed 17920K, reserved 1048576K
}
Event: 309.700 GC heap before
{Heap before GC invocations=108 (full 0):
 garbage-first heap   total 905216K, used 826073K [0x0000000700000000, 0x0000000800000000)
  region size 2048K, 194 young (397312K), 2 survivors (4096K)
 Metaspace       used 143411K, committed 145664K, reserved 1179648K
  class space    used 18570K, committed 19584K, reserved 1048576K
}
Event: 309.773 GC heap after
{Heap after GC invocations=109 (full 0):
 garbage-first heap   total 913408K, used 488030K [0x0000000700000000, 0x0000000800000000)
  region size 2048K, 25 young (51200K), 25 survivors (51200K)
 Metaspace       used 143411K, committed 145664K, reserved 1179648K
  class space    used 18570K, committed 19584K, reserved 1048576K
}
Event: 311.312 GC heap before
{Heap before GC invocations=109 (full 0):
 garbage-first heap   total 913408K, used 694878K [0x0000000700000000, 0x0000000800000000)
  region size 2048K, 126 young (258048K), 25 survivors (51200K)
 Metaspace       used 145132K, committed 147392K, reserved 1179648K
  class space    used 18828K, committed 19840K, reserved 1048576K
}
Event: 311.481 GC heap after
{Heap after GC invocations=110 (full 0):
 garbage-first heap   total 913408K, used 548864K [0x0000000700000000, 0x0000000800000000)
  region size 2048K, 16 young (32768K), 16 survivors (32768K)
 Metaspace       used 145132K, committed 147392K, reserved 1179648K
  class space    used 18828K, committed 19840K, reserved 1048576K
}
Event: 312.664 GC heap before
{Heap before GC invocations=110 (full 0):
 garbage-first heap   total 913408K, used 718848K [0x0000000700000000, 0x0000000800000000)
  region size 2048K, 100 young (204800K), 16 survivors (32768K)
 Metaspace       used 145863K, committed 148096K, reserved 1179648K
  class space    used 18930K, committed 19904K, reserved 1048576K
}
Event: 312.894 GC heap after
{Heap after GC invocations=111 (full 0):
 garbage-first heap   total 913408K, used 619520K [0x0000000700000000, 0x0000000800000000)
  region size 2048K, 13 young (26624K), 13 survivors (26624K)
 Metaspace       used 145863K, committed 148096K, reserved 1179648K
  class space    used 18930K, committed 19904K, reserved 1048576K
}
Event: 314.846 GC heap before
{Heap before GC invocations=111 (full 0):
 garbage-first heap   total 913408K, used 730112K [0x0000000700000000, 0x0000000800000000)
  region size 2048K, 68 young (139264K), 13 survivors (26624K)
 Metaspace       used 146203K, committed 148480K, reserved 1179648K
  class space    used 18957K, committed 19968K, reserved 1048576K
}
Event: 314.981 GC heap after
{Heap after GC invocations=112 (full 0):
 garbage-first heap   total 913408K, used 638976K [0x0000000700000000, 0x0000000800000000)
  region size 2048K, 9 young (18432K), 9 survivors (18432K)
 Metaspace       used 146203K, committed 148480K, reserved 1179648K
  class space    used 18957K, committed 19968K, reserved 1048576K
}
Event: 317.615 GC heap before
{Heap before GC invocations=112 (full 0):
 garbage-first heap   total 913408K, used 745472K [0x0000000700000000, 0x0000000800000000)
  region size 2048K, 61 young (124928K), 9 survivors (18432K)
 Metaspace       used 146851K, committed 149120K, reserved 1179648K
  class space    used 19039K, committed 20032K, reserved 1048576K
}
Event: 317.645 GC heap after
{Heap after GC invocations=113 (full 0):
 garbage-first heap   total 1417216K, used 646052K [0x0000000700000000, 0x0000000800000000)
  region size 2048K, 4 young (8192K), 4 survivors (8192K)
 Metaspace       used 146851K, committed 149120K, reserved 1179648K
  class space    used 19039K, committed 20032K, reserved 1048576K
}

Deoptimization events (20 events):
Event: 319.482 Thread 0x0000028796bf8970 Uncommon trap: trap_request=0xffffffbe fr.pc=0x000002873da6111c relative=0x000000000000025c
Event: 319.482 Thread 0x0000028796bf8970 Uncommon trap: reason=profile_predicate action=maybe_recompile pc=0x000002873da6111c method=java.util.HashMap$Values.forEach(Ljava/util/function/Consumer;)V @ 57 c2
Event: 319.482 Thread 0x0000028796bf8970 DEOPT PACKING pc=0x000002873da6111c sp=0x000000df33efa510
Event: 319.482 Thread 0x0000028796bf8970 DEOPT UNPACKING pc=0x000002873bfe23a3 sp=0x000000df33efa4a8 mode 2
Event: 319.512 Thread 0x0000028796bf8970 Uncommon trap: trap_request=0xffffff66 fr.pc=0x000002873ded2c70 relative=0x00000000000003f0
Event: 319.512 Thread 0x0000028796bf8970 Uncommon trap: reason=speculate_class_check action=maybe_recompile pc=0x000002873ded2c70 method=com.android.tools.r8.graph.K2.g(Ljava/util/function/Function;)Lcom/android/tools/r8/internal/c00; @ 78 c2
Event: 319.512 Thread 0x0000028796bf8970 DEOPT PACKING pc=0x000002873ded2c70 sp=0x000000df33ef9ac0
Event: 319.512 Thread 0x0000028796bf8970 DEOPT UNPACKING pc=0x000002873bfe23a3 sp=0x000000df33ef9a60 mode 2
Event: 319.512 Thread 0x0000028796bf8970 Uncommon trap: trap_request=0xffffff66 fr.pc=0x000002873ded2c70 relative=0x00000000000003f0
Event: 319.512 Thread 0x0000028796bf8970 Uncommon trap: reason=speculate_class_check action=maybe_recompile pc=0x000002873ded2c70 method=com.android.tools.r8.graph.K2.g(Ljava/util/function/Function;)Lcom/android/tools/r8/internal/c00; @ 78 c2
Event: 319.512 Thread 0x0000028796bf8970 DEOPT PACKING pc=0x000002873ded2c70 sp=0x000000df33ef9ac0
Event: 319.512 Thread 0x0000028796bf8970 DEOPT UNPACKING pc=0x000002873bfe23a3 sp=0x000000df33ef9a60 mode 2
Event: 319.735 Thread 0x00000287975ae350 DEOPT PACKING pc=0x0000028737fdeb6f sp=0x000000df340fa2b0
Event: 319.735 Thread 0x00000287975ae350 DEOPT UNPACKING pc=0x000002873bfe2b43 sp=0x000000df340f9838 mode 0
Event: 319.743 Thread 0x00000287975ae350 DEOPT PACKING pc=0x0000028737fd7ad6 sp=0x000000df340fa1d0
Event: 319.743 Thread 0x00000287975ae350 DEOPT UNPACKING pc=0x000002873bfe2b43 sp=0x000000df340f9808 mode 0
Event: 319.744 Thread 0x00000287975ae350 DEOPT PACKING pc=0x0000028737fdc4dc sp=0x000000df340fa2a0
Event: 319.744 Thread 0x00000287975ae350 DEOPT UNPACKING pc=0x000002873bfe2b43 sp=0x000000df340f9828 mode 0
Event: 319.766 Thread 0x000002879b0c9bb0 DEOPT PACKING pc=0x000002873841b822 sp=0x000000df37efea00
Event: 319.766 Thread 0x000002879b0c9bb0 DEOPT UNPACKING pc=0x000002873bfe2b43 sp=0x000000df37efde88 mode 0

Classes unloaded (20 events):
Event: 294.388 Thread 0x000002874fe99940 Unloading class 0x00000287521422a0 'jdk/internal/jimage/ImageHeader'
Event: 294.388 Thread 0x000002874fe99940 Unloading class 0x0000028752142070 'jdk/internal/jimage/BasicImageReader$2'
Event: 294.388 Thread 0x000002874fe99940 Unloading class 0x0000028752141e40 'jdk/internal/jimage/BasicImageReader$1'
Event: 294.388 Thread 0x000002874fe99940 Unloading class 0x0000028752141bd8 'jdk/internal/jimage/ImageReader$Resource'
Event: 294.388 Thread 0x000002874fe99940 Unloading class 0x0000028752141970 'jdk/internal/jimage/ImageReader$LinkNode'
Event: 294.388 Thread 0x000002874fe99940 Unloading class 0x0000028752141708 'jdk/internal/jimage/ImageReader$Directory'
Event: 294.388 Thread 0x000002874fe99940 Unloading class 0x00000287521414a0 'jdk/internal/jimage/ImageReader$Node'
Event: 294.388 Thread 0x000002874fe99940 Unloading class 0x00000287521412a8 'jdk/internal/jimage/ImageStrings'
Event: 294.388 Thread 0x000002874fe99940 Unloading class 0x0000028752140fe8 'jdk/internal/jimage/ImageReader$SharedImageReader'
Event: 294.388 Thread 0x000002874fe99940 Unloading class 0x0000028752140d28 'jdk/internal/jimage/BasicImageReader'
Event: 294.388 Thread 0x000002874fe99940 Unloading class 0x0000028752140b08 'jdk/internal/jimage/ImageReader'
Event: 294.388 Thread 0x000002874fe99940 Unloading class 0x00000287521408e0 'jdk/internal/jrtfs/SystemImage$2'
Event: 294.388 Thread 0x000002874fe99940 Unloading class 0x00000287521406c8 'jdk/internal/jrtfs/SystemImage$$Lambda$1867+0x00000287521406c8'
Event: 294.388 Thread 0x000002874fe99940 Unloading class 0x0000028752140498 'jdk/internal/jrtfs/ExplodedImage'
Event: 294.388 Thread 0x000002874fe99940 Unloading class 0x0000028752140260 'jdk/internal/jrtfs/SystemImage$1'
Event: 294.388 Thread 0x000002874fe99940 Unloading class 0x0000028752139dd8 'jdk/internal/jrtfs/SystemImage'
Event: 294.388 Thread 0x000002874fe99940 Unloading class 0x0000028752140000 'jdk/internal/jrtfs/JrtFileStore'
Event: 294.388 Thread 0x000002874fe99940 Unloading class 0x0000028752139400 'jdk/internal/jrtfs/JrtPath'
Event: 294.388 Thread 0x000002874fe99940 Unloading class 0x0000028752139ae0 'jdk/internal/jrtfs/JrtFileSystem'
Event: 294.388 Thread 0x000002874fe99940 Unloading class 0x0000028752139800 'jdk/internal/jrtfs/JrtFileSystemProvider'

Classes redefined (0 events):
No events

Internal exceptions (20 events):
Event: 314.212 Thread 0x0000028796bf8970 Exception <a 'sun/nio/fs/WindowsException'{0x00000007355813d0}> (0x00000007355813d0) 
thrown [s\open\src\hotspot\share\prims\jni.cpp, line 516]
Event: 314.212 Thread 0x0000028796bf8970 Exception <a 'sun/nio/fs/WindowsException'{0x0000000735582550}> (0x0000000735582550) 
thrown [s\open\src\hotspot\share\prims\jni.cpp, line 516]
Event: 314.223 Thread 0x000002879d794980 Exception <a 'sun/nio/fs/WindowsException'{0x0000000732ccbb38}> (0x0000000732ccbb38) 
thrown [s\open\src\hotspot\share\prims\jni.cpp, line 516]
Event: 314.223 Thread 0x000002879d794980 Exception <a 'sun/nio/fs/WindowsException'{0x0000000732ccbd80}> (0x0000000732ccbd80) 
thrown [s\open\src\hotspot\share\prims\jni.cpp, line 516]
Event: 314.223 Thread 0x000002879d794980 Exception <a 'sun/nio/fs/WindowsException'{0x0000000732ccbe20}> (0x0000000732ccbe20) 
thrown [s\open\src\hotspot\share\prims\jni.cpp, line 516]
Event: 314.223 Thread 0x000002879d794980 Exception <a 'sun/nio/fs/WindowsException'{0x0000000732ccc098}> (0x0000000732ccc098) 
thrown [s\open\src\hotspot\share\prims\jni.cpp, line 516]
Event: 315.529 Thread 0x0000028796bf8970 Exception <a 'sun/nio/fs/WindowsException'{0x0000000736348b50}> (0x0000000736348b50) 
thrown [s\open\src\hotspot\share\prims\jni.cpp, line 516]
Event: 316.438 Thread 0x00000287975ae350 Implicit null exception at 0x000002873d5092cf to 0x000002873d50943c
Event: 317.523 Thread 0x00000287975ae350 Exception <a 'sun/nio/fs/WindowsException'{0x00000007311c8560}> (0x00000007311c8560) 
thrown [s\open\src\hotspot\share\prims\jni.cpp, line 516]
Event: 317.745 Thread 0x0000028796bf8970 Exception <a 'sun/nio/fs/WindowsException'{0x0000000755b6e968}> (0x0000000755b6e968) 
thrown [s\open\src\hotspot\share\prims\jni.cpp, line 516]
Event: 318.247 Thread 0x00000287975ae350 Exception <a 'sun/nio/fs/WindowsException'{0x0000000755728be8}> (0x0000000755728be8) 
thrown [s\open\src\hotspot\share\prims\jni.cpp, line 516]
Event: 318.248 Thread 0x00000287975ae350 Exception <a 'sun/nio/fs/WindowsException'{0x0000000755729aa0}> (0x0000000755729aa0) 
thrown [s\open\src\hotspot\share\prims\jni.cpp, line 516]
Event: 318.255 Thread 0x000002879d794980 Exception <a 'sun/nio/fs/WindowsException'{0x000000075461b610}> (0x000000075461b610) 
thrown [s\open\src\hotspot\share\prims\jni.cpp, line 516]
Event: 318.255 Thread 0x000002879d794980 Exception <a 'sun/nio/fs/WindowsException'{0x000000075461b828}> (0x000000075461b828) 
thrown [s\open\src\hotspot\share\prims\jni.cpp, line 516]
Event: 318.255 Thread 0x000002879d794980 Exception <a 'sun/nio/fs/WindowsException'{0x000000075461b8c8}> (0x000000075461b8c8) 
thrown [s\open\src\hotspot\share\prims\jni.cpp, line 516]
Event: 318.255 Thread 0x000002879d794980 Exception <a 'sun/nio/fs/WindowsException'{0x000000075461bb20}> (0x000000075461bb20) 
thrown [s\open\src\hotspot\share\prims\jni.cpp, line 516]
Event: 318.651 Thread 0x0000028796bf8970 Exception <a 'sun/nio/fs/WindowsException'{0x0000000752707e48}> (0x0000000752707e48) 
thrown [s\open\src\hotspot\share\prims\jni.cpp, line 516]
Event: 318.685 Thread 0x00000287975ae350 Exception <a 'sun/nio/fs/WindowsException'{0x000000075249f908}> (0x000000075249f908) 
thrown [s\open\src\hotspot\share\prims\jni.cpp, line 516]
Event: 319.211 Thread 0x00000287975ae350 Implicit null exception at 0x000002873dca7fc2 to 0x000002873dca80b0
Event: 319.540 Thread 0x0000028796bf8970 Exception <a 'sun/nio/fs/WindowsException'{0x000000074c74f4a0}> (0x000000074c74f4a0) 
thrown [s\open\src\hotspot\share\prims\jni.cpp, line 516]

VM Operations (20 events):
Event: 316.480 Executing VM operation: ICBufferFull done
Event: 316.546 Executing VM operation: HandshakeAllThreads
Event: 316.546 Executing VM operation: HandshakeAllThreads done
Event: 316.546 Executing VM operation: HandshakeAllThreads
Event: 316.549 Executing VM operation: HandshakeAllThreads done
Event: 316.595 Executing VM operation: ICBufferFull
Event: 316.621 Executing VM operation: ICBufferFull done
Event: 316.704 Executing VM operation: HandshakeAllThreads
Event: 316.776 Executing VM operation: HandshakeAllThreads done
Event: 316.988 Executing VM operation: ICBufferFull
Event: 317.057 Executing VM operation: ICBufferFull done
Event: 317.298 Executing VM operation: ICBufferFull
Event: 317.299 Executing VM operation: ICBufferFull done
Event: 317.615 Executing VM operation: G1CollectForAllocation
Event: 317.647 Executing VM operation: G1CollectForAllocation done
Event: 318.657 Executing VM operation: Cleanup
Event: 318.685 Executing VM operation: Cleanup done
Event: 319.466 Executing VM operation: ICBufferFull
Event: 319.467 Executing VM operation: ICBufferFull done
Event: 319.752 Executing VM operation: HandshakeAllThreads

Events (20 events):
Event: 316.594 Thread 0x0000028795120040 flushing nmethod 0x0000028737117a10
Event: 316.594 Thread 0x0000028795120040 flushing nmethod 0x000002873713c390
Event: 316.622 Thread 0x0000028795120040 flushing nmethod 0x00000287372fa190
Event: 316.622 Thread 0x0000028795120040 flushing nmethod 0x00000287373d4810
Event: 316.623 Thread 0x0000028795120040 flushing nmethod 0x00000287374f2d90
Event: 316.627 Thread 0x0000028795120040 flushing nmethod 0x00000287378b9890
Event: 316.630 Thread 0x0000028795120040 flushing nmethod 0x0000028737bd9f10
Event: 316.631 Thread 0x0000028795120040 flushing nmethod 0x0000028737c78490
Event: 316.631 Thread 0x0000028795120040 flushing nmethod 0x0000028737cb4010
Event: 316.635 Thread 0x0000028795120040 flushing nmethod 0x00000287380c8190
Event: 316.635 Thread 0x0000028795120040 flushing nmethod 0x00000287380c8510
Event: 316.635 Thread 0x0000028795120040 flushing nmethod 0x00000287380d7810
Event: 316.635 Thread 0x0000028795120040 flushing nmethod 0x00000287380d7b90
Event: 316.635 Thread 0x0000028795120040 flushing nmethod 0x00000287380dfc10
Event: 316.635 Thread 0x0000028795120040 flushing nmethod 0x000002873810ae10
Event: 316.635 Thread 0x0000028795120040 flushing nmethod 0x0000028738112090
Event: 316.635 Thread 0x0000028795120040 flushing nmethod 0x0000028738114210
Event: 316.635 Thread 0x0000028795120040 flushing nmethod 0x000002873811aa10
Event: 316.635 Thread 0x0000028795120040 flushing nmethod 0x000002873814a610
Event: 316.636 Thread 0x0000028795120040 flushing nmethod 0x000002873822c290


Dynamic libraries:
0x00007ff688d90000 - 0x00007ff688da0000 	C:\Program Files\Java\jdk-17\bin\java.exe
0x00007ffa33490000 - 0x00007ffa33688000 	C:\Windows\SYSTEM32\ntdll.dll
0x00007ffa32b10000 - 0x00007ffa32bd2000 	C:\Windows\System32\KERNEL32.DLL
0x00007ffa31060000 - 0x00007ffa3135f000 	C:\Windows\System32\KERNELBASE.dll
0x00007ffa30b50000 - 0x00007ffa30c50000 	C:\Windows\System32\ucrtbase.dll
0x00007ffa0d6c0000 - 0x00007ffa0d6d9000 	C:\Program Files\Java\jdk-17\bin\jli.dll
0x00007ffa326c0000 - 0x00007ffa32771000 	C:\Windows\System32\ADVAPI32.dll
0x00007ffa32f50000 - 0x00007ffa32fee000 	C:\Windows\System32\msvcrt.dll
0x00007ffa32460000 - 0x00007ffa324ff000 	C:\Windows\System32\sechost.dll
0x00007ffa32510000 - 0x00007ffa32633000 	C:\Windows\System32\RPCRT4.dll
0x00007ffa31030000 - 0x00007ffa31057000 	C:\Windows\System32\bcrypt.dll
0x00007ffa32db0000 - 0x00007ffa32f4d000 	C:\Windows\System32\USER32.dll
0x00007ffa30b20000 - 0x00007ffa30b42000 	C:\Windows\System32\win32u.dll
0x00007ffa322b0000 - 0x00007ffa322db000 	C:\Windows\System32\GDI32.dll
0x00007ffa30db0000 - 0x00007ffa30ec7000 	C:\Windows\System32\gdi32full.dll
0x00007ffa30f40000 - 0x00007ffa30fdd000 	C:\Windows\System32\msvcp_win.dll
0x00007ffa1c8c0000 - 0x00007ffa1c8db000 	C:\Program Files\Java\jdk-17\bin\VCRUNTIME140.dll
0x00007ffa1b470000 - 0x00007ffa1b70a000 	C:\Windows\WinSxS\amd64_microsoft.windows.common-controls_6595b64144ccf1df_6.0.19041.4355_none_60b8b9eb71f62e16\COMCTL32.dll
0x00007ffa30680000 - 0x00007ffa3068a000 	C:\Windows\SYSTEM32\VERSION.dll
0x00007ffa32be0000 - 0x00007ffa32c0f000 	C:\Windows\System32\IMM32.DLL
0x0000000070ba0000 - 0x0000000070bac000 	C:\Program Files (x86)\360\Total Security\safemon\SafeWrapper.dll
0x00007ffa27820000 - 0x00007ffa278cc000 	C:\Program Files (x86)\360\Total Security\safemon\libzdtp64.dll
0x00007ffa31ad0000 - 0x00007ffa3223e000 	C:\Windows\System32\SHELL32.dll
0x00007ffa32400000 - 0x00007ffa32455000 	C:\Windows\System32\SHLWAPI.dll
0x00007ffa28160000 - 0x00007ffa2816c000 	C:\Program Files\Java\jdk-17\bin\vcruntime140_1.dll
0x00007ff9fb180000 - 0x00007ff9fb20e000 	C:\Program Files\Java\jdk-17\bin\msvcp140.dll
0x00007ff9b5af0000 - 0x00007ff9b66d0000 	C:\Program Files\Java\jdk-17\bin\server\jvm.dll
0x00007ffa32500000 - 0x00007ffa32508000 	C:\Windows\System32\PSAPI.DLL
0x00007ffa26320000 - 0x00007ffa26329000 	C:\Windows\SYSTEM32\WSOCK32.dll
0x00007ffa32240000 - 0x00007ffa322ab000 	C:\Windows\System32\WS2_32.dll
0x00007ffa1a0d0000 - 0x00007ffa1a0f7000 	C:\Windows\SYSTEM32\WINMM.dll
0x00007ffa2f2d0000 - 0x00007ffa2f2e2000 	C:\Windows\SYSTEM32\kernel.appcore.dll
0x00007ffa1c970000 - 0x00007ffa1c97a000 	C:\Program Files\Java\jdk-17\bin\jimage.dll
0x00007ffa2b670000 - 0x00007ffa2b854000 	C:\Windows\SYSTEM32\DBGHELP.DLL
0x00007ffa0e520000 - 0x00007ffa0e554000 	C:\Windows\SYSTEM32\dbgcore.DLL
0x00007ffa31410000 - 0x00007ffa31492000 	C:\Windows\System32\bcryptPrimitives.dll
0x00007ffa0d8b0000 - 0x00007ffa0d8d5000 	C:\Program Files\Java\jdk-17\bin\java.dll
0x00007ff9e1380000 - 0x00007ff9e1457000 	C:\Program Files\Java\jdk-17\bin\jsvml.dll
0x00007ffa2eb10000 - 0x00007ffa2f2b4000 	C:\Windows\SYSTEM32\windows.storage.dll
0x00007ffa327b0000 - 0x00007ffa32b05000 	C:\Windows\System32\combase.dll
0x00007ffa304e0000 - 0x00007ffa3050f000 	C:\Windows\SYSTEM32\Wldp.dll
0x00007ffa330a0000 - 0x00007ffa3316d000 	C:\Windows\System32\OLEAUT32.dll
0x00007ffa32d00000 - 0x00007ffa32dad000 	C:\Windows\System32\SHCORE.dll
0x00007ffa30a50000 - 0x00007ffa30a74000 	C:\Windows\SYSTEM32\profapi.dll
0x00007ff9ff200000 - 0x00007ff9ff219000 	C:\Program Files\Java\jdk-17\bin\net.dll
0x00007ffa1df00000 - 0x00007ffa1e00d000 	C:\Windows\SYSTEM32\WINHTTP.dll
0x00007ffa30240000 - 0x00007ffa302aa000 	C:\Windows\system32\mswsock.dll
0x00007ff9feb00000 - 0x00007ff9feb16000 	C:\Program Files\Java\jdk-17\bin\nio.dll
0x00007ff9fd600000 - 0x00007ff9fd618000 	C:\Program Files\Java\jdk-17\bin\zip.dll
0x00007ffa1ab30000 - 0x00007ffa1ab40000 	C:\Program Files\Java\jdk-17\bin\verify.dll
0x00007ffa138e0000 - 0x00007ffa13907000 	C:\Users\Al-Mahdi\.gradle\native\c067742578af261105cb4f569cf0c3c89f3d7b1fecec35dd04571415982c5e48\windows-amd64\native-platform.dll
0x00007ffa02b10000 - 0x00007ffa02c54000 	C:\Users\Al-Mahdi\.gradle\native\38dada09dfb8b06ba9b0570ebf7e218e3eb74d4ef43ca46872605cf95ebc2f47\windows-amd64\native-platform-file-events.dll
0x00007ffa14890000 - 0x00007ffa1489a000 	C:\Program Files\Java\jdk-17\bin\management.dll
0x00007ffa0e930000 - 0x00007ffa0e93b000 	C:\Program Files\Java\jdk-17\bin\management_ext.dll
0x00007ffa30430000 - 0x00007ffa30448000 	C:\Windows\SYSTEM32\CRYPTSP.dll
0x00007ffa2faf0000 - 0x00007ffa2fb24000 	C:\Windows\system32\rsaenh.dll
0x00007ffa30a10000 - 0x00007ffa30a3e000 	C:\Windows\SYSTEM32\USERENV.dll
0x00007ffa30450000 - 0x00007ffa3045c000 	C:\Windows\SYSTEM32\CRYPTBASE.dll
0x00007ffa2fed0000 - 0x00007ffa2ff0b000 	C:\Windows\SYSTEM32\IPHLPAPI.DLL
0x00007ffa33300000 - 0x00007ffa33308000 	C:\Windows\System32\NSI.dll
0x00007ffa24b60000 - 0x00007ffa24b77000 	C:\Windows\SYSTEM32\dhcpcsvc6.DLL
0x00007ffa261a0000 - 0x00007ffa261bd000 	C:\Windows\SYSTEM32\dhcpcsvc.DLL
0x00007ffa2ff20000 - 0x00007ffa2ffea000 	C:\Windows\SYSTEM32\DNSAPI.dll
0x00007ffa0e640000 - 0x00007ffa0e64e000 	C:\Program Files\Java\jdk-17\bin\sunmscapi.dll
0x00007ffa30c50000 - 0x00007ffa30dac000 	C:\Windows\System32\CRYPT32.dll
0x00007ffa30550000 - 0x00007ffa30577000 	C:\Windows\SYSTEM32\ncrypt.dll
0x00007ffa30510000 - 0x00007ffa3054b000 	C:\Windows\SYSTEM32\NTASN1.dll
0x00007ffa0d9d0000 - 0x00007ffa0d9d7000 	C:\Windows\system32\wshunix.dll
0x00007ffa27f80000 - 0x00007ffa27f97000 	C:\Windows\system32\napinsp.dll
0x00007ffa27f20000 - 0x00007ffa27f3b000 	C:\Windows\system32\pnrpnsp.dll
0x00007ffa09720000 - 0x00007ffa09735000 	C:\Windows\system32\wshbth.dll
0x00007ffa27e60000 - 0x00007ffa27e7d000 	C:\Windows\system32\NLAapi.dll
0x00007ffa27730000 - 0x00007ffa27742000 	C:\Windows\System32\winrnr.dll
0x00007ffa1c180000 - 0x00007ffa1c18a000 	C:\Windows\System32\rasadhlp.dll
0x00007ffa1c1a0000 - 0x00007ffa1c220000 	C:\Windows\System32\fwpuclnt.dll
0x00007ffa2fd40000 - 0x00007ffa2fd73000 	C:\Windows\SYSTEM32\ntmarta.dll
0x00007ffa28170000 - 0x00007ffa2818e000 	C:\Users\Al-Mahdi\AppData\Local\Temp\native-platform16859355014674947726dir\native-platform.dll

dbghelp: loaded successfully - version: 4.0.5 - missing functions: none
symbol engine: initialized successfully - sym options: 0x614 - pdb path: .;C:\Program Files\Java\jdk-17\bin;C:\Windows\SYSTEM32;C:\Windows\WinSxS\amd64_microsoft.windows.common-controls_6595b64144ccf1df_6.0.19041.4355_none_60b8b9eb71f62e16;C:\Program Files (x86)\360\Total Security\safemon;C:\Program Files\Java\jdk-17\bin\server;C:\Users\Al-Mahdi\.gradle\native\c067742578af261105cb4f569cf0c3c89f3d7b1fecec35dd04571415982c5e48\windows-amd64;C:\Users\Al-Mahdi\.gradle\native\38dada09dfb8b06ba9b0570ebf7e218e3eb74d4ef43ca46872605cf95ebc2f47\windows-amd64;C:\Users\Al-Mahdi\AppData\Local\Temp\native-platform16859355014674947726dir

VM Arguments:
jvm_args: -XX:MaxMetaspaceSize=2G -XX:+HeapDumpOnOutOfMemoryError --add-opens=java.base/java.util=ALL-UNNAMED --add-opens=java.base/java.lang=ALL-UNNAMED --add-opens=java.base/java.lang.invoke=ALL-UNNAMED --add-opens=java.prefs/java.util.prefs=ALL-UNNAMED --add-opens=java.base/java.nio.charset=ALL-UNNAMED --add-opens=java.base/java.net=ALL-UNNAMED --add-opens=java.base/java.util.concurrent.atomic=ALL-UNNAMED -Xmx4G -Dfile.encoding=windows-1252 -Duser.country=US -Duser.language=en -Duser.variant 
java_command: org.gradle.launcher.daemon.bootstrap.GradleDaemon 7.6.3
java_class_path (initial): C:\Users\Al-Mahdi\.gradle\wrapper\dists\gradle-7.6.3-all\aocdy2d2z8kodnny3rsumj8i8\gradle-7.6.3\lib\gradle-launcher-7.6.3.jar
Launcher Type: SUN_STANDARD

[Global flags]
     intx CICompilerCount                          = 3                                         {product} {ergonomic}
     uint ConcGCThreads                            = 1                                         {product} {ergonomic}
     uint G1ConcRefinementThreads                  = 4                                         {product} {ergonomic}
   size_t G1HeapRegionSize                         = 2097152                                   {product} {ergonomic}
    uintx GCDrainStackTargetSize                   = 64                                        {product} {ergonomic}
     bool HeapDumpOnOutOfMemoryError               = true                                   {manageable} {command line}
   size_t InitialHeapSize                          = 132120576                                 {product} {ergonomic}
   size_t MarkStackSize                            = 4194304                                   {product} {ergonomic}
   size_t MaxHeapSize                              = 4294967296                                {product} {command line}
   size_t MaxMetaspaceSize                         = 2147483648                                {product} {command line}
   size_t MaxNewSize                               = 2575302656                                {product} {ergonomic}
   size_t MinHeapDeltaBytes                        = 2097152                                   {product} {ergonomic}
   size_t MinHeapSize                              = 8388608                                   {product} {ergonomic}
    uintx NonNMethodCodeHeapSize                   = 5832780                                {pd product} {ergonomic}
    uintx NonProfiledCodeHeapSize                  = 122912730                              {pd product} {ergonomic}
    uintx ProfiledCodeHeapSize                     = 122912730                              {pd product} {ergonomic}
    uintx ReservedCodeCacheSize                    = 251658240                              {pd product} {ergonomic}
     bool SegmentedCodeCache                       = true                                      {product} {ergonomic}
   size_t SoftMaxHeapSize                          = 4294967296                             {manageable} {ergonomic}
     bool UseCompressedClassPointers               = true                           {product lp64_product} {ergonomic}
     bool UseCompressedOops                        = true                           {product lp64_product} {ergonomic}
     bool UseG1GC                                  = true                                      {product} {ergonomic}
     bool UseLargePagesIndividualAllocation        = false                                  {pd product} {ergonomic}

Logging:
Log output configuration:
 #0: stdout all=warning uptime,level,tags
 #1: stderr all=off uptime,level,tags

Environment Variables:
JAVA_HOME=C:\Program Files\Java\jdk-17
CLASSPATH=E:\TranslatedRCT\RCT-Mobile 2\RCT-Mobile 2\android\\gradle\wrapper\gradle-wrapper.jar
PATH=C:\Program Files\Java\jdk-17\bin;C:\Program Files\Common Files\Oracle\Java\javapath;C:\Program Files (x86)\Common Files\Intel\Shared Libraries\redist\intel64\compiler;C:\Windows\system32;C:\Windows;C:\Windows\System32\Wbem;C:\Windows\System32\WindowsPowerShell\v1.0\;C:\Windows\System32\OpenSSH\;C:\Program Files\Git\cmd;C:\Users\Al-Mahdi\AppData\Local\Pub\Cache\bin;C:\Program Files\nodejs\;C:\Program Files\Java\jdk-17\bin;C:\Users\Al-Mahdi\AppData\Local\Microsoft\WindowsApps;C:\src\flutter\bin;C:\dart-sdk\bin;C:\Users\Al-Mahdi\Downloads\flutter_tools;C:\Users\Al-Mahdi\AppData\Local\Programs\Microsoft VS Code\bin;C:\ProgramData\Microsoft\Windows\Start Menu\Programs\Android Studio;C:\Users\Al-Mahdi\AppData\Local\Pub\Cache\bin;C:\Users\Al-Mahdi\AppData\Roaming\npm;C:\Program Files\Java\jdk-17\bin;;C:\src\flutter\bin\mingit\cmd;C:\src\flutter\bin\mingit\cmd
USERNAME=Al-Mahdi
OS=Windows_NT
PROCESSOR_IDENTIFIER=Intel64 Family 6 Model 142 Stepping 9, GenuineIntel



---------------  S Y S T E M  ---------------

OS:
 Windows 10 , 64 bit Build 19041 (10.0.19041.5198)
OS uptime: 0 days 9:56 hours

CPU: total 4 (initial active 4) (2 cores per cpu, 2 threads per core) family 6 model 142 stepping 9 microcode 0xf4, cx8, cmov, fxsr, ht, mmx, 3dnowpref, sse, sse2, sse3, ssse3, sse4.1, sse4.2, popcnt, lzcnt, tsc, tscinvbit, avx, avx2, aes, erms, clmul, bmi1, bmi2, rtm, adx, fma, vzeroupper, clflush, clflushopt

Memory: 4k page, system-wide physical 8050M (457M free)
TotalPageFile size 16153M (AvailPageFile size 1637M)
current process WorkingSet (physical memory assigned to process): 1651M, peak: 1651M
current process commit charge ("private bytes"): 2023M, peak: 2023M

vm_info: Java HotSpot(TM) 64-Bit Server VM (17.0.12+8-LTS-286) for windows-amd64 JRE (17.0.12+8-LTS-286), built on Jun  5 2024 06:46:59 by "mach5one" with MS VC++ 17.6 (VS2022)

END.
